heave_com_m,pitch_rad,volume_m3,F_b_N,CoB_x_B_m,CoB_y_B_m,CoB_z_B_m
0.0248,-0.3490658503988659,0.010817486340714945,106.11954100241361,0.19257797862550374,1.1837401222072273e-05,0.010703154096025083
0.0238,-0.3490658503988659,0.010763402982753032,105.58898326080725,0.1940222722685258,3.40389985808424e-06,0.010713018585269428
0.0228,-0.3490658503988659,0.010709393243125353,105.05914771505972,0.19542080536505027,6.860521972478889e-07,0.0107406015633724
0.0218,-0.3490658503988659,0.010654932760529945,104.52489038079877,0.1968432925170111,6.71322454281694e-07,0.01076316233092714
0.0208,-0.3490658503988659,0.010599587491377177,103.9819532904101,0.19830749323329958,2.2386497128423175e-06,0.010777055354614852
0.0198,-0.3490658503988659,0.010546858131565756,103.46467827066007,0.19967504214436205,-8.80978955043067e-06,0.010808490078602934
0.0188,-0.3490658503988659,0.01049055163923932,102.91231158093774,0.20117573672234385,3.5001622241892654e-06,0.010818330242688898
0.0178,-0.3490658503988659,0.010436675502790213,102.383786682372,0.20258317281397165,-1.6131337315659221e-06,0.01084418507794796
0.016800000000000002,-0.3490658503988659,0.010380047190510212,101.82826293890518,0.20407292252987086,1.6078689208759627e-06,0.01085810820417743
0.0158,-0.3490658503988659,0.010326236840612266,101.30038340640633,0.20548541689643673,-1.2075724434780688e-06,0.010882752972066853
0.0148,-0.3490658503988659,0.010270277462145838,100.75142190365068,0.20696095071389692,7.1777730062240595e-06,0.010900080721303287
0.013800000000000002,-0.3490658503988659,0.010214448286468362,100.20373769025464,0.20842965648666104,1.254245470960622e-05,0.010917256916546672
0.0128,-0.3490658503988659,0.010161029701425904,99.67970137098811,0.20982653292793546,3.739542150867008e-06,0.01094411402617397
0.011800000000000001,-0.3490658503988659,0.01010564746095777,99.13640159199574,0.21128660908995606,1.815322999105814e-06,0.010964081519410057
0.0108,-0.3490658503988659,0.010049684528761496,98.58740522715028,0.21277195910598304,3.2300648032622885e-06,0.010978837874049074
0.009800000000000001,-0.3490658503988659,0.009994041197242641,98.04154414495031,0.2142595145662232,5.082065966750538e-07,0.01099109708730632
0.0088,-0.3490658503988659,0.009828290591518747,96.41553070279892,0.22421533584570638,7.117830998288925e-07,0.008779511584288538
0.0078000000000000005,-0.3490658503988659,0.009881341005626636,96.93595526519731,0.21726832072133592,1.8630018608991555e-06,0.01101679535383894
0.0068000000000000005,-0.3490658503988659,0.009718452951020026,95.33802344950647,0.22719615293654472,-9.135564584047393e-07,0.008811968842261944
0.0058000000000000005,-0.3490658503988659,0.009661574897949096,94.78004974888064,0.22874580450801565,2.6603146546618224e-07,0.008820241091442832
0.0048000000000000004,-0.3490658503988659,0.009712059434864037,95.27530305601621,0.22189369749158136,2.8078140428390585e-06,0.011030551611173528
0.003800000000000001,-0.3490658503988659,0.009550661666183463,93.69199094525976,0.23175818534244924,3.887292501355509e-06,0.008849632349419947
0.002800000000000001,-0.3490658503988659,0.009598587943667906,94.16214772738216,0.22499708902969026,-1.5656786765676172e-05,0.011032510431428694
0.0018000000000000008,-0.3490658503988659,0.009540904358637008,93.59627175822905,0.22660295515132362,-1.1618634126774575e-05,0.011027151423161366
0.0008000000000000007,-0.3490658503988659,0.009482603295847068,93.02433833225975,0.22823704779116813,-3.979192410808093e-06,0.011012115389105459
-0.00019999999999999928,-0.3490658503988659,0.009424818741342295,92.4574718525679,0.22985259424571822,-2.9402404963757753e-06,0.011003807642279803
-0.0011999999999999992,-0.3490658503988659,0.009368875332331042,91.90866701016752,0.23141853918623845,-1.4774294914728209e-05,0.011000911479263784
-0.0021999999999999993,-0.3490658503988659,0.009216142641391572,90.41035931205133,0.24085959684125963,-4.262771547433284e-06,0.00894346898386568
-0.0031999999999999993,-0.3490658503988659,0.00915856864050011,89.84555836330608,0.24243338742728032,1.1867862905416302e-05,0.008950957874852214
-0.004199999999999999,-0.3490658503988659,0.009192819964202105,90.18156384882265,0.23642577219628266,-1.2775316249026095e-06,0.010946370627721705
-0.005199999999999999,-0.3490658503988659,0.009051484884167212,88.79506671368036,0.2453751844563229,-9.867338138143012e-06,0.00900158465263122
-0.006199999999999999,-0.3490658503988659,0.00899521190864003,88.2430288237587,0.24691994813834894,-1.3410986553321695e-05,0.009012687030013289
-0.007199999999999999,-0.3490658503988659,0.008937981393698105,87.68159747217841,0.24849571199557935,-6.775698690115142e-06,0.009024118016646238
-0.008199999999999999,-0.3490658503988659,0.008959473870721898,87.89243867178182,0.2430910166871408,7.388464201592648e-06,0.010881056955994103
-0.0092,-0.3490658503988659,0.008824549063101773,86.56882630902841,0.25159995159304727,-2.5727695285268064e-07,0.00905411421472152
-0.010199999999999999,-0.3490658503988659,0.008846368586403947,86.78287583262271,0.24635627246063746,-3.7789713700172844e-06,0.010861906316135733
-0.0112,-0.3490658503988659,0.008787993069162798,86.21021200848706,0.24805132555690518,-4.679766183723508e-07,0.010841844781383517
-0.012199999999999999,-0.3490658503988659,0.008728501093683517,85.62659572903532,0.2497728456619337,4.121753736476204e-06,0.010818088211134183
-0.0132,-0.3490658503988659,0.008672196470747169,85.07424737802972,0.251402870440521,-9.812195408034424e-06,0.010807848485860028
-0.014199999999999999,-0.3490658503988659,0.008612127452765917,84.48497031163366,0.25315123070663953,1.7727913792352548e-07,0.010780195119425143
-0.0152,-0.3490658503988659,0.008553256991192438,83.90745108359782,0.254872947706416,1.3291753969087493e-07,0.010756548179208542
-0.0162,-0.3490658503988659,0.00849472525221643,83.33325472424318,0.256587165580284,2.6873752611079046e-06,0.010731573769475478
-0.0172,-0.3490658503988659,0.008438068822078015,82.77745514458535,0.2582327238702368,-1.0832104688325414e-05,0.01072035521653382
-0.0182,-0.3490658503988659,0.008378688109157897,82.19493035083897,0.2599826042122404,-5.386721881065274e-06,0.010690222578445013
-0.0192,-0.3490658503988659,0.008318268840809901,81.60221732834513,0.2617585977626086,3.87151128342803e-06,0.01065896406492152
-0.0202,-0.3490658503988659,0.00825956108200383,81.02629421445756,0.26349370258787286,5.543928986425084e-06,0.01063224424106643
-0.0212,-0.3490658503988659,0.008199344159523099,80.4355662049216,0.26527349279744483,1.3039447780305927e-05,0.010601900477923795
-0.0222,-0.3490658503988659,0.008141287110241575,79.86602655146984,0.2669913595273509,1.1626993792953542e-05,0.010578467385303963
-0.0232,-0.3490658503988659,0.008084340441539637,79.30737973150386,0.2686677259762188,-8.218502397610615e-07,0.010566065793706364
-0.0242,-0.3490658503988659,0.00802294267785572,78.7050676697646,0.2704933832210715,1.6916167938750975e-05,0.010527942630666046
-0.0252,-0.3490658503988659,0.007963090153702387,78.11791440782042,0.27226316058927214,2.1555197516314166e-05,0.010501130667284753
-0.026199999999999998,-0.3490658503988659,0.007904534481235367,77.54348326091896,0.27399234916501214,2.068054330288266e-05,0.010481074849124208
-0.0272,-0.3490658503988659,0.00784557813632598,76.96512151735787,0.2757366964656873,2.27058269299153e-05,0.010458911959896164
-0.0282,-0.3490658503988659,0.00778826046616123,76.40283517304168,0.2774283972877545,8.232600369888627e-06,0.010448695784688003
-0.0292,-0.3490658503988659,0.0077286302759363105,75.81786300693521,0.2791995214269557,1.9764713757106837e-05,0.010424184612154108
-0.030199999999999998,-0.3490658503988659,0.007670533432611955,75.24793297392328,0.2809162999922763,1.6247352228842903e-05,0.010411108839691
-0.0312,-0.3490658503988659,0.007612182389394817,74.67550923996316,0.28264257343576693,1.4371034274536842e-05,0.010397483405501631
-0.0322,-0.3490658503988659,0.007555082640108379,74.11536069946321,0.28431666952931267,3.729475408946934e-06,0.010394554058768185
-0.0332,-0.3490658503988659,0.007495637141395799,73.53220035709279,0.2860702181898691,1.237416906286279e-05,0.010377124244847075
-0.0342,-0.3490658503988659,0.007438386460328045,72.97057117581812,0.28774506084242346,2.9114564583692727e-06,0.010375024167942545
-0.0352,-0.3490658503988659,0.007380454774755143,72.40226134034796,0.2894503430091079,-1.5019402656430946e-07,0.010371434148143024
-0.0362,-0.3490658503988659,0.007321304923828947,71.82200130276198,0.2912013093273582,1.0070845170261742e-05,0.010358075254865748
-0.037200000000000004,-0.3490658503988659,0.007262966069052976,71.2496971374097,0.29291628993853935,1.3357212563908198e-05,0.010354835649126842
-0.038200000000000005,-0.3490658503988659,0.007205409995637766,70.6850720572065,0.2946040743739176,8.013772357480504e-06,0.010358722342747567
-0.039200000000000006,-0.3490658503988659,0.007149978769978201,70.14129173348616,0.29627295300879475,4.7929320970695675e-05,0.010365357997029923
-0.0402,-0.3490658503988659,0.0070932018934672676,69.5843105749139,0.2979452861508115,5.0102564191092475e-05,0.010369907491297209
-0.0412,-0.3490658503988659,0.007032268118039137,68.98655023796394,0.29967226262714086,-5.332439595453639e-06,0.010367339913605486
-0.0422,-0.3490658503988659,0.006975993296600089,68.43449423964688,0.30138563663249157,5.5082431362982435e-05,0.01036933201682154
-0.0432,-0.3490658503988659,0.006918898204604527,67.8743913871704,0.30299130577514216,-6.90287458324163e-06,0.010393512980883993
-0.0442,-0.3490658503988659,0.006858614308668695,67.28300636803989,0.3047785026832999,-1.5755653243182645e-05,0.01038258842626931
-0.045200000000000004,-0.3490658503988659,0.006803555693527345,66.74288135350326,0.30642789838987333,2.6140343542625114e-05,0.010401819586140448
-0.046200000000000005,-0.3490658503988659,0.0067434210652078195,66.15296064968871,0.30818602184294247,7.490846584387618e-06,0.01039791420227515
-0.047200000000000006,-0.3490658503988659,0.0066878680837940815,65.60798590201995,0.3097550883780644,-8.756196914909423e-06,0.010439332609167032
-0.0482,-0.3490658503988659,0.006630835737782899,65.04849858765024,0.3114942714801634,2.2812841286041944e-05,0.010442271815463325
-0.0492,-0.3490658503988659,0.0065730154461497705,64.48128152672925,0.3131605619909035,1.7227335073775078e-05,0.010470012526612268
-0.0502,-0.3490658503988659,0.006512659544140795,63.88919012802121,0.31502750519292244,-1.2291508203429461e-05,0.010434090834388954
-0.0512,-0.3490658503988659,0.006460699919631772,63.37946621158769,0.31662346930463386,3.0378642887776515e-05,0.010470917392429169
-0.0522,-0.3490658503988659,0.0064018000671843805,62.801658659078775,0.3184498012728183,1.1003047322241403e-07,0.01045306098459746
-0.053200000000000004,-0.3490658503988659,0.006340589777059719,62.20118571295585,0.3204370460011441,-3.6764338178638564e-05,0.010388520934472206
-0.054200000000000005,-0.3490658503988659,0.006287839013598756,61.683700723403796,0.3221805499959059,2.7467142758958683e-05,0.0103893868319158
-0.055200000000000006,-0.3490658503988659,0.006217637795915471,60.995026777930775,0.32539475993992856,1.8673896182780698e-05,0.010009441504697944
-0.060200000000000004,-0.3490658503988659,0.005934836909011673,58.22075007740451,0.3338406075913001,1.3707352514008216e-05,0.010114812128174486
-0.06520000000000001,-0.3490658503988659,0.005654136707590381,55.467081101461645,0.3421411126168996,4.702449299088101e-05,0.010333207212296955
-0.0702,-0.3490658503988659,0.0053776646379872445,52.75489009865487,0.3504553601743652,2.621230467066122e-05,0.01053923516343408
-0.0752,-0.3490658503988659,0.005103580173824529,50.06612150521863,0.358785228991108,1.179904899232491e-05,0.010774077184900921
-0.08020000000000001,-0.3490658503988659,0.004830820198053095,47.39034614290086,0.36718732348289396,2.0265371923238738e-05,0.011027836007861003
-0.0852,-0.3490658503988659,0.004561519839299996,44.748509623532954,0.3756065972400961,2.2688127272487603e-05,0.011324956853430601
-0.0902,-0.3490658503988659,0.004293783975614921,42.12202080078237,0.38412115810376496,2.7449999313951953e-05,0.011641878314389065
-0.0952,-0.3490658503988659,0.004030614114312922,39.54032446140977,0.39261626562490465,2.2369559427764613e-05,0.012005161585489824
-0.1002,-0.3490658503988659,0.003770663249595564,36.990206478532485,0.4011634775844038,4.559132079618722e-05,0.012397865505811456
-0.1052,-0.3490658503988659,0.003518208650533905,34.513626861737606,0.40963394824365607,4.040037135701106e-05,0.012837193429290683
-0.1102,-0.3490658503988659,0.0032757810792323322,32.13541238726918,0.41788645554123494,8.262606510350625e-05,0.013360527700104763
-0.1152,-0.3490658503988659,0.0030327375402491195,29.751155269843867,0.4263759823704958,0.00010795099369486722,0.013865233737938715
-0.1202,-0.3490658503988659,0.0028099325442791845,27.565438259378798,0.43422985741258224,3.935322295485969e-05,0.01452676061914282
-0.1252,-0.3490658503988659,0.002588494320318352,25.393129282323034,0.44224250723771164,5.218154470565358e-05,0.01518780419030405
-0.13019999999999998,-0.3490658503988659,0.0023780858567515237,23.329022254732447,0.449979649614131,8.560293753659019e-05,0.01593573057758857
-0.1352,-0.3490658503988659,0.002175348768709449,21.340171421039695,0.45759155561021325,2.4954983745321627e-06,0.016720485816852704
-0.1402,-0.3490658503988659,0.00198371948323943,19.460288130578807,0.46493196318943664,3.5637376296238335e-05,0.01759171596907233
-0.1452,-0.3490658503988659,0.0018024773219545709,17.68230252837434,0.47194458320460025,1.4149450206358192e-05,0.01854550595461968
-0.1502,-0.3490658503988659,0.0016306505716206414,15.996682107598494,0.47869637205594223,1.9600653945664952e-05,0.01958373091813259
-0.15519999999999998,-0.3490658503988659,0.0014656417648137518,14.377945712822907,0.48516393785626444,6.210149408312809e-06,0.020751268298347225
0.0248,-0.33161255787892263,0.010904839289038253,106.97647342546527,0.18988141424220492,5.5879831813491194e-06,0.01081661499571393
0.0238,-0.33161255787892263,0.010848734489475655,106.42608534175618,0.19131266508729075,4.297776181255089e-06,0.010854164588296945
0.0228,-0.33161255787892263,0.010790138836900253,105.85126198999149,0.19290045370588577,4.025482797444194e-06,0.01084950546879751
0.0218,-0.33161255787892263,0.010735137733610988,105.31170116672381,0.19429786549347403,-5.1541431618777105e-06,0.010893892423013418
0.0208,-0.33161255787892263,0.010676544391348611,104.73690047912989,0.19581150430832994,9.536787731686075e-06,0.010918381981615072
0.0198,-0.33161255787892263,0.010619451190858801,104.17681618232484,0.19730957266792767,1.5676944925648905e-06,0.010941179806297649
0.0188,-0.33161255787892263,0.010561460372718203,103.60792625636557,0.19884641118901047,9.26991368920809e-06,0.010954598277497944
0.0178,-0.33161255787892263,0.010504395314252239,103.04811803281447,0.20034976753127903,-3.988012116378566e-06,0.010972616068998499
0.016800000000000002,-0.33161255787892263,0.010447243964584844,102.48746329257733,0.20184351927213656,-5.778254322682722e-06,0.010996750966200515
0.0158,-0.33161255787892263,0.010389789109144126,101.92383116070387,0.20335479465676823,4.46062126965378e-06,0.011021201194742432
0.0148,-0.33161255787892263,0.010333438893283935,101.37103554311541,0.2048032573184816,3.898642383392656e-06,0.011057273814321082
0.013800000000000002,-0.33161255787892263,0.010275834566181634,100.80593709424184,0.20630460987958138,4.123289090295497e-06,0.011083284885571247
0.0128,-0.33161255787892263,0.010217600896633082,100.23466479597053,0.20785097138141728,2.8693343858920963e-06,0.011097887207742047
0.011800000000000001,-0.33161255787892263,0.010159004749679392,99.65983659435484,0.20939155254808117,5.989067598893606e-06,0.011117568422563992
0.0108,-0.33161255787892263,0.010101583883967783,99.09653790172396,0.21087045088642878,3.5145777843553685e-06,0.011151167440798998
0.009800000000000001,-0.33161255787892263,0.01004210411797672,98.51304139735163,0.21245833674557174,6.745637886171472e-06,0.011159533646192848
0.0088,-0.33161255787892263,0.009984635619590189,97.94927542817975,0.21395319036090113,-9.239178606477416e-08,0.011188693344920245
0.0078000000000000005,-0.33161255787892263,0.009925399242477295,97.36816656870228,0.21550597509313243,5.824965765655653e-06,0.011208417035961787
0.0068000000000000005,-0.33161255787892263,0.009868804569767943,96.81297282942353,0.216989258526542,8.685541572482068e-07,0.011239124161867398
0.0058000000000000005,-0.33161255787892263,0.009811502786953908,96.25084234001784,0.21848386861256225,-7.1204104501581445e-06,0.011269539565717177
0.0048000000000000004,-0.33161255787892263,0.009750717376081557,95.65453745936007,0.22008192805775384,3.906440777680519e-07,0.011285477679096184
0.003800000000000001,-0.33161255787892263,0.009691578555531963,95.07438562976857,0.22161699502097462,-4.563725018447209e-06,0.011308513226863201
0.002800000000000001,-0.33161255787892263,0.009633454268296877,94.50418637199236,0.2231437909930986,-6.002670681953857e-06,0.011331920198556417
0.0018000000000000008,-0.33161255787892263,0.009574982732577036,93.93058060658072,0.2246789309599429,-9.10145895013809e-06,0.01135754677650358
0.0008000000000000007,-0.33161255787892263,0.009405147555563874,92.2644975200816,0.2352964430995716,-8.842669366165082e-06,0.009038055984502483
-0.00019999999999999928,-0.33161255787892263,0.00934986785079001,91.72220361624998,0.23681643818494344,-1.9676929061153496e-05,0.009063714685432128
-0.0011999999999999992,-0.33161255787892263,0.00929080513848295,91.14279840851775,0.23842297403764448,-1.6646260961317066e-05,0.0090801309597036
-0.0021999999999999993,-0.33161255787892263,0.009338763390804175,91.61326886378896,0.23101060780646998,-9.730484636008608e-06,0.011424288902312216
-0.0031999999999999993,-0.33161255787892263,0.009167940498905347,89.93749629426146,0.24175431453468382,1.2622398093323662e-05,0.00909544838279229
-0.004199999999999999,-0.33161255787892263,0.009218281125546408,90.43133784161027,0.23430521803211188,3.9420431867537105e-06,0.011435887466605843
-0.005199999999999999,-0.33161255787892263,0.009158074009376196,89.84070603198049,0.23597443298351867,5.649334170702485e-07,0.011438280692020616
-0.006199999999999999,-0.33161255787892263,0.008995254455847541,88.2434462118644,0.24648652978943927,-2.0520774336487938e-06,0.009159861540962433
-0.007199999999999999,-0.33161255787892263,0.009035557793452931,88.63882195377326,0.23938070491716062,1.4653154848585525e-05,0.011432733290248062
-0.008199999999999999,-0.33161255787892263,0.008977304195941583,88.06735416218693,0.2410096777566399,1.5422852285947355e-06,0.011438034886817466
-0.0092,-0.33161255787892263,0.008916574525053279,87.47159609077266,0.24271924712329618,9.630225348155565e-07,0.01143124793743483
-0.010199999999999999,-0.33161255787892263,0.008855174992834882,86.86926667971021,0.24445651013113584,1.405155721091603e-06,0.011423924963104626
-0.0112,-0.33161255787892263,0.008793685143123951,86.26605125404598,0.24620050034202623,5.607310407899469e-06,0.011409548220392612
-0.012199999999999999,-0.33161255787892263,0.008643325100151965,84.79101923249078,0.2561490851189216,-8.897663555714191e-06,0.009274418202752169
-0.0132,-0.33161255787892263,0.008584019966824204,84.20923587454544,0.2577853560077469,-9.365346259289142e-06,0.009291520824846702
-0.014199999999999999,-0.33161255787892263,0.008521661562588405,83.59749992899225,0.25949251096089276,5.8216593380942165e-06,0.009299508061887063
-0.0152,-0.33161255787892263,0.008464142693137904,83.03323981968283,0.2610851844856799,4.9818362543754345e-06,0.00932265257102588
-0.0162,-0.33161255787892263,0.008402377744026015,82.42732566889522,0.26277962224529744,1.5518915120273812e-05,0.009333951062947349
-0.0172,-0.33161255787892263,0.008426203432872117,82.66105567647546,0.25674398174444385,6.661681008413089e-06,0.011329409331457013
-0.0182,-0.33161255787892263,0.00836550393661384,82.06559361818177,0.2585005922457276,1.0851022201291359e-06,0.011316870600726461
-0.0192,-0.33161255787892263,0.008303961049799595,81.46185789853403,0.26029465388368445,9.16525372640324e-06,0.011302482207168812
-0.0202,-0.33161255787892263,0.008243679688553813,80.8704977447129,0.2620512015491475,4.545277282278662e-06,0.01129326849228901
-0.0212,-0.33161255787892263,0.008181340709926177,80.2589523643758,0.2638829467736118,9.196779593170382e-06,0.011271247756954386
-0.0222,-0.33161255787892263,0.008117705911836815,79.63469499511916,0.265739146395931,2.23130409587427e-05,0.011244784571873334
-0.0232,-0.33161255787892263,0.008060901161858055,79.07744039782753,0.2674095728571394,-8.351506136991209e-06,0.011246576757784274
-0.0242,-0.33161255787892263,0.007996722503850905,78.44784776277739,0.2692971757920934,3.704648148402945e-06,0.011217840533589929
-0.0252,-0.33161255787892263,0.007934925037828595,77.84161462109853,0.2711212718781633,2.306257067374292e-06,0.011196827711897006
-0.026199999999999998,-0.33161255787892263,0.00787234163637223,77.22767145281159,0.27297820276692747,5.728921451839268e-06,0.01117100970591288
-0.0272,-0.33161255787892263,0.00780798672372904,76.59634975978189,0.27489799695829115,2.0390051097776607e-05,0.011136081312640364
-0.0282,-0.33161255787892263,0.007749546446753815,76.02305064265492,0.27662763600566725,-4.9905059139736005e-06,0.011131057772109751
-0.0292,-0.33161255787892263,0.007685402066462675,75.39379427199884,0.2785554137215455,9.951446132044576e-06,0.01109520100212752
-0.030199999999999998,-0.33161255787892263,0.007622337490795094,74.77513078469987,0.2804409222311727,1.6222181317202522e-05,0.011065919052771184
-0.0312,-0.33161255787892263,0.007562317187192842,74.18633160636178,0.2822325206049634,1.2924147449132826e-06,0.011052088984822073
-0.0322,-0.33161255787892263,0.007499289722604235,73.56803217874756,0.2841336679863388,6.684393976778638e-06,0.011024232138528711
-0.0332,-0.33161255787892263,0.007436067678603671,72.94782392710201,0.28604711721707154,2.057264652339004e-05,0.010992407090240477
-0.0342,-0.33161255787892263,0.007375550555669836,72.3541509511211,0.2878641819159956,9.175299260637053e-06,0.010978349605574103
-0.0352,-0.33161255787892263,0.007313736209598391,71.74775221616022,0.2897199830735453,8.665515466679646e-06,0.010960370745143846
-0.0362,-0.33161255787892263,0.007251951151586919,71.14164079706768,0.2916045532090861,2.8190714764661137e-05,0.010939330872513628
-0.037200000000000004,-0.33161255787892263,0.007191033872365165,70.54404228790227,0.2934353204022596,3.169786639993014e-05,0.010927592188851351
-0.038200000000000005,-0.33161255787892263,0.007125798203805685,69.90408037933378,0.29533306412381494,-1.4677579847058056e-05,0.010903199669059865
-0.039200000000000006,-0.33161255787892263,0.00706879546529575,69.34488351455131,0.29708555082182553,1.9360054928319354e-05,0.010906955639459856
-0.0402,-0.33161255787892263,0.007005132604696921,68.72035085207679,0.2989738868005194,-5.831823822725113e-06,0.01089026447865074
-0.0412,-0.33161255787892263,0.006944340353105921,68.12397886396909,0.3008625209781158,6.267435622113593e-05,0.010876236608013526
-0.0422,-0.33161255787892263,0.006883094201240273,67.52315411416708,0.30264155946715987,1.4279441679776134e-05,0.010879166669205742
-0.0432,-0.33161255787892263,0.006820055297459944,66.90474246808205,0.3044782508638475,-3.2991562335884e-05,0.010872708489157279
-0.0442,-0.33161255787892263,0.006761904732229422,66.33428542317064,0.30628433464996446,4.998273284108212e-05,0.010879579227158737
-0.045200000000000004,-0.33161255787892263,0.006698302510638024,65.710347629359,0.3081660416195036,1.695644002105784e-05,0.010868842780269394
-0.046200000000000005,-0.33161255787892263,0.006637763845883713,65.11646332811924,0.309921548572818,-3.4346425568318215e-05,0.010881494238991679
-0.047200000000000006,-0.33161255787892263,0.006579548871930678,64.54537443363995,0.31172799403849527,4.6529978681135774e-05,0.010891361216235976
-0.0482,-0.33161255787892263,0.006517355210972642,63.935254619641626,0.31355387069024443,1.2745989527775758e-05,0.0108959238094357
-0.0492,-0.33161255787892263,0.006457000122344847,63.34317120020295,0.3153264111733269,-2.937071398888803e-05,0.010912232729289498
-0.0502,-0.33161255787892263,0.0063974373153919675,62.75886006399521,0.31717034737071975,5.219197722805778e-05,0.01091852559995525
-0.0512,-0.33161255787892263,0.006337587056072246,62.17172902006874,0.3189313276546956,4.83504181076425e-06,0.01093921947514434
-0.0522,-0.33161255787892263,0.006275493164459191,61.56258794334467,0.32075048617524504,-9.810829223056264e-06,0.010957061934617221
-0.053200000000000004,-0.33161255787892263,0.006217659969623791,60.9952443020094,0.3225566750572614,4.367503082282397e-05,0.010967172135094905
-0.054200000000000005,-0.33161255787892263,0.006156910785188179,60.39929480269604,0.3243359994097944,1.4076945942096806e-05,0.010991503910077277
-0.055200000000000006,-0.33161255787892263,0.006094834145834884,59.79032297064021,0.32620268622499987,-1.0315977379261861e-05,0.010994823562148509
-0.060200000000000004,-0.33161255787892263,0.005797073244404986,56.86928852761291,0.3352952310680141,-1.6291355022384704e-05,0.011093075360895335
-0.06520000000000001,-0.33161255787892263,0.005488437905743841,53.84157585534708,0.34621091172503693,3.302715582873133e-05,0.01071056908998376
-0.0702,-0.33161255787892263,0.005200495717450916,51.01686298819349,0.3550438045167861,1.333860729079832e-05,0.010951034748275731
-0.0752,-0.33161255787892263,0.004915333513936905,48.21942177172104,0.3637771330158423,1.0730617985022338e-05,0.011231417063408425
-0.08020000000000001,-0.33161255787892263,0.0046301682194472,45.42195023277703,0.3726148910813171,1.757634667912483e-05,0.011532718904282327
-0.0852,-0.33161255787892263,0.004349751929389781,42.67106642731376,0.3814328167523058,1.2051977179920326e-05,0.011892356159915032
-0.0902,-0.33161255787892263,0.004070581149198593,39.9324010736382,0.3903836371868473,2.2283779394903942e-05,0.012273394471553067
-0.0952,-0.33161255787892263,0.0037968398471007856,37.246998900058706,0.39931964429544986,4.912793390222702e-05,0.012697190957702997
-0.1002,-0.33161255787892263,0.0035334708983425674,34.66334951274059,0.4080545109424018,1.5489836724865813e-05,0.013205541465960119
-0.1052,-0.33161255787892263,0.0032769780971193337,32.147155132740664,0.4167082967997643,8.860708915029353e-05,0.01376070057640974
-0.1102,-0.33161255787892263,0.0030259780210102807,29.684844386110854,0.42537496956769805,6.217836350391558e-05,0.014352726134309324
-0.1152,-0.33161255787892263,0.002783878568071845,27.3098487527848,0.43385838536340215,-1.0292897108049567e-05,0.015006926479551319
-0.1202,-0.33161255787892263,0.0025575413252661985,25.089480400861408,0.441924779523837,3.5539397426202516e-05,0.01579448678563039
-0.1252,-0.33161255787892263,0.0023343798158578124,22.900265993565142,0.450117734449463,6.056047414350424e-05,0.01657645731425661
-0.13019999999999998,-0.33161255787892263,0.002129818355471386,20.893518067174302,0.45767839693091145,1.4908407576972191e-05,0.017505573633036203
-0.1352,-0.33161255787892263,0.0019327330718991492,18.960111435330656,0.4651221113632356,2.227971042460002e-05,0.01848475924295412
-0.1402,-0.33161255787892263,0.0017458296767085706,17.12658912851108,0.47224590896696705,-4.940398708376098e-06,0.019555132082338417
-0.1452,-0.33161255787892263,0.001568194675035069,15.383989762094028,0.4791204280032224,3.181020372063969e-05,0.020718970366577605
-0.1502,-0.33161255787892263,0.0014016110832814638,13.749804726991162,0.4853795724441693,-7.5929215433362675e-06,0.02207827888333444
-0.15519999999999998,-0.33161255787892263,0.0012407853618247263,12.172104399500567,0.4913806228629853,1.4899429606311548e-05,0.023593847657601835
0.0248,-0.3141592653589793,0.011000962903481024,107.91944608314886,0.18689363981276047,2.610478815731064e-06,0.010941540311602105
0.0238,-0.3141592653589793,0.010940645823454399,107.32773552808767,0.18846137490293824,5.713051270645233e-06,0.010965006391919344
0.0228,-0.3141592653589793,0.010879789230895375,106.73073235508363,0.19004871112119803,7.901656228697004e-06,0.010987466277248503
0.0218,-0.3141592653589793,0.01082160105657955,106.1599063650454,0.19155803551387485,1.3450483390208761e-06,0.011018387250908701
0.0208,-0.3141592653589793,0.010761702168662375,105.57229827457792,0.19311598483640638,-1.5491494376022332e-06,0.011045587837816596
0.0198,-0.3141592653589793,0.010701962882534295,104.98625587766143,0.19466760369570157,-6.947156200998591e-07,0.011072192371226197
0.0188,-0.3141592653589793,0.010642494914336456,104.40287510964065,0.19621131316281548,-4.197705591390468e-06,0.011100756767963765
0.0178,-0.3141592653589793,0.010580711889063354,103.7967836317115,0.19783476078423526,2.8239750731142098e-06,0.011121476136693877
0.016800000000000002,-0.3141592653589793,0.01052041013886916,103.20522346230646,0.19945092746616802,-2.2978338574243476e-06,0.011130178337979184
0.0158,-0.3141592653589793,0.010461202642787808,102.62439792574841,0.20095670257770046,3.032202908671407e-06,0.01117413788378415
0.0148,-0.3141592653589793,0.010400251920132806,102.02647133650284,0.20254215908754936,7.442551717847009e-06,0.011198530245315003
0.013800000000000002,-0.3141592653589793,0.010339731019334367,101.43276129967015,0.20411495384346867,7.165715987907676e-06,0.011227991211491949
0.0128,-0.3141592653589793,0.010279413097752939,100.84104248895633,0.20565484674348658,1.0523989825883805e-05,0.011268314390832743
0.011800000000000001,-0.3141592653589793,0.01021688346886134,100.22762682952975,0.20733978312470563,1.0347121864038796e-05,0.011269712139231114
0.0108,-0.3141592653589793,0.010156766373990968,99.6378781288514,0.20889243175816588,4.300730173230556e-06,0.011304068778597659
0.009800000000000001,-0.3141592653589793,0.010094998938049712,99.03193958226767,0.21049696015960112,9.339025701629303e-06,0.011329633924824348
0.0088,-0.3141592653589793,0.010036920870078953,98.46219373547454,0.21198026155313676,-7.937785232082975e-06,0.01137460077362401
0.0078000000000000005,-0.3141592653589793,0.009975513796931896,97.8597903479019,0.21358653166066194,-4.701242467452674e-07,0.011401192879091325
0.0068000000000000005,-0.3141592653589793,0.009913612743576238,97.2525410144829,0.21520230097097334,2.6318916687195274e-06,0.0114273668926404
0.0058000000000000005,-0.3141592653589793,0.009851441957058098,96.64264559873995,0.2168264463529035,-2.2422196767231693e-06,0.011450902238352725
0.0048000000000000004,-0.3141592653589793,0.009788244817001045,96.02268165478026,0.21849308443149462,-3.2730483415867996e-06,0.01146226576095044
0.003800000000000001,-0.3141592653589793,0.009728580201529878,95.43737177700811,0.22001898609303103,-9.367599937331142e-06,0.011505709267527933
0.002800000000000001,-0.3141592653589793,0.009667926103101968,94.8423550714303,0.2215895733319507,-1.2991974342096024e-05,0.011541704283939594
0.0018000000000000008,-0.3141592653589793,0.00960629707004259,94.2377742571178,0.2232032883276091,-1.3947986177279596e-05,0.011569172849405215
0.0008000000000000007,-0.3141592653589793,0.009542063590466407,93.60764382247545,0.2249284997590767,-2.4133664074761234e-06,0.01157636199160958
-0.00019999999999999928,-0.3141592653589793,0.009481740327611078,93.01587261386469,0.2264795724613948,-7.36528732456613e-06,0.011620295212441442
-0.0011999999999999992,-0.3141592653589793,0.009420476582722846,92.41487527651113,0.22810239054253073,-1.149227138002071e-05,0.011643015320130526
-0.0021999999999999993,-0.3141592653589793,0.00935890659435294,91.81087369060234,0.22971273487666935,-1.2578022436759611e-05,0.01167456487287745
-0.0031999999999999993,-0.3141592653589793,0.00929479640805312,91.1819527630011,0.2314077440190078,2.042002421016495e-06,0.011694424682824736
-0.004199999999999999,-0.3141592653589793,0.009234294341510246,90.58842749021552,0.23298322131654406,-8.042000996282873e-06,0.011731340783641922
-0.005199999999999999,-0.3141592653589793,0.00917122538606602,89.96972103730766,0.23464320376903242,-1.3258551363830558e-06,0.011755719220133354
-0.006199999999999999,-0.3141592653589793,0.009109888322620401,89.36800444490613,0.2362551958581633,-6.412399948074282e-06,0.0117883789111244
-0.007199999999999999,-0.3141592653589793,0.009047416035794729,88.75515131114629,0.23790258955849444,-4.873446005464138e-06,0.011816052607231314
-0.008199999999999999,-0.3141592653589793,0.00887491449727154,87.06291121823381,0.2492844973558381,-6.471768412100475e-06,0.009372691393564309
-0.0092,-0.3141592653589793,0.008813037902367241,86.45590182222264,0.2509829901177961,-8.536610473312371e-06,0.009391789409610427
-0.010199999999999999,-0.3141592653589793,0.008747231952089268,85.81034544999572,0.25277076527856407,8.872177322079689e-06,0.00939949213403049
-0.0112,-0.3141592653589793,0.008686517235891273,85.2147340840934,0.254433273719323,5.130492594712104e-06,0.009427501508374417
-0.012199999999999999,-0.3141592653589793,0.008733933820015024,85.67989077434738,0.24630544339924307,-5.579044869772615e-06,0.011925386914599809
-0.0132,-0.3141592653589793,0.008670210576176006,85.05476575228661,0.2480401564584832,-3.2764036990807032e-06,0.011940566495848057
-0.014199999999999999,-0.3141592653589793,0.008605219986212822,84.41720806474778,0.2498444330100964,6.983649916498254e-06,0.011941070485142813
-0.0152,-0.3141592653589793,0.00843810637539311,82.77782354260641,0.26127112368786753,1.9777034547562346e-06,0.009510597113815938
-0.0162,-0.3141592653589793,0.00837743176029195,82.18260556846403,0.26293885292769226,6.768021987095484e-06,0.009540430978082756
-0.0172,-0.3141592653589793,0.008414024526982143,82.54158060969482,0.2551717579625777,9.099985783435999e-06,0.011958965676126393
-0.0182,-0.3141592653589793,0.008349293122228988,81.90656552906637,0.2570085788356537,1.4722843187276877e-05,0.011954230646917668
-0.0192,-0.3141592653589793,0.008283608344150553,81.26219785611693,0.2588730467353917,2.2662428214909072e-05,0.011946307916363266
-0.0202,-0.3141592653589793,0.00822073597594295,80.64541992400034,0.26065305728525323,9.123808909403355e-06,0.011947689252053736
-0.0212,-0.3141592653589793,0.00806556428728048,79.12318565822152,0.271562314852414,-3.5624665299843876e-06,0.009653683313392378
-0.0222,-0.3141592653589793,0.008089213348500955,79.35518294879438,0.2644299694267422,2.23366556493221e-05,0.011923443124572441
-0.0232,-0.3141592653589793,0.008023842890917352,78.71389875989924,0.2663239562831851,2.4074656848487968e-05,0.011913074313975078
-0.0242,-0.3141592653589793,0.007960026130869047,78.08785634382535,0.26818084027748257,1.6463751862092918e-05,0.011906770444140277
-0.0252,-0.3141592653589793,0.007895019686975216,77.45014312922687,0.2700664178912223,1.6714610250836527e-05,0.011895852608704127
-0.026199999999999998,-0.3141592653589793,0.0077505857390759774,76.03324610033535,0.28031831639699706,3.880824831977893e-06,0.009767681691942948
-0.0272,-0.3141592653589793,0.007766102274790028,76.18546331569019,0.2738246231574993,3.3872751471058307e-06,0.011878343202905692
-0.0282,-0.3141592653589793,0.0077015540815594495,75.5522455400982,0.27571492155209176,-3.7178617827679663e-06,0.011867399705639908
-0.0292,-0.3141592653589793,0.007635925696647169,74.90843108410873,0.2776649626725414,9.970251211644114e-06,0.011851213660655266
-0.030199999999999998,-0.3141592653589793,0.007571507683070574,74.27649037092233,0.27957825526015756,6.584354511141452e-06,0.011841272425293758
-0.0312,-0.3141592653589793,0.0075047217494969625,73.6213203625652,0.28157206697765036,1.9676594892935686e-05,0.011815826117888603
-0.0322,-0.3141592653589793,0.00744075047929217,72.99376220185619,0.2834769550892463,1.186689977302842e-05,0.011805850098103018
-0.0332,-0.3141592653589793,0.00737685455905301,72.36694322431003,0.2853732657166612,-3.216796046967263e-06,0.011801200119670383
-0.0342,-0.3141592653589793,0.007310711146285566,71.7180763450614,0.28737666604435436,2.44102006043804e-05,0.011774287313216447
-0.0352,-0.3141592653589793,0.00724268046970239,71.05069540778045,0.28936878728541865,-1.88200632041855e-05,0.01174935319659258
-0.0362,-0.3141592653589793,0.007178374543410038,70.41985427085247,0.2913667274838722,2.4634346167806356e-05,0.011727292917217427
-0.037200000000000004,-0.3141592653589793,0.007110554973985273,69.75454429479554,0.2933700830329771,-1.918292893517558e-05,0.011701772198822388
-0.038200000000000005,-0.3141592653589793,0.0070504690834206855,69.16510170835693,0.2952655507486087,2.5283255077790116e-05,0.011698075984599335
-0.039200000000000006,-0.3141592653589793,0.006982617351881133,68.49947622195391,0.29730267482316824,-1.4807276528220722e-06,0.01167033747977271
-0.0402,-0.3141592653589793,0.006916858027557273,67.85437725033685,0.29930574755759326,-3.45570448635769e-06,0.011649646026268529
-0.0412,-0.3141592653589793,0.006851669636389415,67.21487913298016,0.3013248367244853,1.4751080141557002e-05,0.011627811831318391
-0.0422,-0.3141592653589793,0.006785067504253592,66.56151221672773,0.30335270819802607,-6.036920455701389e-07,0.011604358287892705
-0.0432,-0.3141592653589793,0.006723066264747854,65.95328005717644,0.305274210714443,1.6286740747275225e-05,0.011598576594305812
-0.0442,-0.3141592653589793,0.006655225496283926,65.28776211854532,0.3073568125536348,2.1735533320240947e-05,0.011571707935440989
-0.045200000000000004,-0.3141592653589793,0.006589159656621154,64.63965623145353,0.309375083772557,3.5038654491184922e-06,0.01155557836368086
-0.046200000000000005,-0.3141592653589793,0.006529229309019864,64.05173952148486,0.311231841044137,1.4193118287244013e-05,0.011566828471707258
-0.047200000000000006,-0.3141592653589793,0.0064618668867823656,63.39091415933501,0.3132938241005865,1.2260101840017113e-05,0.01154840191680341
-0.0482,-0.3141592653589793,0.006397210606468053,62.7566360494516,0.3152404660060911,-2.1668508675940464e-05,0.011547331675346148
-0.0492,-0.3141592653589793,0.0063348237208393846,62.14462070143437,0.31719921899295567,3.820299177278251e-05,0.011546209052938475
-0.0502,-0.3141592653589793,0.006269313884884109,61.50196921071311,0.3191873815643185,1.010110002497182e-05,0.01154305455407735
-0.0512,-0.3141592653589793,0.006202794571888605,60.84941475022722,0.3212167610422953,1.151645581107861e-05,0.01153626882904947
-0.0522,-0.3141592653589793,0.006139465702378127,60.22815854032943,0.3231557642110964,2.5106919046075455e-05,0.011547355692067204
-0.053200000000000004,-0.3141592653589793,0.006076098916543833,59.60653037129501,0.3250822909052375,2.394663572096983e-05,0.011559897838256464
-0.054200000000000005,-0.3141592653589793,0.006013142393511214,58.98892688034501,0.3269770728590252,3.675335792743609e-06,0.01158108209082255
-0.055200000000000006,-0.3141592653589793,0.00594978200255174,58.36736144503257,0.3289285771321619,3.8247433205607476e-05,0.011594578082394807
-0.060200000000000004,-0.3141592653589793,0.005636070380738813,55.28985043504776,0.33848221303172893,2.919642214904865e-05,0.011724763022947088
-0.06520000000000001,-0.3141592653589793,0.005324007779594075,52.22851631781787,0.3479690258463546,1.4623053554425384e-05,0.011907323199254402
-0.0702,-0.3141592653589793,0.00501897779862223,49.23617220448408,0.35762372106915086,8.26839019596062e-06,0.012082831560083884
-0.0752,-0.3141592653589793,0.00472145377021914,46.31746148584976,0.3668426106061488,2.68414042461991e-05,0.012454702748519189
-0.08020000000000001,-0.3141592653589793,0.0044085944798014165,43.2483118468519,0.37847200870996156,2.832085701853443e-05,0.012179180053401184
-0.0852,-0.3141592653589793,0.00411355429366491,40.35396762085277,0.3879117490289569,4.1656488491904197e-05,0.01256621041846552
-0.0902,-0.3141592653589793,0.003825768154623429,37.530785596855836,0.39720042059695854,3.536830971419209e-05,0.013043002027720352
-0.0952,-0.3141592653589793,0.003546992991171554,34.79600124339294,0.4063479444300863,1.5145499890899618e-05,0.013596966693803975
-0.1002,-0.3141592653589793,0.003276431428734085,32.141792315881375,0.41538669431047326,8.041978030039762e-05,0.014214567428834063
-0.1052,-0.3141592653589793,0.00301382186395964,29.565592485444068,0.424362496328641,4.141109126186339e-05,0.014880271733870423
-0.1102,-0.3141592653589793,0.0027613742980166296,27.08908186354314,0.43310380046420477,-1.6193329802705425e-05,0.015624107771140844
-0.1152,-0.3141592653589793,0.0025185641547092793,24.707114357698032,0.4417323079747575,3.4789228544739274e-05,0.016426347472234232
-0.1202,-0.3141592653589793,0.0022940912198522513,22.505034866750588,0.4498113827816153,4.6712105779813825e-05,0.017382845441605316
-0.1252,-0.3141592653589793,0.002078154198387475,20.38669268618113,0.45770933668157465,3.227697212955529e-05,0.018384733069894327
-0.13019999999999998,-0.3141592653589793,0.0018750525351874728,18.394265370189107,0.4652853759416867,1.8647648057048173e-05,0.019475740163362093
-0.1352,-0.3141592653589793,0.0016827328020340621,16.50760878795415,0.47246879301611694,2.6675258256417328e-05,0.020688354879196708
-0.1402,-0.3141592653589793,0.0015021385881807204,14.735979550052868,0.4791719545085254,1.8982598249596684e-07,0.022054266892679364
-0.1452,-0.3141592653589793,0.001329294572934215,13.04037976048465,0.48549561921273726,1.2144079063164406e-05,0.023598072000860892
-0.1502,-0.3141592653589793,0.001166302932734832,11.441431770128702,0.4911448813337588,1.6839720373458743e-05,0.02539547457784741
-0.15519999999999998,-0.3141592653589793,0.0010128339919173125,9.935901460708836,0.4959624042632671,1.613947325291074e-05,0.02753920957476244
0.0248,-0.29670597283903605,0.011104859386157347,108.93867057820358,0.1836785080513719,5.50998324253781e-06,0.011056325211170046
0.0238,-0.29670597283903605,0.011042613656391777,108.32803996920335,0.185292683437031,3.4505041540030903e-06,0.011085368750661052
0.0228,-0.29670597283903605,0.010981828649501105,107.73173905160586,0.18686003803000437,-9.659655177171647e-06,0.011122697177929117
0.0218,-0.29670597283903605,0.010917513379914466,107.10080625696091,0.18852937606937736,-3.5130010237098103e-07,0.011146456319492612
0.0208,-0.29670597283903605,0.010852772491748963,106.46569814405733,0.19021121673668148,7.580700909259949e-06,0.011169498539776154
0.0198,-0.29670597283903605,0.010792899213879926,105.87834128816208,0.1917610740472216,-3.966634702110854e-06,0.011209537957418463
0.0188,-0.29670597283903605,0.010729267775838856,105.25411688097918,0.1934039258551436,-6.320449574115391e-06,0.011240049309174847
0.0178,-0.29670597283903605,0.010664467984229417,104.61843092529058,0.19508124082365064,-3.3083022932343684e-06,0.011265345673496838
0.016800000000000002,-0.29670597283903605,0.010602633632834563,104.01183593810707,0.19669522483417223,-9.446045634251666e-07,0.011298406115885992
0.0158,-0.29670597283903605,0.010540618726534957,103.40346970730793,0.1982913630530306,-5.941062358332425e-06,0.01133512055163352
0.0148,-0.29670597283903605,0.010474718525504034,102.75698873519458,0.200007231695142,6.6211251312077075e-06,0.011356837771857572
0.013800000000000002,-0.29670597283903605,0.010410409891918984,102.12612103972525,0.20168047977270825,1.2388896937040786e-05,0.011383901402693491
0.0128,-0.29670597283903605,0.010347276466539206,101.50678213674962,0.2033145870786637,3.1066232638214075e-06,0.01141830175324609
0.011800000000000001,-0.29670597283903605,0.010282816182970245,100.87442675493811,0.20498200216424145,7.538174170691529e-06,0.011447079065129408
0.0108,-0.29670597283903605,0.010219703064153113,100.25528705934205,0.20660636428843576,-2.6713128216981847e-06,0.011484736440726374
0.009800000000000001,-0.29670597283903605,0.01015694971354805,99.63967668990638,0.20822469744594452,-8.289468453704645e-06,0.011519149270489408
0.0088,-0.29670597283903605,0.010091805053716034,99.0006075769543,0.20992997908394184,-3.97443086947134e-06,0.011547035947204777
0.0078000000000000005,-0.29670597283903605,0.010025976564098997,98.35483009381116,0.2116391611448435,3.2281564196013776e-06,0.011574940711817465
0.0068000000000000005,-0.29670597283903605,0.009961731274405456,97.72458380191753,0.21326508768674993,2.9257250512962834e-06,0.011617964976021349
0.0058000000000000005,-0.29670597283903605,0.009895174580654809,97.07166263622368,0.21503311174904563,-3.2403579476678253e-06,0.011625355332910904
0.0048000000000000004,-0.29670597283903605,0.009832743756548846,96.45921625174418,0.2166108522278104,-1.0660474527433753e-05,0.011678630618168387
0.003800000000000001,-0.29670597283903605,0.00976612960319139,95.80573140730753,0.21841189971158756,-9.05400691368381e-06,0.011682201053992577
0.002800000000000001,-0.29670597283903605,0.009700714145439644,95.16400576676291,0.22007948340795735,4.0167151786620413e-07,0.011724303643744861
0.0018000000000000008,-0.29670597283903605,0.009638435836370503,94.55305555479464,0.22165883137189682,-7.4152830157190334e-06,0.011777257013495926
0.0008000000000000007,-0.29670597283903605,0.009573157968536318,93.91267967134128,0.22337521889893466,-9.163820239576012e-06,0.011805218501178348
-0.00019999999999999928,-0.29670597283903605,0.009507337162295666,93.26697756212049,0.22512493186838398,-8.758842382919006e-06,0.011824072386002665
-0.0011999999999999992,-0.29670597283903605,0.009442024859503795,92.62626387173222,0.22684542260210022,-7.322734477675682e-06,0.011850611918454816
-0.0021999999999999993,-0.29670597283903605,0.009376569717362827,91.98414892732933,0.22854118467408274,-4.071953003481176e-06,0.01188721135136242
-0.0031999999999999993,-0.29670597283903605,0.00931254486943255,91.35606516913332,0.23018467002002246,-1.0313990659488945e-05,0.011931110880511811
-0.004199999999999999,-0.29670597283903605,0.009247881119961459,90.72171378682192,0.2318528345531063,-1.3094179451856668e-05,0.011974727864575457
-0.005199999999999999,-0.29670597283903605,0.009179923165130725,90.0550462499324,0.23366083657274336,2.684301926992733e-06,0.011991099031731914
-0.006199999999999999,-0.29670597283903605,0.00911501754327664,89.41832209954384,0.2353720744754972,-4.3715199231397765e-06,0.012022294508995238
-0.007199999999999999,-0.29670597283903605,0.009049852188323227,88.77904996745086,0.23706932343263695,-8.928769920490692e-06,0.012059921407060623
-0.008199999999999999,-0.29670597283903605,0.008981927986894032,88.11271355143046,0.2388638114967203,4.602044442030723e-06,0.012082724201800413
-0.0092,-0.29670597283903605,0.008918669024315953,87.49214312853951,0.24046601672328527,-3.5794696202747153e-06,0.012139538581796366
-0.010199999999999999,-0.29670597283903605,0.00885380792014258,86.85585569659872,0.24216221456306497,-1.2723651348470741e-05,0.012178888894012266
-0.0112,-0.29670597283903605,0.008786069583769119,86.19134261677505,0.24394654835744883,-4.126163219744216e-07,0.012205381793996689
-0.012199999999999999,-0.29670597283903605,0.008719512316491039,85.5384158247771,0.24570165860750626,6.726022395591862e-06,0.0122348877466405
-0.0132,-0.29670597283903605,0.008653897357169846,84.89473307383619,0.24741296028578486,2.639614845957709e-06,0.012276527372479043
-0.014199999999999999,-0.29670597283903605,0.008588889645119415,84.25700741862147,0.24911524531234047,-2.7913928212058693e-07,0.012314504783037472
-0.0152,-0.29670597283903605,0.00852164162932917,83.59730438371918,0.25088741033806927,7.3989948564368104e-06,0.012348036747121219
-0.0162,-0.29670597283903605,0.008454931560973334,82.94287861314841,0.2526387819292592,1.2104749221165708e-05,0.012384976592064126
-0.0172,-0.29670597283903605,0.008276814882228294,81.19555399465956,0.265061947528928,1.133185343833278e-05,0.009773331292643267
-0.0182,-0.29670597283903605,0.008322830981483854,81.6469719283566,0.25610589076616586,7.95339358590931e-07,0.012459994189306503
-0.0192,-0.29670597283903605,0.008144773989601433,79.90023283799006,0.2686888487349841,8.141658364294114e-06,0.009827126876061673
-0.0202,-0.29670597283903605,0.008081642867510536,79.28091653027835,0.2704364663538515,-1.2814686703418076e-06,0.009863602336186869
-0.0212,-0.29670597283903605,0.008121276732759796,79.6697247483736,0.26153392239522144,9.560580708471154e-06,0.012543246529292937
-0.0222,-0.29670597283903605,0.008053481150972874,79.0046500910439,0.2633996756978061,1.1878272846388392e-05,0.012560448189240875
-0.0232,-0.29670597283903605,0.007985816858362537,78.34086338053649,0.26527845444772863,1.4075952522473812e-05,0.012577954478998857
-0.0242,-0.29670597283903605,0.007919637202914357,77.69164096058985,0.26709640897006925,2.0533913198014576e-06,0.012601219220700233
-0.0252,-0.29670597283903605,0.007747080064141034,75.99885542922354,0.27969943436537537,2.1377494082786717e-05,0.009984829670933532
-0.026199999999999998,-0.29670597283903605,0.007680893862852479,75.34956879458282,0.28154363219972844,9.23644421232604e-06,0.010014918211480497
-0.0272,-0.29670597283903605,0.007714720012343522,75.68140332108995,0.2728793040454181,5.923880950390514e-06,0.01263017514878742
-0.0282,-0.29670597283903605,0.007645328438114357,75.00067197790185,0.2748645607304001,1.3989386990990713e-05,0.012630145171848864
-0.0292,-0.29670597283903605,0.007577991111338489,74.34009280223057,0.27679498578230066,5.560987012412154e-06,0.012633904869294998
-0.030199999999999998,-0.29670597283903605,0.00750653963808213,73.6391538495857,0.27886223889407435,8.79957957161716e-06,0.01261900701340439
-0.0312,-0.29670597283903605,0.007352049281672658,72.12360345320877,0.29075151656486875,-7.206945465557711e-06,0.01017283272670158
-0.0322,-0.29670597283903605,0.0073730564570553105,72.3296838437126,0.28278881504602793,4.33457903831858e-05,0.012628464697843914
-0.0332,-0.29670597283903605,0.007218151807156467,70.81006922820494,0.2945000235914725,-4.085480344779036e-06,0.01023276628786278
-0.0342,-0.29670597283903605,0.007152205461419614,70.16313557652641,0.2963867555381787,1.2965445752140665e-05,0.01026237498080268
-0.0352,-0.29670597283903605,0.007166109885513943,70.29953797689178,0.2888478494664042,2.932407093136558e-06,0.012616002206788018
-0.0362,-0.29670597283903605,0.007015331349238656,68.82040053603122,0.30018352070342946,-2.7571667657437197e-05,0.010319937685553351
-0.037200000000000004,-0.29670597283903605,0.007027345063131974,68.93825506932467,0.2930143824624846,4.223205125532081e-05,0.012591247356887533
-0.038200000000000005,-0.29670597283903605,0.006957196433836372,68.25009701593481,0.29508089408690813,6.865971336995404e-06,0.012582573683541279
-0.039200000000000006,-0.29670597283903605,0.00688876266644812,67.57876175785607,0.2971011564777727,-3.4702906410048466e-05,0.012586436652145969
-0.0402,-0.29670597283903605,0.0068204380990810115,66.90849775198473,0.2992201629248786,2.88952737058066e-05,0.012576505072095526
-0.0412,-0.29670597283903605,0.006752234373209661,66.23941920118678,0.3012691398604475,-3.5927247922623075e-06,0.012570877635718472
-0.0422,-0.29670597283903605,0.006684706057068282,65.57696641983985,0.303341019318138,-5.812024423418844e-07,0.01256401043441667
-0.0432,-0.29670597283903605,0.006614423880430111,64.8874982670194,0.3055057990590034,1.8356566929627862e-05,0.01254405900670423
-0.0442,-0.29670597283903605,0.006545597740770248,64.21231383695614,0.30758599470116593,-1.703680276680873e-05,0.012538515464558406
-0.045200000000000004,-0.29670597283903605,0.006478013634191699,63.54931375142057,0.30972753344845266,3.633478592286595e-05,0.012525811415592933
-0.046200000000000005,-0.29670597283903605,0.0064084866257666006,62.86725379877035,0.3118563964909765,1.4478949308908855e-06,0.012511251022398306
-0.047200000000000006,-0.29670597283903605,0.0063407497086647256,62.20275464200096,0.31397379450700497,2.5169981713440208e-06,0.012502416643873637
-0.0482,-0.29670597283903605,0.006268994632197481,61.498837341857296,0.31621781746034744,1.8100689173840476e-05,0.012473713544103773
-0.0492,-0.29670597283903605,0.006201620062114563,60.83789280934387,0.31834873060694485,4.632766945673853e-05,0.012466664158911261
-0.0502,-0.29670597283903605,0.0061318930405391435,60.153870727689,0.3204848076403566,-2.4953308372413843e-05,0.012456044944083047
-0.0512,-0.29670597283903605,0.006063162429041846,59.47962342890051,0.3226763622851157,1.0049772673663182e-05,0.01244187594062883
-0.0522,-0.29670597283903605,0.005994542477571833,58.80646170497968,0.3248425749056464,2.126016727451024e-05,0.012435061048784682
-0.053200000000000004,-0.29670597283903605,0.005927182402782345,58.14565937129481,0.3269716285416795,1.1300688143485193e-05,0.012431810414210237
-0.054200000000000005,-0.29670597283903605,0.005857954705997514,57.466535665835615,0.32912759847712125,-1.0135263491344929e-05,0.012427901008246561
-0.055200000000000006,-0.29670597283903605,0.005790647274071504,56.80624975864146,0.3312542502256141,1.9557972068359474e-05,0.012432370689005934
-0.060200000000000004,-0.29670597283903605,0.005455396842790854,53.517443027778285,0.34175165387761247,3.0650186183391447e-06,0.01250507616909588
-0.06520000000000001,-0.29670597283903605,0.005126687556571871,50.29280492997005,0.35194912324106986,1.1004681665231267e-05,0.012687031506188232
-0.0702,-0.29670597283903605,0.004804980961409374,47.13686323142596,0.36195213162113526,2.5116539803100678e-05,0.012956816697268558
-0.0752,-0.29670597283903605,0.004486852573986872,44.016023750811215,0.3719510589910312,2.9182415659094833e-05,0.013285778208119187
-0.08020000000000001,-0.29670597283903605,0.004170671339683959,40.914285842299634,0.38283593806186944,2.4895185178183407e-05,0.0134593820634097
-0.0852,-0.29670597283903605,0.0038544115391453892,37.81177719901627,0.3950759809136261,1.210005679190256e-07,0.01333303259801212
-0.0902,-0.29670597283903605,0.00355635730499742,34.88786516202469,0.4045933563266942,5.858337622781959e-05,0.013993052186551128
-0.0952,-0.29670597283903605,0.0032710056838448206,32.08856575851769,0.4140494332712584,4.794160990300765e-05,0.014672669060635052
-0.1002,-0.29670597283903605,0.0029974936210654707,29.40541242265227,0.4232575087961192,4.693209122057382e-05,0.015445854713113563
-0.1052,-0.29670597283903605,0.0027312215125870915,26.79328303847937,0.43237473126064524,2.7320492509386687e-05,0.01627479821909035
-0.1102,-0.29670597283903605,0.0024804035174884175,24.332758506561376,0.44112416623857525,3.0000825078083906e-05,0.01722106978141938
-0.1152,-0.29670597283903605,0.0022432276123376,22.006062877031855,0.4495370157341893,4.8442168345999e-05,0.018257639197405556
-0.1202,-0.29670597283903605,0.002022878911178758,19.84444211866362,0.4574797544952736,2.4220780977374142e-05,0.01939148949104169
-0.1252,-0.29670597283903605,0.0018119454395915295,17.775184762392907,0.4651884683935833,1.9244342273942577e-05,0.02061216332491897
-0.13019999999999998,-0.29670597283903605,0.0016159199518566865,15.852174727714095,0.4723245502980768,3.999999650375077e-07,0.02200614589651534
-0.1352,-0.29670597283903605,0.001427940480820922,14.008096116853247,0.47906255018408433,1.7090800532555983e-05,0.023575388426582355
-0.1402,-0.29670597283903605,0.001252431509626974,12.286353109440613,0.48505601361354483,5.4483099510439e-06,0.025401198961598564
-0.1452,-0.29670597283903605,0.0010871674871676792,10.665113049114934,0.49019089844044333,-9.247187480311012e-06,0.027568750832129313
-0.1502,-0.29670597283903605,0.0009311663587936951,9.134741979766149,0.4942688464569441,-1.3115959954063994e-05,0.030167548749210543
-0.15519999999999998,-0.29670597283903605,0.0007868991878736975,7.719481033040973,0.4968872933854438,-4.723569416204341e-06,0.03332592413079852
0.0248,-0.2792526803190927,0.011221335814166702,110.08130433697535,0.18008941872849193,6.908153056903049e-07,0.011174564905741598
0.0238,-0.2792526803190927,0.011156414427103042,109.44442552988086,0.1817600711690098,-5.609942612106415e-06,0.011210787263288877
0.0228,-0.2792526803190927,0.011089604733050509,108.78902243122549,0.18348776998585672,-1.3920889616634625e-06,0.011239761499987788
0.0218,-0.2792526803190927,0.011023732890304823,108.14281965389031,0.18517378602740023,-2.8354322185593414e-06,0.011276934815757658
0.0208,-0.2792526803190927,0.010956440323181089,107.48267957040649,0.18691697943950872,2.6094800343056814e-06,0.011306566211814757
0.0198,-0.2792526803190927,0.01089023456622596,106.83320109467667,0.1886238874589515,3.6729159421684944e-06,0.01134146738426093
0.0188,-0.2792526803190927,0.010824967280552714,106.19292902222213,0.19030057958261337,-1.0476095295184268e-05,0.011377897908843304
0.0178,-0.2792526803190927,0.010756981011284365,105.52598372069963,0.19205189459132185,-2.0169271836252096e-06,0.011408538215336272
0.016800000000000002,-0.2792526803190927,0.010691227234537836,104.88093917081618,0.1937617855580257,8.957650548159271e-07,0.011445402134737478
0.0158,-0.2792526803190927,0.010624247803407282,104.22387095142543,0.19548618895429823,2.840490543464278e-06,0.011479139112891085
0.0148,-0.2792526803190927,0.010556565502423636,103.55990757877588,0.1972329204265753,7.02529965579329e-06,0.011512065556603668
0.013800000000000002,-0.2792526803190927,0.010489392499141305,102.9009404165762,0.1989636967396863,6.576341694104127e-06,0.011547051595918838
0.0128,-0.2792526803190927,0.010420884346472243,102.22887543889271,0.2007346429590057,9.904593195055568e-06,0.011578024283755872
0.011800000000000001,-0.2792526803190927,0.010355632155302849,101.58875144352095,0.2024050523991115,-2.9352488047217893e-06,0.011621165707669481
0.0108,-0.2792526803190927,0.01028640397304318,100.9096229755536,0.20419696350733738,3.5346978200465275e-06,0.011649812344799525
0.009800000000000001,-0.2792526803190927,0.010219881451225692,100.25703703652405,0.20590574380707818,-3.7600422367733064e-07,0.011691423337146935
0.0088,-0.2792526803190927,0.010151181116347253,99.58308675136655,0.2076902634530744,4.369148683908184e-06,0.011721695055608404
0.0078000000000000005,-0.2792526803190927,0.010083194077860763,98.9161339038141,0.20942699052184607,-2.945746463924481e-06,0.011760309484741799
0.0068000000000000005,-0.2792526803190927,0.010012697767546548,98.22456509963165,0.21123782473505057,2.521064644379718e-06,0.011789003891285323
0.0058000000000000005,-0.2792526803190927,0.009946386092755409,97.57404756993057,0.21293950367360184,-7.400028491313262e-06,0.011832847807213782
0.0048000000000000004,-0.2792526803190927,0.009877268523756049,96.89600421804684,0.21472901961214738,-1.2945594303985034e-06,0.011866121659460716
0.003800000000000001,-0.2792526803190927,0.009808163667696627,96.21808558010392,0.21652131153907572,3.223514044911415e-06,0.011898117302173113
0.002800000000000001,-0.2792526803190927,0.009739987632713536,95.5492786769198,0.21828386951545875,3.7852423837075024e-06,0.011936824291894875
0.0018000000000000008,-0.2792526803190927,0.009674673470158272,94.90854674225265,0.21995458001341023,-1.4789371376028027e-05,0.01198800113709892
0.0008000000000000007,-0.2792526803190927,0.009604874532594003,94.22381916474718,0.22176858584840967,-6.294681943355132e-06,0.012020213589469392
-0.00019999999999999928,-0.2792526803190927,0.009535466407551128,93.54292545807657,0.22357470315361339,-4.628163597646424e-06,0.01205582533432377
-0.0011999999999999992,-0.2792526803190927,0.009465985677656578,92.86131949781104,0.22536681448222942,-9.469982930685788e-07,0.012092629692605036
-0.0021999999999999993,-0.2792526803190927,0.009395124621713663,92.16617253901104,0.22726815634040598,4.323164699048974e-06,0.012104978956309104
-0.0031999999999999993,-0.2792526803190927,0.009329321931935235,91.52064815228466,0.22891499244474098,-9.314510601986381e-06,0.012172199403732
-0.004199999999999999,-0.2792526803190927,0.00925699120788678,90.8110837493693,0.230797999809717,1.359944618894018e-05,0.01220196680913653
-0.005199999999999999,-0.2792526803190927,0.009190814289937973,90.16188818429153,0.23250214677381315,-6.90596968511065e-06,0.012251122139694884
-0.006199999999999999,-0.2792526803190927,0.009122039001607447,89.48720260576907,0.2342403620910403,-6.663813092782417e-06,0.01230625819160247
-0.007199999999999999,-0.2792526803190927,0.009052172116745187,88.80180846527028,0.2361183965989367,-1.291638067903505e-05,0.012325510776810517
-0.008199999999999999,-0.2792526803190927,0.00898190057869461,88.11244467699413,0.23793695914799873,-7.158683347156482e-06,0.012366359910569669
-0.0092,-0.2792526803190927,0.008908986132947579,87.39715396421575,0.2398448910261038,1.7648945437363507e-05,0.012393894020360521
-0.010199999999999999,-0.2792526803190927,0.008843300544017735,86.75277833681399,0.24150930644554597,-8.48388800728762e-06,0.012458724840831797
-0.0112,-0.2792526803190927,0.008770356362172304,86.0371959129103,0.24341443803988003,1.8502697709142617e-05,0.012490198136299355
-0.012199999999999999,-0.2792526803190927,0.00870231425870761,85.36970287792165,0.2451825302046283,6.82677459414879e-06,0.012536609069822818
-0.0132,-0.2792526803190927,0.008633587510161002,84.69549347467944,0.24698534787058787,-2.9776432797330546e-06,0.0125758267412351
-0.014199999999999999,-0.2792526803190927,0.008560330806886876,83.97684521556026,0.24891528593518605,1.8676312695265764e-05,0.012606832398703416
-0.0152,-0.2792526803190927,0.00849058057973953,83.2925954872448,0.2506848299168865,2.1211673080950527e-05,0.012662484893425793
-0.0162,-0.2792526803190927,0.008420991679993255,82.60992838073383,0.25250081950253717,1.7353832312616687e-05,0.01270508285361581
-0.0172,-0.2792526803190927,0.008353259912466273,81.94547974129414,0.2542470273274869,-4.197467389635374e-06,0.012761453745310847
-0.0182,-0.2792526803190927,0.00828061381917883,81.23282156614432,0.2561645537947934,1.243200546494187e-05,0.012795669839700846
-0.0192,-0.2792526803190927,0.008209022604528845,80.53051175042798,0.25808366655498266,2.005613539300464e-05,0.012823080897754871
-0.0202,-0.2792526803190927,0.008139985418829277,79.85325695871522,0.2598550290954133,9.858631760421669e-06,0.012884808566418257
-0.0212,-0.2792526803190927,0.008069737890748078,79.16412870823865,0.2616994522522644,3.888929027871635e-06,0.012928531166734106
-0.0222,-0.2792526803190927,0.00799671475596942,78.44777175606,0.263615018568725,2.2498551066279753e-05,0.01296687143056996
-0.0232,-0.2792526803190927,0.00792703530055232,77.76421629841826,0.2654416376105506,1.761939756757079e-05,0.01301758901529404
-0.0242,-0.2792526803190927,0.007858428385380842,77.09118246058607,0.26722293307097944,2.108252998961407e-06,0.013075921772970386
-0.0252,-0.2792526803190927,0.007786937360473657,76.38985550624658,0.26910707604093953,8.873236597226656e-06,0.013119343807817221
-0.026199999999999998,-0.2792526803190927,0.0077165881613677125,75.69972986301727,0.2709552786577947,6.242202693278907e-06,0.013172951707507735
-0.0272,-0.2792526803190927,0.007642295170522242,74.9709156228232,0.2728795882148399,-2.5002687960443237e-05,0.013213995177891638
-0.0282,-0.2792526803190927,0.007572796703985674,74.28913566609947,0.2747525753303098,2.884483140281564e-06,0.013262434448542665
-0.0292,-0.2792526803190927,0.00739650778777978,72.55974139811964,0.28864445451200366,1.3974255256851179e-05,0.010414017931840394
-0.030199999999999998,-0.2792526803190927,0.007323225144989653,71.8408386723485,0.29064319475251016,-1.2030943598268786e-05,0.010442110807380348
-0.0312,-0.2792526803190927,0.007363165677145346,72.23265529279585,0.280461423046811,2.8384611127180594e-05,0.01339692460967297
-0.0322,-0.2792526803190927,0.007182018060135525,70.4555971699295,0.2946137381686585,7.734226360219325e-06,0.01051069947408291
-0.0332,-0.2792526803190927,0.007216129161173525,70.79022707111228,0.28453728817537677,2.18433245421415e-05,0.013440467133788478
-0.0342,-0.2792526803190927,0.007143207771530433,70.07486823871355,0.28657630070424644,1.4660383371261035e-05,0.01346602719083681
-0.0352,-0.2792526803190927,0.0069710376265621765,68.38587911657496,0.30050304334145406,-3.993667779461191e-05,0.010632271368022903
-0.0362,-0.2792526803190927,0.00690128563578092,67.70161208701083,0.302558120450154,3.9920043189534425e-05,0.010664709838140704
-0.037200000000000004,-0.2792526803190927,0.0068288359100262975,66.99088027735799,0.3045697403776389,1.2457396301930728e-05,0.010701510377205306
-0.038200000000000005,-0.2792526803190927,0.006854217963373825,67.23987822069724,0.29484206939379326,-2.3599598863928034e-05,0.013546161238008447
-0.039200000000000006,-0.2792526803190927,0.0067817290637362864,66.52876211525297,0.2969915194068318,1.427155243357149e-05,0.0135571678007715
-0.0402,-0.2792526803190927,0.006615728743341857,64.90029897218362,0.3106083215619367,-1.147933183885116e-06,0.010821260906776806
-0.0412,-0.2792526803190927,0.006548836835691848,64.24408935813703,0.31258634593201445,3.7640979588414195e-05,0.010869449579294213
-0.0422,-0.2792526803190927,0.00656335005049446,64.38646399535065,0.30344482055692346,-2.428909781602084e-06,0.013585066179565994
-0.0432,-0.2792526803190927,0.006406798946716199,62.850697667285914,0.3168430810724917,3.96376970894244e-05,0.010891679920951067
-0.0442,-0.2792526803190927,0.006335772326917731,62.15392652706294,0.3186378534293567,-1.9525691464618756e-07,0.011004396193519353
-0.045200000000000004,-0.2792526803190927,0.006343554826343256,62.23027284642735,0.3101002433587649,3.064654055588188e-05,0.013592057865216334
-0.046200000000000005,-0.2792526803190927,0.006194668175131202,60.769694798037094,0.32274212852597106,4.356887287737363e-05,0.011092302987563696
-0.047200000000000006,-0.2792526803190927,0.00612376409202233,60.07412574273906,0.32475836374718214,4.6609089783993505e-06,0.011143759483481827
-0.0482,-0.2792526803190927,0.006124306406514644,60.07944584790866,0.3167930848517645,5.499114290181256e-06,0.013600913426409802
-0.0492,-0.2792526803190927,0.006052438544704227,59.37442212354847,0.31903618482657553,5.353443748591794e-05,0.013608752884844186
-0.0502,-0.2792526803190927,0.005981172993024637,58.6753070615717,0.32119158827825245,-1.555136008008829e-05,0.01363006743471494
-0.0512,-0.2792526803190927,0.005907563493346471,57.95319786972888,0.32351991027450727,1.976364851051868e-05,0.013622133319896298
-0.0522,-0.2792526803190927,0.005836786213855506,57.258872757922525,0.32570697340449284,-4.5194895492144366e-07,0.013641010697074782
-0.053200000000000004,-0.2792526803190927,0.005764283547871953,56.54762160462386,0.3279991118365374,-2.2362682158665843e-06,0.013641858621020853
-0.054200000000000005,-0.2792526803190927,0.005690253714472787,55.821388938978046,0.33036368776822306,1.2692866009815784e-05,0.013632870418492204
-0.055200000000000006,-0.2792526803190927,0.005613620053549653,55.069612725322095,0.33279853910264234,7.212683489378382e-05,0.013608412092458708
-0.060200000000000004,-0.2792526803190927,0.005261083368850624,51.611227848424626,0.3441612611104155,3.3746996940376743e-06,0.013669339127244565
-0.06520000000000001,-0.2792526803190927,0.004910169348707185,48.168761310817494,0.35553398420909704,2.074333381169195e-05,0.013778508402228662
-0.0702,-0.2792526803190927,0.004567437177831251,44.80655871452458,0.36652949827612935,1.8266521835800243e-05,0.014026645261720469
-0.0752,-0.2792526803190927,0.004232069431840854,41.51660112635878,0.377198742971607,2.3082886499112877e-05,0.01441909214544386
-0.08020000000000001,-0.2792526803190927,0.0039055568732869568,38.313512926945045,0.38772956358399874,2.1206028834283875e-05,0.01491246868130841
-0.0852,-0.2792526803190927,0.0035868775654629625,35.187268917191666,0.3980486629936491,5.204294991789881e-05,0.01553272204610659
-0.0902,-0.2792526803190927,0.0032738512920381384,32.11648117489414,0.4099949097099731,5.1028319270430447e-05,0.01579414392401314
-0.0952,-0.2792526803190927,0.002978535846065954,29.219436649907006,0.42155579317020886,5.3199275690528305e-05,0.016190062064697128
-0.1002,-0.2792526803190927,0.002696248920131782,26.450201906492783,0.4313960114385787,3.9800454804636645e-05,0.017025504682235182
-0.1052,-0.2792526803190927,0.002436623559640691,23.90327712007518,0.440327420153941,4.965931797818588e-05,0.01811579288942558
-0.1102,-0.2792526803190927,0.0021907035747569196,21.49080206836538,0.4488687523789331,1.475242333396772e-05,0.019282819247137137
-0.1152,-0.2792526803190927,0.0019593541516398924,19.221264227587348,0.45705261550891035,7.273223345369892e-06,0.02054283679181769
-0.1202,-0.2792526803190927,0.0017442221279591868,17.110819075279622,0.46474879017471143,2.068599063676e-05,0.02194577634353248
-0.1252,-0.2792526803190927,0.0015394427693849993,15.101933567666844,0.4719696204874094,3.524945686611603e-05,0.02351990275351999
-0.13019999999999998,-0.2792526803190927,0.0013475574418919927,13.219538504960449,0.4784325251017062,2.714834349728618e-05,0.025375286445033035
-0.1352,-0.2792526803190927,0.0011689341018172868,11.467243538827583,0.48395393779938745,3.7522038093921767e-06,0.027553062201161133
-0.1402,-0.2792526803190927,0.0010018304209490473,9.827956429510156,0.4883650539558346,-2.1278848245524658e-05,0.030178279017732068
-0.1452,-0.2792526803190927,0.0008436732376392882,8.276434461241418,0.49140451408267843,-3.1083042004102193e-06,0.033351098576243604
-0.1502,-0.2792526803190927,0.0007011949407941087,6.878722369190207,0.4922865891625581,-1.7511199705296183e-05,0.03729483485469673
-0.15519999999999998,-0.2792526803190927,0.0005726075810207614,5.6172803698136695,0.4906650790926998,-6.829158081555367e-06,0.042162272805546464
0.0248,-0.2617993877991494,0.011348641822372715,111.33017627747634,0.176159415300837,7.033160295431675e-06,0.011286401165752892
0.0238,-0.2617993877991494,0.01127815055647531,110.63865695902278,0.1779706745621071,8.570030638627756e-06,0.011320592287383281
0.0228,-0.2617993877991494,0.011210059611123726,109.97068478512375,0.17970966953720308,9.381351121002438e-07,0.011363820461040362
0.0218,-0.2617993877991494,0.011141130728752231,109.29449244905939,0.18146964250668296,-3.436687446636243e-06,0.011406103877582188
0.0208,-0.2617993877991494,0.011070521232217596,108.60181328805461,0.18328704222622882,-4.105937269795372e-06,0.011441963334668667
0.0198,-0.2617993877991494,0.011001225271651689,107.92201991490307,0.18506310053858882,-2.3238460579114627e-06,0.011482406576745915
0.0188,-0.2617993877991494,0.010932852914434178,107.25128709059928,0.18680553055353052,-1.7495904441046587e-05,0.01152796975470844
0.0178,-0.2617993877991494,0.01085964496101774,106.53311706758403,0.18870956895495591,4.2275152284871536e-06,0.011554399355161817
0.016800000000000002,-0.2617993877991494,0.010790091964630277,105.85080217302301,0.19047768653746117,1.4917870468355248e-06,0.011598479133620408
0.0158,-0.2617993877991494,0.010719382657441698,105.15714386950306,0.19228563412492827,-2.093921914326451e-06,0.01164065324410523
0.0148,-0.2617993877991494,0.010648415897465976,104.46095995414122,0.19411246993993497,5.06425055601632e-06,0.011675773913041261
0.013800000000000002,-0.2617993877991494,0.010575898015751175,103.74955953451904,0.19597570247789928,7.5450334179173724e-06,0.0117118035563709
0.0128,-0.2617993877991494,0.010506630609042961,103.07004627471146,0.1977387332097837,-6.486887304275994e-06,0.011759946137094836
0.011800000000000001,-0.2617993877991494,0.010433208788238255,102.3497782126173,0.19962437474191536,2.1715618958365764e-06,0.011792824690256797
0.0108,-0.2617993877991494,0.010362531861742035,101.65643756368937,0.2014404251683408,2.3257499730067527e-07,0.01183524136186457
0.009800000000000001,-0.2617993877991494,0.010289525196709113,100.94024217971642,0.20332269439202605,9.311153011712131e-06,0.011868917006213037
0.0088,-0.2617993877991494,0.010219414601131533,100.25245723710034,0.2050945942713803,-9.295243007174255e-06,0.011918636465361392
0.0078000000000000005,-0.2617993877991494,0.01014567280788685,99.52905024537,0.2069717620429834,-6.395985983293819e-06,0.01195599422683881
0.0068000000000000005,-0.2617993877991494,0.010074229573986706,98.82819212080959,0.20880528447981767,-8.580750520528962e-06,0.011998347639058354
0.0058000000000000005,-0.2617993877991494,0.0100017907174178,98.11756693786863,0.21066259107153612,-5.784293751635183e-06,0.012038579652140127
0.0048000000000000004,-0.2617993877991494,0.009930007776689159,97.41337628932065,0.21250833613855982,-1.1336335000980193e-05,0.01208260144064311
0.003800000000000001,-0.2617993877991494,0.009856753171633842,96.694748613728,0.21439559562912322,-3.0632802591645718e-06,0.012120528049767473
0.002800000000000001,-0.2617993877991494,0.00978346630746681,95.97580447624941,0.21628158235357287,-1.4976244847251258e-06,0.012162360843080512
0.0018000000000000008,-0.2617993877991494,0.009713635551986467,95.29076476498724,0.21806382266130567,-1.743366868854596e-05,0.012215938912445413
0.0008000000000000007,-0.2617993877991494,0.009637137330643076,94.54031721360859,0.22005103125984138,7.60803076323647e-06,0.01224304549090767
-0.00019999999999999928,-0.2617993877991494,0.009562489625263206,93.80802322383205,0.2219762023703579,1.833033297212503e-05,0.0122789464480519
-0.0011999999999999992,-0.2617993877991494,0.009491668961997317,93.11327251719368,0.22378756715941692,2.611615583876938e-06,0.012333402610426161
-0.0021999999999999993,-0.2617993877991494,0.009419001597051233,92.4004056670726,0.22565175868290363,-1.197435899836018e-07,0.012381364785964202
-0.0031999999999999993,-0.2617993877991494,0.009348598471332155,91.70975100376845,0.22744107822761064,-1.8325467700755957e-05,0.012438850609522184
-0.004199999999999999,-0.2617993877991494,0.009270670956291957,90.9452820812241,0.22947266346686254,5.146743667502676e-06,0.012467014849416806
-0.005199999999999999,-0.2617993877991494,0.009198241928546453,90.2347533190407,0.23133779587277692,2.2301031113535854e-06,0.012513755006908635
-0.006199999999999999,-0.2617993877991494,0.009124923156315377,89.51549616345386,0.23322612438780083,-1.020913549676605e-06,0.01256183468349397
-0.007199999999999999,-0.2617993877991494,0.009051745618728029,88.79762451972196,0.2350945569151607,-2.71849198720111e-06,0.012611233546824065
-0.008199999999999999,-0.2617993877991494,0.008975875643880473,88.05334006646744,0.23705972708252726,1.1148661675572698e-05,0.01265153467539367
-0.0092,-0.2617993877991494,0.008900780407867697,87.31665580118211,0.2390076704718241,2.0935970881045903e-05,0.012694181001402807
-0.010199999999999999,-0.2617993877991494,0.008827558873377299,86.59835254783131,0.24088766697885614,2.047960590696834e-05,0.012742919489233485
-0.0112,-0.2617993877991494,0.00875510145296134,85.88754525355074,0.2427509510756643,9.509163890255848e-06,0.012796652940148485
-0.012199999999999999,-0.2617993877991494,0.008681104476215609,85.16163491167512,0.24460474297541895,1.226004422179521e-05,0.012863214501366162
-0.0132,-0.2617993877991494,0.008606362007128797,84.42841128993349,0.24660277087338012,3.94476166696275e-06,0.01288835465740372
-0.014199999999999999,-0.2617993877991494,0.00853141852429425,83.69321572332659,0.24850280258868307,1.3101259877802655e-05,0.01294892330446297
-0.0152,-0.2617993877991494,0.008457719738694431,82.97023063659238,0.2504713600477489,-3.844047401002844e-06,0.012981115279643782
-0.0162,-0.2617993877991494,0.008378415623613782,82.1922572676512,0.2525033191836056,3.7469753400913253e-05,0.013031269679346126
-0.0172,-0.2617993877991494,0.008307764978940094,81.49917444340232,0.2542583015601093,1.5774822589158785e-05,0.01311317833694245
-0.0182,-0.2617993877991494,0.008231728514959402,80.75325673175173,0.2562569002756593,1.9793734532821244e-05,0.013153666849158321
-0.0192,-0.2617993877991494,0.008152429202931065,79.97533048075375,0.25838587742556446,3.781186841305448e-05,0.013178741842364672
-0.0202,-0.2617993877991494,0.008082157944516917,79.28596943571095,0.2601804540427581,9.950070061907473e-06,0.013249293087528424
-0.0212,-0.2617993877991494,0.008006959297545203,78.54827070891844,0.26211369655462163,1.532064493612056e-05,0.01330606712623962
-0.0222,-0.2617993877991494,0.007935382380482461,77.84610115253295,0.26392448248864037,-7.932064803224225e-06,0.013383449079590617
-0.0232,-0.2617993877991494,0.007860840684558917,77.11484711552299,0.26582444895863466,-1.0502926519013045e-05,0.013451747406274375
-0.0242,-0.2617993877991494,0.007785332173891243,76.37410862587309,0.2679166277813664,4.849215076193137e-05,0.013482214639720352
-0.0252,-0.2617993877991494,0.0077059414792058,75.5952859110089,0.26988376506555806,-4.444717079252085e-05,0.01353765026240368
-0.026199999999999998,-0.2617993877991494,0.0076312974021441864,74.86302751503447,0.2718800999474559,2.391587696064998e-05,0.013595679813800457
-0.0272,-0.2617993877991494,0.007553142598714312,74.09632889338741,0.27390705822907435,-5.6955456642653115e-06,0.013643910742957233
-0.0282,-0.2617993877991494,0.00748024597388294,73.38121300379166,0.27584016463900457,2.4066109958485845e-05,0.013709590897392793
-0.0292,-0.2617993877991494,0.007400603122702152,72.59991663370812,0.27787039877249053,-1.6112577727072227e-05,0.013764343598170317
-0.030199999999999998,-0.2617993877991494,0.007330958575331758,71.91670362400455,0.2796960145256654,2.5076933577170714e-05,0.013851191721555758
-0.0312,-0.2617993877991494,0.007253334281758201,71.15520930404796,0.28171489757301965,-8.59102638322244e-07,0.013908193510582464
-0.0322,-0.2617993877991494,0.007180579114203171,70.4414811103331,0.2836487469261289,3.7075721327467714e-05,0.013982000777233772
-0.0332,-0.2617993877991494,0.007103876573444447,69.68902918549003,0.2856346818869072,5.224173798034176e-06,0.014046570708315706
-0.0342,-0.2617993877991494,0.007027247684355886,68.93729978353124,0.2876177407621368,-3.154943256238728e-05,0.014111730263636088
-0.0352,-0.2617993877991494,0.006955030380792946,68.22884803557879,0.289538365835088,2.6096300837471715e-06,0.0141906613931808
-0.0362,-0.2617993877991494,0.006877993765177794,67.47311883639416,0.2915281698111169,-3.1351514361240055e-05,0.014263959631805212
-0.037200000000000004,-0.2617993877991494,0.006802734226344671,66.73482276044123,0.2935808759670623,4.063345585948295e-05,0.014324042266003478
-0.038200000000000005,-0.2617993877991494,0.006722911619953511,65.95176299174395,0.29571790495370776,2.102135457180699e-05,0.014374472670664662
-0.039200000000000006,-0.2617993877991494,0.006544956867107129,64.20602686632094,0.31147310458101646,2.2950384406741128e-05,0.011220977672197083
-0.0402,-0.2617993877991494,0.0064656214451257795,63.4277463766839,0.313665901494555,-2.6610618123852996e-05,0.011261639435608067
-0.0412,-0.2617993877991494,0.006499304267836808,63.75817486747909,0.30178605051614515,-1.3682133393178868e-05,0.014574623874133968
-0.0422,-0.2617993877991494,0.006319563537091966,61.99491829887219,0.317867538504348,6.5081868165851145e-06,0.011378193931012096
-0.0432,-0.2617993877991494,0.006343281005829297,62.227586667185406,0.3062304718848199,3.854264970759944e-05,0.0146530737713077
-0.0442,-0.2617993877991494,0.006267011271540171,61.47938057380908,0.30838714006175094,1.3946877950404735e-05,0.014703458102183556
-0.045200000000000004,-0.2617993877991494,0.006094733064854939,59.78933136622695,0.32429244449332595,-1.9256454112315317e-05,0.011549713674568501
-0.046200000000000005,-0.2617993877991494,0.006114306837499792,59.98135007587295,0.3127717300817138,1.6095954394831192e-05,0.014796524457596952
-0.047200000000000006,-0.2617993877991494,0.0060366342767888825,59.219382255298946,0.31504895858893855,3.994625665244326e-06,0.014828986847047199
-0.0482,-0.2617993877991494,0.005960138876551813,58.46896237897329,0.31730102029268303,-4.094682554287438e-08,0.014867581561986365
-0.0492,-0.2617993877991494,0.005883186609941744,57.71406064352852,0.31959617190996564,7.784190149849317e-07,0.014900210291972263
-0.0502,-0.2617993877991494,0.00571813840211438,56.094937724742074,0.33519767244813786,8.63588593654404e-06,0.011845490803368677
-0.0512,-0.2617993877991494,0.005728860780791521,56.200124259564824,0.3242471360063163,1.0321033999817642e-05,0.014965953515382394
-0.0522,-0.2617993877991494,0.0055684728585822735,54.626718742692105,0.33957010720856,1.4349414251268819e-05,0.011976816450550654
-0.053200000000000004,-0.2617993877991494,0.005495026491097011,53.90620987766168,0.34171385867050313,1.3503683093557731e-05,0.01205200484058884
-0.054200000000000005,-0.2617993877991494,0.005497853567549506,53.93394349766066,0.3313621568597344,2.509921109944605e-05,0.015044751701953712
-0.055200000000000006,-0.2617993877991494,0.00534651887002225,52.44935011491828,0.34607715567006314,1.6883672333913767e-05,0.012198391335472777
-0.060200000000000004,-0.2617993877991494,0.005045881547781563,49.500097983737135,0.34561337709827816,1.873521915707269e-05,0.015245619526977658
-0.06520000000000001,-0.2617993877991494,0.00467364268930565,45.848434782088425,0.3577530630424925,1.357525091190329e-05,0.01541809531869913
-0.0702,-0.2617993877991494,0.004307826407410403,42.25977705669605,0.370019755725659,3.510817597021452e-05,0.015627569813819533
-0.0752,-0.2617993877991494,0.003950680335266096,38.75617408896041,0.3820475651250155,3.3149811038837615e-05,0.01597636662589262
-0.08020000000000001,-0.2617993877991494,0.003607818217317519,35.39269671188487,0.3934396615030316,3.241335455289823e-05,0.016532460882264552
-0.0852,-0.2617993877991494,0.0032811570261198917,32.188150426236135,0.4041283044956464,3.54580713894297e-05,0.01730018837580194
-0.0902,-0.2617993877991494,0.002967679252418791,29.11293346622834,0.4146759723805675,0.0001098186784110893,0.0181483254386023
-0.0952,-0.2617993877991494,0.0026768362496396867,26.259763608965326,0.42454187555431644,0.0001448689627185584,0.019204474467147264
-0.1002,-0.2617993877991494,0.0023864757101318313,23.41132671639327,0.4389019508999739,-3.8050619900471977e-06,0.019150764617931665
-0.1052,-0.2617993877991494,0.0021304843291317364,20.900051268782338,0.4479729043701181,3.1557844850549264e-05,0.02042630857507466
-0.1102,-0.2617993877991494,0.0018920863875689566,18.561367462051464,0.45617315691415206,3.0271449112520545e-05,0.021870379961913974
-0.1152,-0.2617993877991494,0.0016689756388382486,16.37265101700322,0.46379619590844434,4.3637785680773864e-06,0.023502531706070612
-0.1202,-0.2617993877991494,0.0014596321604401438,14.318991493917812,0.47076174624490325,-5.069145722675864e-06,0.025363286513273756
-0.1252,-0.2617993877991494,0.0012630837152421113,12.390851246525113,0.4768808819597514,-9.666137344982325e-06,0.027538798847500198
-0.13019999999999998,-0.2617993877991494,0.0010784311073672261,10.579409163272489,0.4819262871178487,2.2031826080989126e-06,0.030143838532387432
-0.1352,-0.2617993877991494,0.0009077954379055231,8.905473245853182,0.4853015452303537,1.4474852915259634e-06,0.03333485017058256
-0.1402,-0.2617993877991494,0.0007528482595256173,7.385441425946306,0.4866227393218448,-5.817953746146771e-06,0.03728333641000714
-0.1452,-0.2617993877991494,0.0006137080721639734,6.020476187928579,0.48539383300028394,-9.789190914605721e-06,0.042135237679004706
-0.1502,-0.2617993877991494,0.000492489513939537,4.831322131746858,0.48106001698389766,-9.42448598084226e-06,0.048080438321807736
-0.15519999999999998,-0.2617993877991494,0.0003905260795572742,3.83106084045686,0.47350880472106394,-8.094032399830342e-06,0.055067750447753444
0.0248,-0.24434609527920614,0.011493423217611555,112.75048176476936,0.17170392446149102,-7.87986193575149e-07,0.011404506812379277
0.0238,-0.24434609527920614,0.011419760338532089,112.0278489209998,0.17357454993876337,-2.2454135892834598e-06,0.011448343184592868
0.0228,-0.24434609527920614,0.011345720938710675,111.30152240875174,0.17546854980910387,1.998019670291785e-06,0.011487695895520789
0.0218,-0.24434609527920614,0.011272261210432637,110.58088247434418,0.17732919486296755,-1.5238834996442311e-06,0.011535289647344564
0.0208,-0.24434609527920614,0.011198424282219201,109.85654220857037,0.17922117912980903,-4.235231738562669e-07,0.011578612552792987
0.0198,-0.24434609527920614,0.01112187738341041,109.10561713125614,0.18118026538975565,5.5649648549387885e-06,0.011614446458167595
0.0188,-0.24434609527920614,0.01104843205338708,108.38511844372725,0.1830302681085575,-3.6628315714491483e-06,0.011664218017149189
0.0178,-0.24434609527920614,0.010976497501946724,107.67944049409738,0.18487802882293364,-5.309632325058251e-06,0.01171394601393206
0.016800000000000002,-0.24434609527920614,0.010897881328586526,106.90821583343383,0.18688330871840847,1.4961803354460406e-05,0.011746510654126706
0.0158,-0.24434609527920614,0.010826180407803752,106.20482980055482,0.18870638246302057,-1.3120396173181055e-06,0.011801768113171275
0.0148,-0.24434609527920614,0.010752385966185891,105.4809063282836,0.19057120837996971,-1.1486200521819403e-05,0.011853934332240114
0.013800000000000002,-0.24434609527920614,0.010674482023909932,104.71666865455644,0.19257080769818288,-7.32753173573309e-07,0.011888197942904383
0.0128,-0.24434609527920614,0.010598941934864456,103.97562038102032,0.19448432908533,-3.4736133779702333e-06,0.011935106327600448
0.011800000000000001,-0.24434609527920614,0.010524180813077487,103.24221377629016,0.19638930542866104,-7.673947941579114e-06,0.011984387833764036
0.0108,-0.24434609527920614,0.010446330267950485,102.47849992859426,0.1983808882395693,2.2003834441697435e-06,0.012023591793926404
0.009800000000000001,-0.24434609527920614,0.010369250183526146,101.7223443003915,0.20033343963124245,-5.356978396623265e-07,0.012066999373688672
0.0088,-0.24434609527920614,0.010292507962400296,100.9695031111469,0.20226179469014213,-4.2031761392639615e-06,0.01211638891733674
0.0078000000000000005,-0.24434609527920614,0.010215259244144235,100.21169318505495,0.2042463036985055,3.429159906555769e-07,0.012157609719220912
0.0068000000000000005,-0.24434609527920614,0.010138534690031542,99.45902530920942,0.2061888829136861,2.172313224029551e-06,0.012205331123044283
0.0058000000000000005,-0.24434609527920614,0.010065324078471436,98.74082920980479,0.20804538130336903,-1.8291911867418093e-05,0.012266589869474334
0.0048000000000000004,-0.24434609527920614,0.009985277870639438,97.9555759109729,0.21010283581157865,1.6685682524957002e-07,0.012303274556750968
0.003800000000000001,-0.24434609527920614,0.009911254229402462,97.22940399043814,0.21197207598951268,-1.4549179779453125e-05,0.01236284913391085
0.002800000000000001,-0.24434609527920614,0.009832409913903644,96.45594125539476,0.21400491654118808,-3.37382095869147e-06,0.012401527867627486
0.0018000000000000008,-0.24434609527920614,0.009752495337280311,95.67197925871986,0.216041669586924,5.712015368477118e-06,0.012446482415139883
0.0008000000000000007,-0.24434609527920614,0.009677850546007005,94.93971385632872,0.21792708900864244,-1.0808958488238615e-05,0.012509009279560356
-0.00019999999999999928,-0.24434609527920614,0.009597774886798131,94.15417163948968,0.2199936435645017,6.3452955716175024e-06,0.012546171657241062
-0.0011999999999999992,-0.24434609527920614,0.009520047200431219,93.39166303623026,0.22197148526935392,5.337716994364603e-06,0.012598534057725382
-0.0021999999999999993,-0.24434609527920614,0.009440492961950589,92.61123595673529,0.2240063810423391,1.3614004186240244e-05,0.01264406358787877
-0.0031999999999999993,-0.24434609527920614,0.009365006244215265,91.87071125575174,0.2259230200362135,-2.267342527804944e-06,0.0127058463711621
-0.004199999999999999,-0.24434609527920614,0.009288098416606702,91.11624546691176,0.2278769918906031,-1.0475131651278868e-05,0.012762271509884356
-0.005199999999999999,-0.24434609527920614,0.009206711672893919,90.31784151108934,0.2299635926025256,5.557014816243387e-06,0.012806802501900513
-0.006199999999999999,-0.24434609527920614,0.009128211315817111,89.54775300816587,0.2319754368781658,1.1098624746935669e-05,0.012856128915784186
-0.007199999999999999,-0.24434609527920614,0.009051632119695521,88.79651109421306,0.23391759279890867,-2.103119209770772e-06,0.012919750259516818
-0.008199999999999999,-0.24434609527920614,0.008974360070941689,88.03847229593798,0.23586482277803686,-1.0032903782252047e-05,0.012983811661404075
-0.0092,-0.24434609527920614,0.008890349417517086,87.21432778584263,0.2380577587447975,2.3476919160548035e-05,0.013016331254183618
-0.010199999999999999,-0.24434609527920614,0.008810741205644946,86.43337122737692,0.24008974895283608,2.8244671688785364e-05,0.013068698694834083
-0.0112,-0.24434609527920614,0.008734868075249288,85.68905581819553,0.24199482411397627,3.628293059642586e-06,0.01314146700880911
-0.012199999999999999,-0.24434609527920614,0.008654876146410855,84.90433499629049,0.24404794507322128,8.720128759245714e-06,0.013195294148883603
-0.0132,-0.24434609527920614,0.008575739422543072,84.12800373514754,0.24606930657031845,6.991092530811751e-06,0.013255236073290926
-0.014199999999999999,-0.24434609527920614,0.00849579639628832,83.34376264758842,0.24811926281948868,8.243062677669923e-06,0.013313196227400896
-0.0152,-0.24434609527920614,0.00841633765201293,82.56427236624684,0.2501463710439624,7.460156186856407e-06,0.013374137332930344
-0.0162,-0.24434609527920614,0.008332845792753098,81.7452172269079,0.25232531605721864,3.56196296863089e-05,0.013413651329211657
-0.0172,-0.24434609527920614,0.008259080711094326,81.02158177583534,0.25415520262159563,-8.517484098806838e-06,0.013504212809184075
-0.0182,-0.24434609527920614,0.008178095234021842,80.22711424575427,0.25624987043461755,1.3999916133166363e-06,0.013559274656672074
-0.0192,-0.24434609527920614,0.008099704815776989,79.45810424277227,0.25824901810474993,-9.532218311534189e-06,0.013628175217649766
-0.0202,-0.24434609527920614,0.008014407290690301,78.62133552167185,0.2604936741710004,2.373811185657039e-05,0.013667104728878499
-0.0212,-0.24434609527920614,0.007935357124291406,77.8458533892987,0.26253985897088733,3.692335387460714e-05,0.013731337210056774
-0.0222,-0.24434609527920614,0.007861464094566022,77.12096276769269,0.26435028759630763,-4.02817748726552e-06,0.013834945810855287
-0.0232,-0.24434609527920614,0.007774981254924353,76.2725661108079,0.26657846000190905,1.3250499195740134e-05,0.0138833669602298
-0.0242,-0.24434609527920614,0.0076983445690695755,75.52076022257253,0.26862173185049065,4.3267806447505134e-05,0.013957093038656429
-0.0252,-0.24434609527920614,0.007614843860786206,74.70161827431268,0.27065598192264895,1.0835971249947571e-05,0.014035324137502095
-0.026199999999999998,-0.24434609527920614,0.007535926738001274,73.9274412997925,0.27282507844402937,3.634642514228997e-05,0.014077967216344897
-0.0272,-0.24434609527920614,0.0074539489268563,73.12323897246031,0.27487415533757104,1.6741024986433054e-06,0.014161477508615558
-0.0282,-0.24434609527920614,0.007373504966476719,72.33408372113662,0.2769324582950507,-3.984346003456756e-06,0.014234173855311574
-0.0292,-0.24434609527920614,0.007292726810701307,71.54165001297983,0.27903462248246186,1.1298714771673767e-05,0.014309320170133616
-0.030199999999999998,-0.24434609527920614,0.007208644795344309,70.71680544232768,0.28118788210662027,-4.738917704214678e-06,0.014375053073534885
-0.0312,-0.24434609527920614,0.007133508863491609,69.97972195085269,0.28316675408509373,1.1013234294462726e-05,0.01446875797833673
-0.0322,-0.24434609527920614,0.0070486757036433,69.14750865274077,0.28539500331405165,-6.16747564685623e-06,0.014521064215421695
-0.0332,-0.24434609527920614,0.006970063745861248,68.37632534689885,0.28744573492041675,5.529751282767026e-05,0.014608600255485868
-0.0342,-0.24434609527920614,0.00688863577733856,67.57751697569128,0.28946011612804234,-7.737339141904364e-06,0.014710683040135022
-0.0352,-0.24434609527920614,0.006809910077289317,66.8052178582082,0.2915580591895633,1.4703335178662424e-05,0.014788300613876704
-0.0362,-0.24434609527920614,0.00673064517115572,66.02762912903762,0.29361711087333936,2.1494932443045918e-06,0.01487880480434052
-0.037200000000000004,-0.24434609527920614,0.006646831294220465,65.20541499630276,0.29575175786108165,-2.0136137866886176e-05,0.014967274322937513
-0.038200000000000005,-0.24434609527920614,0.006566939767148102,64.42167911572288,0.29781703420784916,-3.104848977014445e-05,0.01506045914207886
-0.039200000000000006,-0.24434609527920614,0.006487133847239874,63.63878304142317,0.29988521597535234,-2.39042438396593e-05,0.015155569675760414
-0.0402,-0.24434609527920614,0.006407731821690047,62.85984917077936,0.3019784571587417,1.310145694585425e-05,0.015247574971494288
-0.0412,-0.24434609527920614,0.006325017297493714,62.04841968841334,0.3041556364220886,2.6992209378875534e-05,0.015334862448916672
-0.0422,-0.24434609527920614,0.006243595201505045,61.24966892676449,0.3062795070591072,2.5215749528991917e-05,0.01543264694351952
-0.0432,-0.24434609527920614,0.00616341629046704,60.46311380948166,0.3083371604384572,-3.523886737218838e-06,0.015541366051842698
-0.0442,-0.24434609527920614,0.006081933951084102,59.663772060135045,0.3104792615962576,6.180768239902384e-06,0.015638099778724046
-0.045200000000000004,-0.24434609527920614,0.006001870448365485,58.87834909846541,0.31255082447231847,6.174005868039706e-06,0.015747824032426014
-0.046200000000000005,-0.24434609527920614,0.005919444751951576,58.06975301664497,0.31474102371155904,2.883467116397313e-05,0.015842571637885827
-0.047200000000000006,-0.24434609527920614,0.005731367003912818,56.22471030838475,0.3331164714348729,1.7387148268869426e-05,0.012265327375467122
-0.0482,-0.24434609527920614,0.005651902438392352,55.44516292062898,0.3354095983688266,1.9364227694501752e-05,0.012343880554293502
-0.0492,-0.24434609527920614,0.0055738328341299855,54.67930010281516,0.3376770717548596,4.760947528514525e-06,0.012428993027676985
-0.0502,-0.24434609527920614,0.005493069906367429,53.88701578146448,0.3400141340541432,2.453574198229391e-05,0.012505905810675441
-0.0512,-0.24434609527920614,0.005518200266289553,54.13354461230052,0.32558545867934546,1.8709985142270064e-05,0.016357276841895127
-0.0522,-0.24434609527920614,0.0053337591552255715,52.32417731276286,0.3446725478955576,3.139897328773073e-05,0.012669114896764602
-0.053200000000000004,-0.24434609527920614,0.005357671821376363,52.55876056770212,0.33013615423254006,1.4925633583218991e-05,0.016537610132618008
-0.054200000000000005,-0.24434609527920614,0.005175881725883913,50.775399730921194,0.3493033100799774,3.223316143685648e-05,0.012847199571844714
-0.055200000000000006,-0.24434609527920614,0.005098320685045409,50.01452592029546,0.35157238811947195,2.674760249351832e-05,0.01294728100777516
-0.060200000000000004,-0.24434609527920614,0.004712159234070098,46.22628208622766,0.3629656439265537,2.3408129911225247e-05,0.01348314597589352
-0.06520000000000001,-0.24434609527920614,0.004332336664624575,42.50022267996708,0.37433680761882243,4.303293429155197e-05,0.014098016991878376
-0.0702,-0.24434609527920614,0.004022142727231685,39.45722015414283,0.371703097536023,2.787901544576758e-05,0.017934705979303356
-0.0752,-0.24434609527920614,0.0036470145826603853,35.77721305589838,0.38456963560535196,3.958487085323279e-05,0.018395869628289832
-0.08020000000000001,-0.24434609527920614,0.0032904014227329273,32.27883795701002,0.39712948387698543,3.340360028589034e-05,0.01899147877324983
-0.0852,-0.24434609527920614,0.0029526868465043713,28.965857964207885,0.40900029547442945,9.102321685433753e-05,0.01979360476271383
-0.0902,-0.24434609527920614,0.002636530244677466,25.86436170028594,0.4196622259856181,-1.440000495196788e-05,0.020865456683172093
-0.0952,-0.24434609527920614,0.002348520764737958,23.03898870207937,0.42923194084179195,2.102743845674515e-05,0.02216564939199908
-0.1002,-0.24434609527920614,0.0020793120544419182,20.39805125407522,0.43853208186469694,4.299872605264554e-05,0.02354984315631231
-0.1052,-0.24434609527920614,0.001831749040465449,17.969458086966057,0.4476496684933176,-5.444217416004204e-06,0.0249978803483816
-0.1102,-0.24434609527920614,0.0015854063942139804,15.552836727239148,0.4625461779070256,9.579477693753376e-06,0.02519099298330868
-0.1152,-0.24434609527920614,0.0013704775048607972,13.44438432268442,0.46890958440226616,5.0884612074699416e-06,0.027495215242339457
-0.1202,-0.24434609527920614,0.001169411514132537,11.47192695364019,0.474331694860969,-1.0438373253373671e-05,0.03013739102911628
-0.1252,-0.24434609527920614,0.000982752990399876,9.640806835822783,0.4782277114386759,-9.61662614997371e-06,0.03332008694512424
-0.13019999999999998,-0.24434609527920614,0.0008123332906685583,7.968989581458557,0.48017525472813094,-5.873429076856875e-06,0.03723123710261496
-0.1352,-0.24434609527920614,0.0006610380106484753,6.484782884461543,0.4794948620515716,-9.95083607838726e-06,0.042034510109486056
-0.1402,-0.24434609527920614,0.0005296982563044207,5.196339894346367,0.47605053085667787,-1.1474804307115598e-05,0.047816897634692865
-0.1452,-0.24434609527920614,0.0004197735582556196,4.117978606487628,0.4696051332852556,-8.31851228668532e-06,0.054551401308690614
-0.1502,-0.24434609527920614,0.00032834279097559245,3.221042779470562,0.45866407386678343,-1.2470846653867014e-05,0.062700431674549
-0.15519999999999998,-0.24434609527920614,0.0002537389536718663,2.4891791355210082,0.4414401214869663,-1.1497046263450556e-05,0.07280469620400738
0.0248,-0.22689280275926285,0.011652093318683393,114.3070354562841,0.16680025408453722,7.430235223636299e-06,0.011511600275569203
0.0238,-0.22689280275926285,0.01157564647391501,113.55709190910625,0.16874143221801988,2.6966383033570014e-06,0.011561397612156486
0.0228,-0.22689280275926285,0.011496894433719209,112.78453439478545,0.1707306297297851,2.594254009852123e-06,0.01161042463094291
0.0218,-0.22689280275926285,0.011419055729011777,112.02093670160554,0.17270288191145025,-3.7021629041089543e-06,0.011661708298196828
0.0208,-0.22689280275926285,0.011340629550455138,111.2515758899649,0.17468854762538144,2.5237052363663363e-06,0.011710067817491308
0.0198,-0.22689280275926285,0.011260045404988213,110.46104542293438,0.17673262331973397,4.935608311248426e-06,0.011755289436914985
0.0188,-0.22689280275926285,0.011179748957230593,109.67333727043213,0.178757244441486,8.30687989494367e-06,0.011803943230579282
0.0178,-0.22689280275926285,0.011104578339030186,108.93591350588613,0.1806446605723232,-8.917468649046266e-07,0.01186812727894461
0.016800000000000002,-0.22689280275926285,0.011021720672687297,108.12307979906238,0.18276774505791493,1.4790650474025269e-05,0.011905808044840704
0.0158,-0.22689280275926285,0.01094152981674484,107.33640750226688,0.1847892874596238,1.6440610286977768e-05,0.011957250468422671
0.0148,-0.22689280275926285,0.010862239453270774,106.5585690365863,0.18679436675666863,1.0153408959538047e-05,0.012010390214702217
0.013800000000000002,-0.22689280275926285,0.010783033619868508,105.78155981091007,0.18878554527161018,1.351990237594147e-06,0.012066656700713545
0.0128,-0.22689280275926285,0.010703518135061487,105.00151290495319,0.19078871339255124,-6.045225326458582e-06,0.012123957222376115
0.011800000000000001,-0.22689280275926285,0.010621618754688653,104.19807998349569,0.1928684741815909,2.791377725154532e-06,0.012170481863642973
0.0108,-0.22689280275926285,0.010540477221598794,103.40208154388417,0.19489054249480414,-5.567616825529289e-06,0.01222611320978103
0.009800000000000001,-0.22689280275926285,0.01045985266179825,102.61115461224084,0.19691049371186306,-1.4470066890758996e-05,0.012282913348848332
0.0088,-0.22689280275926285,0.010377376972492159,101.80206810014808,0.19900253630780168,-3.4941923703709814e-06,0.012329832405661996
0.0078000000000000005,-0.22689280275926285,0.010295895462177783,101.00273448396406,0.20104683588665379,-3.6505199048228538e-06,0.012386148317117048
0.0068000000000000005,-0.22689280275926285,0.010213140069698659,100.19090408374385,0.20316178131708257,-2.051225299494901e-07,0.012435733657379142
0.0058000000000000005,-0.22689280275926285,0.010131303105787947,99.38808346777978,0.20522776044360636,-1.4720142318839345e-06,0.012492009927814199
0.0048000000000000004,-0.22689280275926285,0.010049311377357446,98.58374461187655,0.2072984670800881,-1.1824615753541715e-06,0.012548112129802766
0.003800000000000001,-0.22689280275926285,0.009967550963977598,97.78167495662024,0.20936785269310737,-5.153609112663546e-06,0.012604729123704764
0.002800000000000001,-0.22689280275926285,0.009883396130459028,96.95611603980306,0.21149367746692957,-1.1718063269798907e-07,0.01265966141810404
0.0018000000000000008,-0.22689280275926285,0.009800987771824168,96.1476900415951,0.21357457419218587,1.9870754140682374e-06,0.01271680375437613
0.0008000000000000007,-0.22689280275926285,0.009719056326092015,95.34394255896267,0.21564521693414715,-1.9279396648567993e-06,0.012775713583028758
-0.00019999999999999928,-0.22689280275926285,0.009636289740323507,94.53200235257361,0.21772819801110313,-6.776199889977534e-06,0.012836692288452425
-0.0011999999999999992,-0.22689280275926285,0.00955415049226766,93.72621632914574,0.2197995586115936,-1.2308646565913503e-05,0.012899500170437166
-0.0021999999999999993,-0.22689280275926285,0.009468905994022654,92.88996780136225,0.22197014288500347,-1.4247631605729586e-06,0.012950241381003348
-0.0031999999999999993,-0.22689280275926285,0.009385305645360796,92.06984838098941,0.22407000847045094,-1.344859440873932e-06,0.013012682597117596
-0.004199999999999999,-0.22689280275926285,0.009299801668459036,91.23105436758316,0.22624309285761085,7.189835481645839e-06,0.01306925386871869
-0.005199999999999999,-0.22689280275926285,0.00921206809879604,90.37038804918916,0.22849399627807704,3.329694414488867e-05,0.01311424543996631
-0.006199999999999999,-0.22689280275926285,0.00913280497041587,89.5928167597797,0.23045765613841673,6.722798776222103e-06,0.013196481456611377
-0.007199999999999999,-0.22689280275926285,0.009049347603096579,88.77409998637744,0.232549485590134,2.7154317863508624e-06,0.013261801443457504
-0.008199999999999999,-0.22689280275926285,0.008960717208230544,87.90463581274165,0.23481955572699675,2.6849403052067683e-05,0.01330973000199142
-0.0092,-0.22689280275926285,0.008878545472365032,87.09853108390098,0.23687499126042835,1.038198277002673e-05,0.013384957169821618
-0.010199999999999999,-0.22689280275926285,0.008795172663642195,86.28064383032995,0.23896975061064157,4.6153257127010386e-07,0.013455928858509603
-0.0112,-0.22689280275926285,0.008709160179596819,85.43686136184479,0.24115570680650453,3.882915280327541e-06,0.013519490553927795
-0.012199999999999999,-0.22689280275926285,0.008622973297099944,84.59136804455046,0.24335793536426897,1.551214644197451e-05,0.013577812201269357
-0.0132,-0.22689280275926285,0.00853773097012455,83.75514081692185,0.24549876835075823,1.4883344979457096e-05,0.01364807096678343
-0.014199999999999999,-0.22689280275926285,0.00845344005349493,82.92824692478527,0.24763343113322278,7.134483505657042e-06,0.01371920573040792
-0.0152,-0.22689280275926285,0.008367016798453248,82.08043479282637,0.24983866218517525,1.4281176428472734e-05,0.013784313161419669
-0.0162,-0.22689280275926285,0.008281572437901426,81.242225615813,0.2520011966649568,1.7110220637632893e-05,0.013856702372793649
-0.0172,-0.22689280275926285,0.008197302334959501,80.41553590595271,0.25413521852024745,2.2256238558588714e-05,0.01393716005882907
-0.0182,-0.22689280275926285,0.00810889313196176,79.54824162454487,0.25637964704001637,2.469915938724694e-05,0.013999224617353437
-0.0192,-0.22689280275926285,0.008026697986195487,78.74190724457773,0.2584624022202038,2.1068680920944076e-05,0.01408717378484517
-0.0202,-0.22689280275926285,0.007939327810582226,77.88480582181164,0.26059689287947885,-4.5245536227693275e-05,0.014163435045207992
-0.0212,-0.22689280275926285,0.007854870481977085,77.05627942819521,0.26278543716396024,4.232362096022944e-06,0.014245548747058016
-0.0222,-0.22689280275926285,0.007765209786210463,76.17670800272465,0.2650283883999605,-3.4834729921456345e-05,0.0143112826749731
-0.0232,-0.22689280275926285,0.007678964262375223,75.33063941390094,0.26730069052615246,2.1660411060554874e-05,0.014386527960039516
-0.0242,-0.22689280275926285,0.007590824601840135,74.46598934405174,0.26948340128293713,-2.3127625154078526e-05,0.014468168130523103
-0.0252,-0.22689280275926285,0.00750962154923663,73.66938739801135,0.2715747909117695,-5.799512898381036e-07,0.014568682474298475
-0.026199999999999998,-0.22689280275926285,0.007421250930638052,72.80247162955929,0.27378246508909837,-3.2380049609546375e-05,0.01464927484898007
-0.0272,-0.22689280275926285,0.00733611025126633,71.96724156492269,0.2760098069860516,2.8500972740096698e-05,0.014731441950139187
-0.0282,-0.22689280275926285,0.007247322433909311,71.09623307665034,0.2782295352156957,-1.5070986574300466e-05,0.014824529658935388
-0.0292,-0.22689280275926285,0.0071633719431350475,70.27267876215481,0.28041016981378153,2.8958411104498913e-05,0.014916773352291156
-0.030199999999999998,-0.22689280275926285,0.007074997917212373,69.40572956785338,0.28267058429693953,-3.822625193195713e-05,0.01498742766827306
-0.0312,-0.22689280275926285,0.006989899092408324,68.57091009652567,0.28476714504123524,8.346927112295547e-06,0.01511323212891056
-0.0322,-0.22689280275926285,0.006904436490044434,67.7325219673359,0.2870656905403393,5.397287406513915e-06,0.01518531185865344
-0.0332,-0.22689280275926285,0.00681488083137765,66.85398095581475,0.28933581129556024,5.6366423465271985e-05,0.015285345086093347
-0.0342,-0.22689280275926285,0.006729202018890687,66.01347180531765,0.2915769245831743,2.1832880085826658e-05,0.015371681630843653
-0.0352,-0.22689280275926285,0.006642302849780184,65.16099095634361,0.29368082237259957,-1.313324636698711e-05,0.015500911820003946
-0.0362,-0.22689280275926285,0.006555146471166776,64.30598688214609,0.29586952354777984,3.0455247962551217e-05,0.015615902990788647
-0.037200000000000004,-0.22689280275926285,0.006468717876029786,63.4581223638522,0.29810012449000767,2.6514132675356985e-05,0.015719495822457963
-0.038200000000000005,-0.22689280275926285,0.006381938049868836,62.606812269213286,0.30037698321679496,-1.2304161053661892e-05,0.015815041464308538
-0.039200000000000006,-0.22689280275926285,0.00629354695508124,61.73969562934697,0.30264295190758733,6.834122389701743e-06,0.015927818680228786
-0.0402,-0.22689280275926285,0.006209717639686425,60.91733004532383,0.30470284346288057,-1.3489108136784399e-05,0.016065521497198032
-0.0412,-0.22689280275926285,0.006120154785883414,60.038718449516296,0.3070191115016131,2.469337107427517e-05,0.016178610526337636
-0.0422,-0.22689280275926285,0.006035472239014001,59.20798266472735,0.3091186209170766,5.177556065724914e-06,0.016318958994540778
-0.0432,-0.22689280275926285,0.005946904549515809,58.33913363075009,0.31152440676596727,1.7814372756360845e-05,0.016409339391605576
-0.0442,-0.22689280275926285,0.0058622733357882,57.50890142408225,0.3136039456985537,4.676448356332407e-06,0.01656333047510522
-0.045200000000000004,-0.22689280275926285,0.005776134526211724,56.66387970213702,0.315771417769262,1.0042877049297486e-05,0.016707665517052467
-0.046200000000000005,-0.22689280275926285,0.005688944250898263,55.808543101311955,0.3180267684065775,2.322029712662047e-05,0.016839655116289085
-0.047200000000000006,-0.22689280275926285,0.005603937447569738,54.97462636065913,0.3202165217316363,7.9768078297617e-06,0.016976252113853146
-0.0482,-0.22689280275926285,0.0055174351867981,54.12603918248936,0.32241970360147065,2.5209493375050462e-05,0.017125184254846118
-0.0492,-0.22689280275926285,0.0054320082939576285,53.28800136372434,0.3245996029965369,1.6044502798283427e-05,0.017274551862552487
-0.0502,-0.22689280275926285,0.00534531837452162,52.4375732540571,0.32683877010469753,3.507208909755061e-05,0.017420775743735184
-0.0512,-0.22689280275926285,0.005263173310456119,51.631730175574525,0.3288758784649774,-1.4822397355129407e-06,0.01759922010253602
-0.0522,-0.22689280275926285,0.0051775102072593275,50.79137513321401,0.33107412363151006,1.1239836875078298e-05,0.017755167794574034
-0.053200000000000004,-0.22689280275926285,0.0050923548207978085,49.95600079202651,0.333253576762965,1.6419904413891732e-05,0.017920395402388184
-0.054200000000000005,-0.22689280275926285,0.005009014008632564,49.13842742468546,0.33534444950212283,4.499598405183372e-06,0.01810299182853367
-0.055200000000000006,-0.22689280275926285,0.00492570684534231,48.321184152808065,0.3374456028825293,9.147874322482939e-07,0.018285007382737695
-0.060200000000000004,-0.22689280275926285,0.004510644582929661,44.24942335853998,0.34836158281501917,2.9003087487358073e-05,0.019168648277112038
-0.06520000000000001,-0.22689280275926285,0.0040088987483110185,39.327296720931095,0.3813238656186587,-1.1995565690081593e-06,0.015434630156235293
-0.0702,-0.22689280275926285,0.003617063397279182,35.48339192730877,0.39321600495048653,3.6432188298706305e-05,0.016363878384740155
-0.0752,-0.22689280275926285,0.0032461307332032167,31.84454249272356,0.4046166369518969,3.324655936383275e-05,0.017451184818432913
-0.08020000000000001,-0.22689280275926285,0.0029541405004093486,28.980118309015708,0.39677138183666805,4.591043968393336e-05,0.022714410609931762
-0.0852,-0.22689280275926285,0.002610811186278322,25.61205773739034,0.40918011602858384,-5.410091012471299e-05,0.023670465602651555
-0.0902,-0.22689280275926285,0.002301307541446296,22.57582698158817,0.42085202283812506,2.248302129740104e-05,0.024809935595194024
-0.0952,-0.22689280275926285,0.002018312224879761,19.799642926070455,0.4311373445807061,1.7807443778859788e-05,0.026173888585630342
-0.1002,-0.22689280275926285,0.0017594906070729274,17.260602855385418,0.4394158643914212,-3.3717224525007197e-06,0.028014449431484192
-0.1052,-0.22689280275926285,0.0015157773576439867,14.869775878487511,0.4469444568084906,5.260350901966088e-06,0.030164307848069366
-0.1102,-0.22689280275926285,0.0012908750192640757,12.663483938980583,0.4525304050087,8.786456006751961e-06,0.0328815327131495
-0.1152,-0.22689280275926285,0.001068994283956654,10.486833925614777,0.47009129258590365,-1.0986129326233031e-05,0.033299468018541
-0.1202,-0.22689280275926285,0.0008877914526167016,8.709234150169843,0.4678328739997901,-6.893907945610207e-06,0.03824075766169478
-0.1252,-0.22689280275926285,0.000716030170903625,7.024255976564561,0.4728171617679955,-4.355119800709234e-06,0.041855500587438005
-0.13019999999999998,-0.22689280275926285,0.000573316743858365,5.624237257250561,0.4705137598028165,-6.590728213949889e-06,0.04739526832726973
-0.1352,-0.22689280275926285,0.00045335125168829375,4.447375779062162,0.4652957447163676,-4.704610049339362e-06,0.053867366366498276
-0.1402,-0.22689280275926285,0.00035377747582153826,3.4705570378092903,0.45562293020373124,-9.834164699942957e-06,0.061747853204024664
-0.1452,-0.22689280275926285,0.00027231035140765265,2.6713645473090724,0.43964594395283935,-9.698998606907534e-06,0.07158384847311987
-0.1502,-0.22689280275926285,0.00020742029336801818,2.0347930779402583,0.4149278085159359,-1.4020319921905734e-05,0.08404633061629568
-0.15519999999999998,-0.22689280275926285,0.00015732254607714674,1.5433341770168096,0.37900551425704604,-1.99088521136105e-05,0.09975490761018428
0.0248,-0.20943951023931956,0.011837423689927145,116.12512639818529,0.16110603925346234,-8.949661579559045e-06,0.011627094104895173
0.0238,-0.20943951023931956,0.011750501621787776,115.27242090973807,0.16330208985336148,8.298796624075122e-06,0.011670460322136346
0.0228,-0.20943951023931956,0.011667164176917516,114.45488057556085,0.16539709925380763,1.0847295664852916e-05,0.011726309735280882
0.0218,-0.20943951023931956,0.011584825882904333,113.64714191129151,0.16746216634196529,5.57815184213637e-06,0.011786980125169648
0.0208,-0.20943951023931956,0.01158354323804292,113.63455916520107,0.16734613677453103,-0.0005451291387630103,0.012144870095566106
0.0198,-0.20943951023931956,0.01141317785187414,111.96327472688532,0.17178724542407925,1.629865612931064e-05,0.011887491278023493
0.0188,-0.20943951023931956,0.011333009476822734,111.17682296763104,0.17378282601279327,5.976297255913495e-06,0.011960367366433071
0.0178,-0.20943951023931956,0.011251609633606538,110.37829050568014,0.17579452131700218,-6.010240835895792e-06,0.012030582336874346
0.016800000000000002,-0.20943951023931956,0.011163242526622269,109.51140918616446,0.1780323971610458,8.076882879225425e-06,0.012077337813282463
0.0158,-0.20943951023931956,0.011080642978689896,108.7011076209479,0.18009575402854416,-6.7743297210831255e-06,0.012143538265227176
0.0148,-0.20943951023931956,0.010989689497577504,107.80885397123532,0.18238970609039895,1.020721698206384e-05,0.012188717132160708
0.013800000000000002,-0.20943951023931956,0.010907659599814929,107.00414067418446,0.18442478699330586,-3.401182995934113e-06,0.012259083477585614
0.0128,-0.20943951023931956,0.010821764064878323,106.16150547645636,0.1865827661726656,-3.112212717489416e-06,0.012319015486917655
0.011800000000000001,-0.20943951023931956,0.010731319163602301,105.27424099493858,0.18880601664295799,-2.179172320155613e-06,0.012373827120757047
0.0108,-0.20943951023931956,0.010644171325445139,104.41932070261682,0.1910021093315155,3.8178868837676e-06,0.012430531676917336
0.009800000000000001,-0.20943951023931956,0.01055842058919098,103.57810597996352,0.19314555075092688,-3.259180460630295e-06,0.01249555633659366
0.0088,-0.20943951023931956,0.010471256446171301,102.72302573694047,0.19533294907074175,-6.761666523093587e-07,0.012555468104654542
0.0078000000000000005,-0.20943951023931956,0.010384099223612287,101.86801338363654,0.19749836484177358,-3.7277979952981265e-06,0.012623704233618131
0.0068000000000000005,-0.20943951023931956,0.01029962451248398,101.03931646746783,0.19959896837620839,-1.4701995775987798e-05,0.012694964909355712
0.0058000000000000005,-0.20943951023931956,0.010210897091848846,100.16890047103719,0.2018311969594004,-1.4798583446098563e-05,0.012756191100208862
0.0048000000000000004,-0.20943951023931956,0.010120621471841264,99.2832966387628,0.204093280420778,-9.71087318965482e-07,0.012812337260448316
0.003800000000000001,-0.20943951023931956,0.010032987781364714,98.42361013518784,0.20628407188372713,-4.423284565124928e-06,0.012879993467032419
0.002800000000000001,-0.20943951023931956,0.00994263405210828,97.53724005118224,0.20856070915573516,4.348704488408513e-06,0.012938580699239206
0.0018000000000000008,-0.20943951023931956,0.009853411236190887,96.6619642270326,0.21077520327605181,4.201550488992076e-06,0.013006558678242852
0.0008000000000000007,-0.20943951023931956,0.009767315558727603,95.8173656311178,0.21291697358341485,-1.4698451456844173e-05,0.01308491732266482
-0.00019999999999999928,-0.20943951023931956,0.009677285919092497,94.93417486629741,0.21517052744726625,-1.0734030069002553e-05,0.013149292190913889
-0.0011999999999999992,-0.20943951023931956,0.009585461940051604,94.03338163190625,0.21746620564542068,6.380091031457985e-06,0.013210037060937735
-0.0021999999999999993,-0.20943951023931956,0.00949702818514633,93.16584649628551,0.21965355075485504,-2.3031161231251552e-06,0.013288767646125861
-0.0031999999999999993,-0.20943951023931956,0.009403085378238262,92.24426756051736,0.22204849198305385,2.699695364051422e-05,0.013337751955128853
-0.004199999999999999,-0.20943951023931956,0.009314217174107488,91.37247047799447,0.22426523789002828,1.9161638046615794e-05,0.013412715931090564
-0.005199999999999999,-0.20943951023931956,0.009224183216360746,90.48923735249892,0.226486061470016,1.1887059831709851e-05,0.013492223333696214
-0.006199999999999999,-0.20943951023931956,0.00913652023818511,89.62926353659593,0.22864477233323496,-5.408528770316319e-06,0.013577584000645772
-0.007199999999999999,-0.20943951023931956,0.009044483402515471,88.72638217867677,0.23096042188217028,3.6733667942726196e-06,0.013643125492194819
-0.008199999999999999,-0.20943951023931956,0.008951495289433207,87.81416878933977,0.23331222383639239,1.530294353351483e-05,0.013708345428126552
-0.0092,-0.20943951023931956,0.008859574195154318,86.91242285446387,0.235604239156148,2.1385584770684688e-05,0.01378252552133958
-0.010199999999999999,-0.20943951023931956,0.008767509595620334,86.00926913303547,0.23789174394396656,2.2309489403489237e-05,0.013858482208405527
-0.0112,-0.20943951023931956,0.008681094882165525,85.1615407940438,0.2400128321883305,-1.1649289841481106e-05,0.01395777345558255
-0.012199999999999999,-0.20943951023931956,0.008587961831149004,84.24790556357173,0.24234958709824658,-1.2732950620682298e-06,0.014032450004994916
-0.0132,-0.20943951023931956,0.008492875898376866,83.31511256307707,0.24476885357500658,2.1309387030161472e-05,0.01409624165014381
-0.014199999999999999,-0.20943951023931956,0.008399453949277144,82.39864324240878,0.24709168205892032,8.892751572502198e-06,0.014176566029371562
-0.0152,-0.20943951023931956,0.00830950740520361,81.5162676450474,0.2492764447324336,-1.2455223974483528e-05,0.014272368802192646
-0.0162,-0.20943951023931956,0.008222508507744575,80.66280846097428,0.25144047527434654,-2.774351160481675e-05,0.014382902680769284
-0.0172,-0.20943951023931956,0.008125892720299187,79.71500758613503,0.2539759836288,6.15521640497475e-05,0.01443408024146755
-0.0182,-0.20943951023931956,0.008034146121594777,78.81497345284477,0.256176466395894,-1.6046562071278157e-05,0.014535255398912643
-0.0192,-0.20943951023931956,0.007942762950457831,77.91850454399133,0.25850673537247926,1.8797021342898792e-05,0.014628926415646878
-0.0202,-0.20943951023931956,0.00784756483089818,76.98461099111115,0.2608398591486717,-1.8123446106010137e-05,0.014709443118803622
-0.0212,-0.20943951023931956,0.007754419306573015,76.07085339748127,0.26323391491797343,3.1940852050164266e-05,0.01480142229558258
-0.0222,-0.20943951023931956,0.007658299619530379,75.12791926759301,0.2656164496752194,3.953160618716324e-06,0.014887122142495254
-0.0232,-0.20943951023931956,0.007569167080481728,74.25352905952576,0.2678775443901272,3.113047444225684e-05,0.014995192214670168
-0.0242,-0.20943951023931956,0.007475047930040774,73.3302201937,0.2701526132716781,-2.7583178302866534e-05,0.015099610521665578
-0.0252,-0.20943951023931956,0.007380522121310401,72.40292201005505,0.27261253604170593,3.634970490546037e-05,0.015183192403415285
-0.026199999999999998,-0.20943951023931956,0.007284014192053726,71.45617922404706,0.27502670555221453,3.050827432930331e-05,0.015276213181542111
-0.0272,-0.20943951023931956,0.007194129200120469,70.5744074531818,0.27721970281726716,-5.110158108935797e-06,0.015400948023186659
-0.0282,-0.20943951023931956,0.007100278587760332,69.65373294592887,0.27959418791448953,1.838158118637485e-05,0.015506979332288277
-0.0292,-0.20943951023931956,0.0070067925595098095,68.73663500879124,0.28191725148697033,2.264180966005554e-06,0.01562596747878124
-0.030199999999999998,-0.20943951023931956,0.006914924468530359,67.83540903628283,0.2841962651476574,-1.1202221583864739e-05,0.015744810363296113
-0.0312,-0.20943951023931956,0.006819649967693029,66.90076618306861,0.2866145329205917,6.919328680179695e-07,0.015847888483818483
-0.0322,-0.20943951023931956,0.006724723354155384,65.96953610426432,0.28901122537668233,4.643733971622308e-05,0.015965101356561567
-0.0332,-0.20943951023931956,0.006637227772381211,65.11120444705968,0.29109715481562587,-4.6434088767488195e-05,0.01612424649006594
-0.0342,-0.20943951023931956,0.006540482581860665,64.16213412805313,0.2935558812051712,-1.0058531505636657e-05,0.01623311116883555
-0.0352,-0.20943951023931956,0.0064467324195850665,63.2424450361295,0.29589718923842306,-8.061875061941142e-06,0.016362585634615803
-0.0362,-0.20943951023931956,0.006351928853787695,62.31242205565729,0.29826334120465825,5.675772173218824e-06,0.016493570105258558
-0.037200000000000004,-0.20943951023931956,0.006257635897617446,61.38740815562715,0.3006474309397513,9.50155866640863e-06,0.016623934456406246
-0.038200000000000005,-0.20943951023931956,0.006164849473511252,60.47717333514538,0.3029495676041838,4.7216420380147605e-06,0.016771037615151058
-0.039200000000000006,-0.20943951023931956,0.0060697913355299855,59.54465300154916,0.30533792307351393,2.011595364960105e-05,0.016907950434831967
-0.0402,-0.20943951023931956,0.005976404585965152,58.62852898831814,0.30763837340611944,2.480999710376958e-05,0.01706650491457845
-0.0412,-0.20943951023931956,0.0058833289318712435,57.71545682165691,0.3099898414070232,2.0426190121921252e-05,0.017212299493038714
-0.0422,-0.20943951023931956,0.005791811510919329,56.81767092211862,0.3121642211256489,1.2146916489394267e-05,0.017397098968309488
-0.0432,-0.20943951023931956,0.005698298353056394,55.90030684348323,0.31458074395035035,5.667771766400197e-06,0.017538078311296154
-0.0442,-0.20943951023931956,0.005606294187841463,54.99774598272476,0.31676386203711815,-3.850077437745012e-07,0.017731211837612337
-0.045200000000000004,-0.20943951023931956,0.005511045240552665,54.06335380982164,0.3193365322637545,5.108783260141156e-06,0.017856468395324787
-0.046200000000000005,-0.20943951023931956,0.005420083790634784,53.171021986127236,0.32150920461886917,-6.060647108271215e-06,0.018055586028559584
-0.047200000000000006,-0.20943951023931956,0.005324732972411151,52.235630459353395,0.3238940112579823,2.062096799967607e-05,0.018226878736244262
-0.0482,-0.20943951023931956,0.0052384276984482345,51.38897572177718,0.3258740017441344,-3.608566967476901e-05,0.018460193705328837
-0.0492,-0.20943951023931956,0.005141341411412352,50.43655924595517,0.3283993372870144,3.470247819158724e-05,0.018620287612951064
-0.0502,-0.20943951023931956,0.005050657211016137,49.546947240068306,0.33069136790681153,1.998774628755458e-05,0.01880769603545475
-0.0512,-0.20943951023931956,0.004959675593808146,48.654417575257916,0.33296781630952677,2.4539042551985986e-05,0.019003896715630436
-0.0522,-0.20943951023931956,0.004872505114165682,47.79927516996535,0.3349440657346987,-6.027320700857736e-06,0.01925590905962278
-0.053200000000000004,-0.20943951023931956,0.004781425728710951,46.90578639865443,0.3371676229535031,1.5344316713497663e-05,0.019478048913521437
-0.054200000000000005,-0.20943951023931956,0.004691933250278119,46.02786518522835,0.3394495434304357,6.3144965988729615e-06,0.01968352206585121
-0.055200000000000006,-0.20943951023931956,0.004602771824511606,45.15319159845886,0.3416232347082233,1.4047777769558774e-05,0.019915141142784018
-0.060200000000000004,-0.20943951023931956,0.004165974194134769,40.86820684446209,0.3519860380978413,3.938016739924229e-05,0.02122482298361973
-0.06520000000000001,-0.20943951023931956,0.0037374274876620346,36.664163653964565,0.36207022185572985,1.5345818668241372e-05,0.022687957161630065
-0.0702,-0.20943951023931956,0.003338928365959182,32.75488727005958,0.37136267783009325,4.85479028808507e-06,0.024422644016889636
-0.0752,-0.20943951023931956,0.0029547182702304125,28.985786230960347,0.3814407005491113,3.9558667616178e-05,0.02607042728044448
-0.08020000000000001,-0.20943951023931956,0.002593867296954257,25.445838183121264,0.3921285488281815,1.6360648328718462e-05,0.027636098351363436
-0.0852,-0.20943951023931956,0.0021992385094673013,21.57452977787423,0.4320760879301124,3.579535195129628e-05,0.023262628377669084
-0.0902,-0.20943951023931956,0.001969240884201908,19.318253074020717,0.41354743208729033,7.190933374370082e-07,0.03073351164215267
-0.0952,-0.20943951023931956,0.0016902433804659323,16.581287562370797,0.4241297776896285,4.994645708954692e-06,0.03242608189430486
-0.1002,-0.20943951023931956,0.001433625753929785,14.06386864605119,0.43321546323308474,-1.3167550118185805e-05,0.034592710567714444
-0.1052,-0.20943951023931956,0.0011976618707737067,11.749062952290062,0.43936191776014294,-5.548792924686793e-06,0.03756216321691502
-0.1102,-0.20943951023931956,0.0009869667646073574,9.682143960798177,0.4416080464508018,-4.5788050550358485e-06,0.041526005515786765
-0.1152,-0.20943951023931956,0.0008006717376074379,7.854589745928966,0.4417973284652628,-1.1974819012469122e-05,0.0462014869336676
-0.1202,-0.20943951023931956,0.0006423129834630025,6.301090367772055,0.43886807587296844,-1.5953039593867804e-05,0.05179761990109058
-0.1252,-0.20943951023931956,0.000493753345328534,4.843720317672918,0.46021260229065575,-1.6069374350297544e-05,0.0530680393966774
-0.13019999999999998,-0.20943951023931956,0.00038394000555972167,3.76645145454087,0.45216601789843097,-1.6378090341557516e-05,0.06060969966037183
-0.1352,-0.20943951023931956,0.000294355550003235,2.8876279455317353,0.4377298016182772,-2.4359962199851085e-05,0.07011407981113635
-0.1402,-0.20943951023931956,0.00022274777445911308,2.1851556674438997,0.41442778714533074,-2.699911787997557e-05,0.08229333026489877
-0.1452,-0.20943951023931956,0.0001676089987461945,1.6442442777001682,0.37941498943113444,-3.510941235760892e-05,0.09784661990467543
-0.1502,-0.20943951023931956,0.0001269140174871816,1.2450265115492514,0.33122080770332984,-4.2230771542006594e-05,0.1169411421816776
-0.15519999999999998,-0.20943951023931956,7.486093141830172e-05,0.73438573721354,0.16959430582867285,-7.069065301050387e-05,0.17121586814547704
0.0248,-0.19198621771937624,0.01203828231861123,118.09554954557618,0.15490688372397135,1.4261354767112603e-05,0.01170905157550177
0.0238,-0.19198621771937624,0.011950899970536789,117.2383287109659,0.15707146670985703,4.112507821791941e-06,0.011779283924438527
0.0228,-0.19198621771937624,0.011860687503330882,116.35334440767595,0.15932701705097957,1.0464333487620817e-05,0.011838667612327314
0.0218,-0.19198621771937624,0.011774916066874063,115.51192661603456,0.16145350043478904,-3.1793959599931646e-06,0.011914493622455342
0.0208,-0.19198621771937624,0.011683249621078555,114.61267878278062,0.1637246091251011,-1.2704144924324652e-06,0.01197669900300214
0.0198,-0.19198621771937624,0.011596789302059462,113.76450305320334,0.16585490920337254,-1.6191746247341256e-05,0.012053319722387643
0.0188,-0.19198621771937624,0.01150246067983219,112.83913926915379,0.16822143369512463,1.3508702445825785e-05,0.012105116130945864
0.0178,-0.19198621771937624,0.011413561216586387,111.96703553471247,0.17042608121117378,5.652003531055354e-06,0.012178303170780044
0.016800000000000002,-0.19198621771937624,0.011323654706366884,111.08505266945915,0.17263632247933197,-2.9719611043977904e-06,0.012253123552235803
0.0158,-0.19198621771937624,0.01122956194724159,110.16200270244,0.1749928521910102,9.562863640062466e-06,0.012309226828252598
0.0148,-0.19198621771937624,0.011138880730444509,109.27241996566063,0.17722345877134874,4.914160781424423e-06,0.012382349962692656
0.013800000000000002,-0.19198621771937624,0.011048126062643734,108.38211667453503,0.17947280721707148,-5.3142595808106914e-06,0.012456976321948462
0.0128,-0.19198621771937624,0.010953907515431308,107.45783272638113,0.18177621724917903,-6.976202158989543e-06,0.01252321157821576
0.011800000000000001,-0.19198621771937624,0.010860989895933064,106.54631087910336,0.18406448711794413,-1.5822000615653326e-05,0.012597947892817471
0.0108,-0.19198621771937624,0.010764991651681287,105.60456810299343,0.18644952568630493,8.515761281765527e-08,0.01265885785278311
0.009800000000000001,-0.19198621771937624,0.01067568501285791,104.7284699761361,0.18863962965980247,-1.5017445854793291e-05,0.012743009097308695
0.0088,-0.19198621771937624,0.010577976851291585,103.76995291117045,0.19107970395932292,6.075877704695336e-06,0.012801512667726299
0.0078000000000000005,-0.19198621771937624,0.010485879170549118,102.86647466308686,0.1933503830086443,-7.196651298753799e-06,0.012882212158989485
0.0068000000000000005,-0.19198621771937624,0.01039019896251082,101.92785182223116,0.19570891560651227,-1.4753024217224017e-06,0.012952614811831152
0.0058000000000000005,-0.19198621771937624,0.010293770193146012,100.98188559476237,0.19811534433711192,1.1956583781910068e-05,0.013017819151283389
0.0048000000000000004,-0.19198621771937624,0.010198427318866351,100.0465719980789,0.20048076969794512,1.4351539173005998e-05,0.013090765037171333
0.003800000000000001,-0.19198621771937624,0.010105856720290542,99.13845442605023,0.20271661900760116,-7.406463526530158e-06,0.013183885654977051
0.002800000000000001,-0.19198621771937624,0.010005375802274969,98.15273662031746,0.20524685779509258,2.1971981113426718e-05,0.013239156773950635
0.0018000000000000008,-0.19198621771937624,0.009913646522678824,97.25287238747927,0.20747369550471034,-1.9515387759294827e-06,0.013332835949163437
0.0008000000000000007,-0.19198621771937624,0.009816670965198438,96.30154216859668,0.20984913381864267,4.424689932022994e-06,0.01341115482249243
-0.00019999999999999928,-0.19198621771937624,0.009720874525968674,95.3617790997527,0.21220394346577723,-3.683728534283064e-07,0.013495572524226458
-0.0011999999999999992,-0.19198621771937624,0.009625045683488199,94.42169815501924,0.21456664944275822,-2.0593409077320615e-06,0.013577651153979207
-0.0021999999999999993,-0.19198621771937624,0.00952721615723311,93.46199050245681,0.21697771458712128,-1.122893975654696e-06,0.013657505575996848
-0.0031999999999999993,-0.19198621771937624,0.009432942838624931,92.53716924691058,0.21925617116639537,-1.6498943967279042e-05,0.01375155408846062
-0.004199999999999999,-0.19198621771937624,0.009328733453382532,91.51487517768264,0.22185660149640812,1.599334043941091e-05,0.013816909688268209
-0.005199999999999999,-0.19198621771937624,0.009233546361805914,90.58108980931601,0.224204583849173,5.32930653802776e-06,0.013904331747924721
-0.006199999999999999,-0.19198621771937624,0.00913430057883173,89.60748867833928,0.22666068976473974,1.174984143985732e-05,0.01398586049979593
-0.007199999999999999,-0.19198621771937624,0.009032254020415173,88.60641194027286,0.22919237058107528,2.582875024984785e-05,0.014062992433155896
-0.008199999999999999,-0.19198621771937624,0.008939017852435283,87.69176513239013,0.23142188635729055,-3.828880695402873e-06,0.014173612616335367
-0.0092,-0.19198621771937624,0.008834581375795807,86.66724329655688,0.23404562915485944,2.295500502561647e-05,0.014248143994299571
-0.010199999999999999,-0.19198621771937624,0.008736985229103638,85.7098250975067,0.23641810280644462,2.176279785521733e-05,0.014341922457534656
-0.0112,-0.19198621771937624,0.008637274664621789,84.73166445993975,0.23893456708313696,5.152734709678967e-05,0.014425037775581316
-0.012199999999999999,-0.19198621771937624,0.008535258267026275,83.73088359952777,0.24142726863995712,4.509614926693267e-05,0.014513865830887256
-0.0132,-0.19198621771937624,0.008436384144719276,82.76092845969612,0.24380831274755363,5.385839377383878e-06,0.014622917275707137
-0.014199999999999999,-0.19198621771937624,0.008340857661859186,81.82381366283862,0.24614813831682353,1.6523353679123563e-05,0.014729501533326653
-0.0152,-0.19198621771937624,0.008237074749403397,80.80570329164733,0.24868161452346185,1.2712711884719453e-05,0.014825361224243189
-0.0162,-0.19198621771937624,0.008139125275466563,79.84481895232699,0.25111152039550616,1.007131552763838e-05,0.014925093229984206
-0.0172,-0.19198621771937624,0.008033804005560656,78.81161729455003,0.25380890224151453,8.921913819430706e-05,0.015005454590591716
-0.0182,-0.19198621771937624,0.007936722827742255,77.85925094015153,0.2560854095869276,9.761313154005956e-06,0.015135914911965281
-0.0192,-0.19198621771937624,0.00783296873783943,76.8414233182048,0.2587426042366174,8.263404819254301e-05,0.015223268386596357
-0.0202,-0.19198621771937624,0.007737428407018961,75.904172672856,0.26092577995449906,-2.7404551057771084e-05,0.015363776727221709
-0.0212,-0.19198621771937624,0.0076397934060170964,74.94637331302772,0.2633232020260393,-1.1067492620250735e-05,0.015491459365839455
-0.0222,-0.19198621771937624,0.007535321789519075,73.92150675518214,0.26597298809225633,4.4612724784490595e-05,0.015588998993280423
-0.0232,-0.19198621771937624,0.00743608589278653,72.94800260823585,0.2683312936126841,-1.7617755643164395e-05,0.01572273924609672
-0.0242,-0.19198621771937624,0.007333789527279196,71.94447526260892,0.2708620512346219,2.6716331052741626e-06,0.015839826043331007
-0.0252,-0.19198621771937624,0.00723359610319233,70.96157777231676,0.2733126809064503,1.907269244012906e-05,0.01596891897412342
-0.026199999999999998,-0.19198621771937624,0.007124201400098645,69.88841573496771,0.27607174543503854,2.7705833884250066e-05,0.016062396573561885
-0.0272,-0.19198621771937624,0.007028153732332677,68.94618811418356,0.27835774208923203,2.1811889903054406e-05,0.016217873650851
-0.0282,-0.19198621771937624,0.006927484757289583,67.95862546901081,0.28081643205294804,-5.849737530734972e-06,0.016360607658153316
-0.0292,-0.19198621771937624,0.006820476172856636,66.9088712557236,0.28347865532377753,3.09527906969466e-05,0.01647573457541336
-0.030199999999999998,-0.19198621771937624,0.006721023117768001,65.93323678530409,0.28587033321487937,1.369146945018195e-05,0.016631102231836635
-0.0312,-0.19198621771937624,0.006621764465128656,64.95950940291212,0.28824088388880836,-1.2814990878720085e-05,0.016790146047458217
-0.0322,-0.19198621771937624,0.006522243903124524,63.98321268965157,0.2906158528856844,-3.198302522991522e-05,0.016957135581494524
-0.0332,-0.19198621771937624,0.006413019726996431,62.911723521834986,0.29340208724353234,3.735427670108454e-05,0.017071069288325857
-0.0342,-0.19198621771937624,0.006315568667422498,61.955728627414715,0.2957227508397584,-1.0372992050574328e-06,0.01724716350031942
-0.0352,-0.19198621771937624,0.006210772996554476,60.92768309619941,0.2983184310378828,2.323126342729247e-05,0.017403944768317407
-0.0362,-0.19198621771937624,0.006111159179866364,59.95047155448903,0.3006902161547797,5.940646208708721e-06,0.01758267213755347
-0.037200000000000004,-0.19198621771937624,0.006009411329086044,58.952325138334096,0.30315221777823614,8.314441385313746e-06,0.017761576728236098
-0.038200000000000005,-0.19198621771937624,0.005909520547433702,57.97239657032463,0.305529257233029,-1.461396568328587e-05,0.017953835315347437
-0.039200000000000006,-0.19198621771937624,0.005806236267133569,56.95917778058031,0.308079910120197,1.1609510246832754e-06,0.018130200890672354
-0.0402,-0.19198621771937624,0.005702451281121486,55.94104706780178,0.31062597456509183,2.9726909051628985e-05,0.018305729345624126
-0.0412,-0.19198621771937624,0.0056020145514444055,54.95576274966962,0.3130272759857272,1.2297339890717457e-05,0.018509520582607006
-0.0422,-0.19198621771937624,0.0055021389293151935,53.975982896582046,0.31539872513014944,4.736357171586757e-07,0.018719720216880065
-0.0432,-0.19198621771937624,0.005399817837062578,52.972212981583894,0.3178756249612627,1.6007162078073653e-05,0.018927665384076232
-0.0442,-0.19198621771937624,0.005298881225994012,51.982024827001254,0.32030960453303203,2.640382780391473e-05,0.019144287068350398
-0.045200000000000004,-0.19198621771937624,0.00519804289133919,50.992800764037455,0.32272617983306034,4.199277946299514e-05,0.01935940647276852
-0.046200000000000005,-0.19198621771937624,0.005098146661894317,50.012818753183254,0.3251031148434493,4.733649182864064e-05,0.01959253846430184
-0.047200000000000006,-0.19198621771937624,0.00499948688560364,49.04496634777171,0.327444527141343,4.25380954655984e-05,0.01983866209430203
-0.0482,-0.19198621771937624,0.00490230288440464,48.09159129600952,0.32968949507778195,2.0362330258316435e-05,0.020095996086007213
-0.0492,-0.19198621771937624,0.0048042518091209845,47.12971024747686,0.33216548507124893,6.027023168431809e-06,0.020315882036422483
-0.0502,-0.19198621771937624,0.0047067085598717535,46.1728109723419,0.3342680581053042,2.6063733102000713e-05,0.020621161236838312
-0.0512,-0.19198621771937624,0.004608808704655677,45.2124133926722,0.3367211012938737,2.663699680281292e-05,0.020857226263186236
-0.0522,-0.19198621771937624,0.004515179979688931,44.29391560074841,0.33864803967547386,5.872643769421776e-06,0.02118942027930157
-0.053200000000000004,-0.19198621771937624,0.004419230682678662,43.35265299707768,0.34099314071198766,2.8405880509556395e-06,0.02146240211463414
-0.054200000000000005,-0.19198621771937624,0.004325121205074684,42.429439021782656,0.34297351310721497,1.111910468330355e-05,0.021797943762977445
-0.055200000000000006,-0.19198621771937624,0.004230804513480337,41.504192277242105,0.3450209928454036,3.380888329673837e-05,0.02212375997450325
-0.060200000000000004,-0.19198621771937624,0.0037727840946667145,37.01101196868047,0.35495695027052,-8.776162313901566e-06,0.02391580183331092
-0.06520000000000001,-0.19198621771937624,0.0033315512454937814,32.682517718294,0.36404886818990934,4.000325203670529e-05,0.02596652032775329
-0.0702,-0.19198621771937624,0.002926338923080386,28.70738483541859,0.37137515816699396,8.92621138859794e-05,0.028383914387974024
-0.0752,-0.19198621771937624,0.002561219173911024,25.125560096067147,0.3771299936104828,3.9676049069289435e-05,0.03105652059850607
-0.08020000000000001,-0.19198621771937624,0.002231751506315764,21.893482276957645,0.3826154459238396,1.4447084370348765e-05,0.03371612296933883
-0.0852,-0.19198621771937624,0.0019227004647039342,18.861691558745598,0.3888098512397503,4.289881517092925e-06,0.03637178449474884
-0.0902,-0.19198621771937624,0.0016318920057573135,16.008860576479247,0.3954989557141891,8.634714834025186e-06,0.03909779379602844
-0.0952,-0.19198621771937624,0.0012953285970586923,12.707173537145772,0.4493550636052117,-5.890643501660511e-06,0.033161949491451334
-0.1002,-0.19198621771937624,0.001119186141235047,10.979216045515813,0.4075410710087594,-8.94683813679738e-06,0.04555425447585036
-0.1052,-0.19198621771937624,0.0009028575342645028,8.857032411134774,0.41246438336313157,-1.4198274433078874e-05,0.04945046949868555
-0.1102,-0.19198621771937624,0.0007201686444477184,7.064854402032117,0.4150950811455565,-1.9455864228684333e-05,0.054030047576993534
-0.1152,-0.19198621771937624,0.0005681874522329011,5.57391890640476,0.41120919939942874,-1.6151666055568967e-05,0.06014481242255104
-0.1202,-0.19198621771937624,0.0004427191577354313,4.343074937384581,0.40084849247190707,-1.7462822000214264e-05,0.06786276552069788
-0.1252,-0.19198621771937624,0.0003392861547743497,3.328397178336371,0.38452930267410346,-2.1951704538740266e-05,0.07740336701296027
-0.13019999999999998,-0.19198621771937624,0.00025639073375448236,2.515193098131472,0.36166552764326637,-3.033573132375704e-05,0.08914765571375802
-0.1352,-0.19198621771937624,0.0001853946612295141,1.8187216266615334,0.35796451572318044,-5.102737135290744e-05,0.09920174295233146
-0.1402,-0.19198621771937624,0.0001344534845082171,1.31898868302561,0.33254710491617945,-3.982872021788263e-05,0.11465750125558476
-0.1452,-0.19198621771937624,0.00010359369422826278,1.0162541403792578,0.2732101493357754,-5.304274777863793e-05,0.13637225965384292
-0.1502,-0.19198621771937624,8.456929587903866e-05,0.8296247925733693,0.21504044414435058,-6.158298087121111e-05,0.1565140319033113
-0.15519999999999998,-0.19198621771937624,7.487988950941017e-05,0.7345717160873139,0.17715407110406728,-6.761735818587114e-05,0.16953290817826558
0.0248,-0.17453292519943295,0.012273144739577566,120.39954989525593,0.1477139763156366,3.405251165761326e-06,0.011791868955912225
0.0238,-0.17453292519943295,0.012179223094183879,119.47817855394386,0.15001087214012612,-4.470449537055479e-07,0.011869817053611835
0.0228,-0.17453292519943295,0.012082614525842266,118.53044849851263,0.1523866035134993,9.503234899721072e-06,0.0119400529340104
0.0218,-0.17453292519943295,0.011991167390905952,117.63335210478739,0.15460993681783136,-1.0633224870310818e-05,0.012029244921349862
0.0208,-0.17453292519943295,0.011894299141919015,116.68307458222554,0.15699647029083708,-9.312776247532505e-06,0.01210356762789426
0.0198,-0.17453292519943295,0.01179656266583295,115.72427975182124,0.15936895924227146,-2.6397760844151077e-06,0.012178583581686633
0.0188,-0.17453292519943295,0.011700392746017491,114.7808528384316,0.16174196912061184,3.117968302365958e-06,0.01225828324428221
0.0178,-0.17453292519943295,0.011602489399382382,113.82042100794116,0.16414101335580936,4.606475611172637e-06,0.012335296276039721
0.016800000000000002,-0.17453292519943295,0.01149950601028977,112.81015396094266,0.1666814990884398,2.561248442059924e-05,0.012398887986891136
0.0158,-0.17453292519943295,0.011403354714639474,111.86690975061323,0.16901635729633704,8.506035791255615e-06,0.01248782925563047
0.0148,-0.17453292519943295,0.011309573978181713,110.9469207259626,0.17127978452126377,-9.20009729660314e-06,0.012583265296846093
0.013800000000000002,-0.17453292519943295,0.011207681005795835,109.94735066685713,0.17373722336665162,-1.3268179972023843e-05,0.012660959744319838
0.0128,-0.17453292519943295,0.011108237794677069,108.97181276578205,0.1761528331849898,-1.5123850753787618e-05,0.012745356453045604
0.011800000000000001,-0.17453292519943295,0.011001139318289785,107.9211767124228,0.1788155636695633,1.6208199093360092e-05,0.012803342369674713
0.0108,-0.17453292519943295,0.010905884334454045,106.9867253209942,0.18110293934122887,-2.2426167047913913e-06,0.012904259988602375
0.009800000000000001,-0.17453292519943295,0.01080533330178287,106.00031969048996,0.1835655307164807,-8.036011438391391e-06,0.012990190538574458
0.0088,-0.17453292519943295,0.0107030234310745,104.99665985884086,0.18605392401778384,-5.200561648738843e-06,0.01307340215868645
0.0078000000000000005,-0.17453292519943295,0.01060053616227902,103.9912597519572,0.18854651099591477,-3.6059069503612194e-07,0.013157162319851028
0.0068000000000000005,-0.17453292519943295,0.010496253304406289,102.96824491622569,0.19110830795786204,7.448606074169247e-06,0.01323691666526898
0.0058000000000000005,-0.17453292519943295,0.010395256775272537,101.9774689654236,0.1935362730013946,-6.418147767308765e-07,0.013331641688328344
0.0048000000000000004,-0.17453292519943295,0.010291410372243267,100.95873575170644,0.19606034291278224,4.433265653050987e-06,0.013418270940265889
0.003800000000000001,-0.17453292519943295,0.01018817612943951,99.9460078298016,0.198560336793156,2.4233700148406055e-07,0.013509854465032743
0.002800000000000001,-0.17453292519943295,0.010081996876059934,98.90438935414795,0.20115202849379868,1.5409614944197574e-05,0.013591980702091729
0.0018000000000000008,-0.17453292519943295,0.009977916876426443,97.8833645577434,0.2036698908924797,1.557143483164187e-05,0.013686452444093666
0.0008000000000000007,-0.17453292519943295,0.009875923104246238,96.8828056526556,0.2060844009059503,-2.0806425967420724e-06,0.013796762797142821
-0.00019999999999999928,-0.17453292519943295,0.009767835732105639,95.82246853195632,0.20873963350769031,1.6853551721320325e-05,0.013875625943276765
-0.0011999999999999992,-0.17453292519943295,0.009662138030927036,94.78557408339422,0.2112883863140082,2.1018537862147224e-05,0.01396967145484259
-0.0021999999999999993,-0.17453292519943295,0.00955843962430913,93.76829271447258,0.21378837432810616,9.435682247812429e-06,0.014073780418500624
-0.0031999999999999993,-0.17453292519943295,0.009451098792484004,92.71527915426807,0.21638389098262575,1.0260774716267768e-05,0.014172915571000644
-0.004199999999999999,-0.17453292519943295,0.009340941318740978,91.63463433684899,0.21906981081381105,2.8139976038843263e-05,0.014258623646751171
-0.005199999999999999,-0.17453292519943295,0.00923796764815824,90.62446262843235,0.2215217937519607,7.02515107787787e-06,0.014374852375992078
-0.006199999999999999,-0.17453292519943295,0.009128564607641712,89.5512188009652,0.22418964903196556,2.9406009027713187e-05,0.014464723708306829
-0.007199999999999999,-0.17453292519943295,0.00902521033371025,88.53731337369756,0.22663278743848006,3.001017415469217e-06,0.014587501281176432
-0.008199999999999999,-0.17453292519943295,0.0089167309469803,87.47313058987675,0.22926991182618853,1.75995552221268e-05,0.014693394298063413
-0.0092,-0.17453292519943295,0.008811841306703472,86.44416321876108,0.23175636032646169,-3.5357327021351307e-06,0.014816090956854495
-0.010199999999999999,-0.17453292519943295,0.0087038219055954,85.38449289389087,0.23439602968828488,1.4675473366505152e-05,0.014920908245504717
-0.0112,-0.17453292519943295,0.0085898967500373,84.2668871178659,0.23709729990795825,-1.0786486097131568e-05,0.015021202796404155
-0.012199999999999999,-0.17453292519943295,0.00847600309528081,83.14959036470476,0.23994732949578818,5.352070574946707e-05,0.015109389703855412
-0.0132,-0.17453292519943295,0.008370628514548449,82.11586572772028,0.24241091512386348,5.3054669408852555e-06,0.015246365873809571
-0.014199999999999999,-0.17453292519943295,0.008264605617393837,81.07578110663354,0.2449445317126785,-7.222021841184466e-07,0.015378808254112385
-0.0152,-0.17453292519943295,0.008147964505430023,79.93153179826854,0.24778314914878413,0.0001368876943788441,0.015468805437338383
-0.0162,-0.17453292519943295,0.008044074431170101,78.9123701697787,0.250216187188938,-2.7448709034054897e-05,0.015619760872140342
-0.0172,-0.17453292519943295,0.007935033523839305,77.84267886886357,0.252865107127308,5.743394632066687e-06,0.015752599642406183
-0.0182,-0.17453292519943295,0.007825053352917727,76.7637733921229,0.2555047332259187,2.3982566043949284e-05,0.015883502979060167
-0.0192,-0.17453292519943295,0.007713383393694181,75.66829109213992,0.2582066801197548,3.570739124452569e-05,0.016011178059626173
-0.0202,-0.17453292519943295,0.0076014969932698875,74.5706855039776,0.2608970986825394,2.677227644758417e-05,0.016140658895855517
-0.0212,-0.17453292519943295,0.007493904654720257,73.51520466280573,0.26341423314282353,1.6649386669172734e-05,0.016300096272219677
-0.0222,-0.17453292519943295,0.007379911959843171,72.3969363260615,0.266217903603781,4.4511876342697046e-05,0.016425848137235126
-0.0232,-0.17453292519943295,0.007274065223717461,71.3585798446683,0.2686198467715525,-2.956054084034054e-05,0.016605660254193445
-0.0242,-0.17453292519943295,0.007162652321860751,70.26561927745396,0.27126029544590247,-2.1059748423677934e-05,0.01675575491510877
-0.0252,-0.17453292519943295,0.007047653061312423,69.13747653147487,0.27403671151887166,5.187149435250778e-06,0.016901903794027014
-0.026199999999999998,-0.17453292519943295,0.006935486207637606,68.03711969692492,0.2767397972483717,1.7892356509070455e-05,0.017054145762204924
-0.0272,-0.17453292519943295,0.006824808057577586,66.95136704483612,0.2793133997146674,3.209811565596185e-06,0.017233378081434526
-0.0282,-0.17453292519943295,0.006712815319894974,65.8527182881697,0.28200208346327144,2.0960263306006785e-05,0.017393631875672742
-0.0292,-0.17453292519943295,0.006601044744716985,64.75624894567362,0.2846395721430862,2.323999795778058e-05,0.01756939215403542
-0.030199999999999998,-0.17453292519943295,0.006492911261021955,63.69545947062538,0.2871528547534493,-1.196314318218315e-05,0.01776916232692214
-0.0312,-0.17453292519943295,0.006376609640162796,62.55454056999703,0.28997772729491195,3.5925951559814884e-05,0.0179356444366187
-0.0322,-0.17453292519943295,0.006267968599251077,61.48877195865307,0.29247916284059555,4.0751408612838704e-06,0.018142736059119903
-0.0332,-0.17453292519943295,0.006152314359552208,60.35420386720716,0.29526262770772627,4.1541378072209276e-05,0.018322287372777538
-0.0342,-0.17453292519943295,0.006043761103585631,59.28929642617505,0.2977730239883454,1.8906465732268613e-05,0.01853951152605772
-0.0352,-0.17453292519943295,0.005931464793683715,58.18766962603725,0.3003530136876436,3.834707368464542e-06,0.018768711169594395
-0.0362,-0.17453292519943295,0.00582578439979038,57.15094496194363,0.30270420312576846,-4.728733709538049e-05,0.019011931068454557
-0.037200000000000004,-0.17453292519943295,0.005706422573973434,55.98000545067939,0.30563970530174867,3.732057006216983e-05,0.019197731500083665
-0.038200000000000005,-0.17453292519943295,0.005598851053569717,54.92472883551893,0.3080665165822961,9.546713791718928e-06,0.019446424992909876
-0.039200000000000006,-0.17453292519943295,0.005487917263648884,53.83646835639556,0.3106504208393706,1.4908878869722768e-05,0.019689074234546765
-0.0402,-0.17453292519943295,0.005377734267727514,52.75557316640692,0.313146220690587,8.546692455159275e-06,0.019953572479530314
-0.0412,-0.17453292519943295,0.005266043386624306,51.659885622784444,0.3157468177838889,2.269725094595258e-05,0.020207571988763898
-0.0422,-0.17453292519943295,0.005160257900700955,50.62213000587637,0.318079824161981,-1.999376873974241e-05,0.020500023289742854
-0.0432,-0.17453292519943295,0.005050226008281601,49.542717141242505,0.3205571350640283,-3.73718806235132e-06,0.020778610598381493
-0.0442,-0.17453292519943295,0.004939386304147154,48.455379643683585,0.32312975273397543,2.543016980892448e-05,0.021057612774756387
-0.045200000000000004,-0.17453292519943295,0.004833607198659996,47.41768661885456,0.3254391968751529,-3.5086590207726634e-06,0.021375071767186025
-0.046200000000000005,-0.17453292519943295,0.004723599894787873,46.33851496786904,0.32793434600916616,2.7551874446702197e-05,0.02167945897196677
-0.047200000000000006,-0.17453292519943295,0.004618380796833968,45.30631561694123,0.3302254111999667,2.2985806206134364e-05,0.022006076573405156
-0.0482,-0.17453292519943295,0.004513518912388834,44.27762053053446,0.3324681445784171,1.6485892454177175e-05,0.02235378776553256
-0.0492,-0.17453292519943295,0.004409038512047363,43.252667803184636,0.33469750423056477,1.083337448608381e-05,0.022701089082490383
-0.0502,-0.17453292519943295,0.004305564097726895,42.23758379870084,0.3369126785036384,1.9049755493441736e-05,0.02306983398328742
-0.0512,-0.17453292519943295,0.004202123338028047,41.22282994605514,0.3390761280946273,1.861968021511583e-05,0.02344654298164458
-0.0522,-0.17453292519943295,0.0041011816430937525,40.23259191874972,0.3411483647127965,2.040722639976444e-05,0.0238282021250208
-0.053200000000000004,-0.17453292519943295,0.004001214544961787,39.25191468607513,0.34316514869419923,7.738626217007671e-06,0.024245578429893187
-0.054200000000000005,-0.17453292519943295,0.0038975114219258,38.234587049092106,0.34534461700690183,5.9818723566155047e-05,0.024648909083564985
-0.055200000000000006,-0.17453292519943295,0.00379644797261994,37.243154611401614,0.3473996440527295,8.3775900413118e-05,0.025066388489798003
-0.060200000000000004,-0.17453292519943295,0.003324860719893819,32.616883662158365,0.3559761941560172,-3.29328052554258e-06,0.027565979548153666
-0.06520000000000001,-0.17453292519943295,0.0028869407383298484,28.320888643015813,0.36298080171507197,7.59760153972571e-05,0.03035341413403877
-0.0702,-0.17453292519943295,0.0025054737543825146,24.57869753049247,0.367890797099532,4.1305969018514405e-06,0.03336860944858469
-0.0752,-0.17453292519943295,0.0021632634764652235,21.221614704123844,0.37068394594354326,1.1137194430783401e-06,0.03674024503167487
-0.08020000000000001,-0.17453292519943295,0.0018482100191098715,18.13094028746784,0.3707218780078398,8.159777893122568e-06,0.040708286015840436
-0.0852,-0.17453292519943295,0.0014474366383963818,14.199353422668507,0.4354591655531801,-6.268926384424101e-06,0.03313388161536614
-0.0902,-0.17453292519943295,0.0012936840168029365,12.691040204836806,0.36332810587837017,-6.2011764852913795e-06,0.050471437467564835
-0.0952,-0.17453292519943295,0.0010562404645529822,10.361718957264756,0.359785819800767,-3.12537240109922e-06,0.055704640512996464
-0.1002,-0.17453292519943295,0.0008463072317852191,8.302273943812999,0.35935089640945483,5.3354817154876043e-05,0.06071274095075089
-0.1052,-0.17453292519943295,0.0006039486728752937,5.924736480906631,0.4467907272723851,-6.082712774888527e-06,0.051032931704348056
-0.1102,-0.17453292519943295,0.0005173456030003205,5.0751603654331445,0.3507577814901943,-1.2610986468826892e-05,0.0734025524158452
-0.1152,-0.17453292519943295,0.00039195572751268604,3.8450856868994503,0.3422194416924227,-8.001309379037392e-06,0.08162500625984415
-0.1202,-0.17453292519943295,0.00029309774745372064,2.8752889025209996,0.32280431571664836,-2.2674115568653453e-05,0.09269610928404538
-0.1252,-0.17453292519943295,0.00021969662676542498,2.155223908568819,0.28246584898177307,-2.3226900755833194e-05,0.10816275495778926
-0.13019999999999998,-0.17453292519943295,0.00016523013712767617,1.6209076452225033,0.2284728784919058,-3.10874841528991e-05,0.12706734386823668
-0.1352,-0.17453292519943295,0.00012734722400065108,1.249276267446387,0.16727649954572077,-3.570461345437586e-05,0.14764941801856524
-0.1402,-0.17453292519943295,9.955706427450147e-05,0.9766548005328596,0.13869518904860934,-3.74787942246923e-05,0.1629436191226798
-0.1452,-0.17453292519943295,7.851107117993553e-05,0.7701936082751676,0.1600104576444275,-4.340541125281658e-05,0.17078989150224916
-0.1502,-0.17453292519943295,7.48476287227827e-05,0.7342552377704983,0.16958653709285265,-4.698658756179334e-05,0.17122521236103286
-0.15519999999999998,-0.17453292519943295,7.282004194284911e-05,0.7143646114593498,0.16958202323022284,-4.758798523056037e-05,0.1725125993773122
0.0248,-0.15707963267948966,0.012529730704261725,122.91665820880753,0.14000374275865435,4.475729994174192e-06,0.011817558409266127
0.0238,-0.15707963267948966,0.012431316262923419,121.95121253927874,0.14234117568217122,1.32061509930345e-07,0.011912999247085884
0.0228,-0.15707963267948966,0.012331813757933264,120.97509296532532,0.14471236593663353,-4.39067534222699e-06,0.012008411173734287
0.0218,-0.15707963267948966,0.0001668803603049064,1.637096334591132,-0.4659273978137468,-2.0846259452481293e-06,0.17252693077557885
0.0208,-0.15707963267948966,0.012129361409059828,118.98903542287691,0.14952813142588028,-8.009033954856282e-06,0.012197959490981118
0.0198,-0.15707963267948966,0.00016610009868496328,1.6294419680994898,-0.4659721590466717,-2.0966656288582024e-06,0.17309731723773245
0.0188,-0.15707963267948966,0.0001657099678749806,1.6256147848535598,-0.4659946977351219,-2.102727988102905e-06,0.1733809464361884
0.0178,-0.15707963267948966,0.011817943841840059,115.93402908845098,0.15696925944206316,-3.6926052367504195e-06,0.012482705194800922
0.016800000000000002,-0.15707963267948966,0.011712603913254729,114.9006443890289,0.15948572373282466,-3.5785568515418756e-06,0.012576372057268893
0.0158,-0.15707963267948966,0.011607094660740199,113.86559862186135,0.1620133828184717,-6.983171539387262e-06,0.012674418697356155
0.0148,-0.15707963267948966,0.011499464422846772,112.80974598812685,0.16454899153940974,-1.0755962614030988e-05,0.012768529795064574
0.013800000000000002,-0.15707963267948966,0.011390781776450616,111.74356922698055,0.16714682124799896,-9.32944054104341e-06,0.012864078725212898
0.0128,-0.15707963267948966,0.011279623968744533,110.65311113338387,0.16982881461505395,4.698481583209314e-06,0.012951978377909904
0.011800000000000001,-0.15707963267948966,0.011171318015321051,109.59062973029951,0.17241926049687578,4.568293236372422e-06,0.013051943132874583
0.0108,-0.15707963267948966,0.011062307438349793,108.52123597021146,0.17503533421306922,3.6508255459517843e-06,0.01315032051711039
0.009800000000000001,-0.15707963267948966,0.010954823610872019,107.46681962265451,0.17756697064525256,-1.1375856453754527e-05,0.013261417056977358
0.0088,-0.15707963267948966,0.010843885988336301,106.3785215455791,0.18022133962184855,-6.083306131591193e-06,0.013360434605987133
0.0078000000000000005,-0.15707963267948966,0.010732019918619473,105.28111540165703,0.18288904116239071,-1.978570495881241e-06,0.013460419433637169
0.0068000000000000005,-0.15707963267948966,0.010619643285259748,104.17870062839813,0.18557820986931453,2.810337539967596e-06,0.013560237110532867
0.0058000000000000005,-0.15707963267948966,0.010505413164492388,103.05810314367034,0.188287280364321,1.1974489778227357e-05,0.013660843485625272
0.0048000000000000004,-0.15707963267948966,0.010399119049938755,102.01535787989918,0.19076331961692353,-2.1658841335053934e-05,0.013790730005845638
0.003800000000000001,-0.15707963267948966,0.010282879388419177,100.87504680039213,0.19354634451969963,1.9579208961921697e-06,0.013886721686176086
0.002800000000000001,-0.15707963267948966,0.01017023912753304,99.77004584109913,0.1961861299958644,-5.7483839870973465e-06,0.014002561991164234
0.0018000000000000008,-0.15707963267948966,0.010053597714240425,98.62579357669857,0.1989868855418707,9.626035427795472e-06,0.01410038988283803
0.0008000000000000007,-0.15707963267948966,0.009942659587537348,97.53749055374138,0.20159281513844585,-1.0426393010335279e-05,0.014223549071540002
-0.00019999999999999928,-0.15707963267948966,0.00981925447095543,96.32688636007278,0.20457524933253163,3.429529457254353e-05,0.014308314955403516
-0.0011999999999999992,-0.15707963267948966,0.009710159660567978,95.25666627017186,0.20706915485346392,-2.038385839727548e-06,0.014449603926094602
-0.0021999999999999993,-0.15707963267948966,0.009591003499775682,94.08774433279943,0.20989550782006774,1.1318846106154489e-05,0.014559356528756964
-0.0031999999999999993,-0.15707963267948966,0.009473418275662594,92.93423328425006,0.2126856179788403,2.1685507147628136e-05,0.014672297690700505
-0.004199999999999999,-0.15707963267948966,0.009361113838768337,91.83252675831739,0.21528648889020993,-8.860177329971796e-06,0.014811506586833695
-0.005199999999999999,-0.15707963267948966,0.009277362977801755,91.01093081223523,0.21688662740690992,-0.00018688120660477231,0.01505287961082763
-0.006199999999999999,-0.15707963267948966,0.009122670135056592,89.49339402490519,0.22091016476652667,3.682138882579108e-06,0.01505041994679232
-0.007199999999999999,-0.15707963267948966,0.009001655585241472,88.30624129121885,0.22377611032120723,2.9857721760354685e-05,0.015172523618381117
-0.008199999999999999,-0.15707963267948966,0.008885815163235476,87.16984675134002,0.22653667609655134,5.095159993972695e-05,0.015303160748850894
-0.0092,-0.15707963267948966,0.008763147957087627,85.96648145902962,0.22932229514445449,-1.684168458655144e-05,0.015433692031676279
-0.010199999999999999,-0.15707963267948966,0.008648526677310168,84.84204670441275,0.23202051317731656,2.174461567583864e-06,0.015583240159591213
-0.0112,-0.15707963267948966,0.008531063359643133,83.68973155809914,0.23482266050694228,2.792145063062325e-05,0.015723532607313302
-0.012199999999999999,-0.15707963267948966,0.008406087780017835,82.46372112197496,0.23766766747075782,-1.7041775307881245e-05,0.015855916090310444
-0.0132,-0.15707963267948966,0.008286424071191921,81.28982013839274,0.24049152000177604,1.7699947800401996e-05,0.016000742293519755
-0.014199999999999999,-0.15707963267948966,0.00817030428410792,80.15068502709869,0.24316638356081152,-1.4024280206961336e-05,0.01616818925974587
-0.0152,-0.15707963267948966,0.008043876103212414,78.91042457251378,0.24613190001468988,6.48910666618642e-06,0.01629773370374977
-0.0162,-0.15707963267948966,0.007928127321198738,77.77492902095962,0.24881782020836757,1.598857576178355e-05,0.016477142306796116
-0.0172,-0.15707963267948966,0.007807366936926206,76.59026965124609,0.2515707279668557,4.893836763872385e-06,0.016645551821808234
-0.0182,-0.15707963267948966,0.007685228806776391,75.3920945944764,0.25440188149985216,-2.0692824846342353e-05,0.016797595158221802
-0.0192,-0.15707963267948966,0.007558651379409061,74.1503700320029,0.25736827357652564,1.0792469128741236e-05,0.01696071274521556
-0.0202,-0.15707963267948966,0.007439715074087976,72.98360487680304,0.2600600546800446,-8.57040807934805e-06,0.017148401875780872
-0.0212,-0.15707963267948966,0.007315328289683608,71.76337052179619,0.26291034507571337,6.953033314861178e-06,0.01732193636736682
-0.0222,-0.15707963267948966,0.0071941894919845505,70.57499891636844,0.26567911346244966,-4.134677734255798e-06,0.017516865516152398
-0.0232,-0.15707963267948966,0.007067806746514493,69.33518418330718,0.26863955855455457,2.111032066293862e-05,0.017690302871385954
-0.0242,-0.15707963267948966,0.006948427532633188,68.16407409513158,0.2713042027249914,-1.0516376303222079e-06,0.017902758805839754
-0.0252,-0.15707963267948966,0.006821413132451066,66.91806282934496,0.27430576536087126,2.975417327932392e-05,0.018080652347043605
-0.026199999999999998,-0.15707963267948966,0.006700617558629591,65.73305825015629,0.2770102224791019,1.5028740989136827e-05,0.01829938185500394
-0.0272,-0.15707963267948966,0.006578354570773199,64.53365833928508,0.2797476272873499,-1.1499442475403743e-06,0.01852572224951691
-0.0282,-0.15707963267948966,0.0064559792840502145,63.33315677653261,0.28248299319057407,-6.978818762750929e-06,0.018752821255866317
-0.0292,-0.15707963267948966,0.006328186648968194,62.07951102637798,0.2854097144639659,2.3095723869518734e-05,0.018971268541756896
-0.030199999999999998,-0.15707963267948966,0.006206469511996767,60.88546591268829,0.28813108457317316,8.825168561256357e-06,0.019210892226657214
-0.0312,-0.15707963267948966,0.006079517482504926,59.640066503373326,0.2909907348490686,4.726656234887243e-05,0.019448444952436215
-0.0322,-0.15707963267948966,0.005959524115149983,58.46293156962133,0.2936494102115508,1.2037756028739411e-05,0.019718750216118304
-0.0332,-0.15707963267948966,0.005838540039334326,57.276077785869745,0.2962700613460058,2.1094333012855395e-06,0.019997839993750127
-0.0342,-0.15707963267948966,0.005714638055203884,56.06059932155011,0.2990225172024469,7.107298603760711e-06,0.020270662925672818
-0.0352,-0.15707963267948966,0.00559055995923853,54.84339320012998,0.30178286464606113,1.1025872313647594e-05,0.020549695544095296
-0.0362,-0.15707963267948966,0.005467782887968277,53.6389501309688,0.3044297863813431,1.4348505307603705e-05,0.020852149669690165
-0.037200000000000004,-0.15707963267948966,0.005348443163014177,52.468227429169076,0.3069864540761563,-3.7922193075719854e-06,0.02116827587995719
-0.038200000000000005,-0.15707963267948966,0.005228423444207169,51.29083398767233,0.30951241057231255,-2.4388957089613798e-05,0.021502681620213404
-0.039200000000000006,-0.15707963267948966,0.005105689982974623,50.08681873298105,0.3122169497600935,-4.5266871420179775e-07,0.021818740654782356
-0.0402,-0.15707963267948966,0.004982426675486852,48.877605686526024,0.3148585730387457,2.4344456897069552e-05,0.022167893908045876
-0.0412,-0.15707963267948966,0.00486352080730823,47.71113911969374,0.3173573039767022,2.398190267454668e-05,0.022520073304766117
-0.0422,-0.15707963267948966,0.0047460649807019,46.55889746068565,0.3197335300202645,1.2530906500019414e-05,0.02289883969309328
-0.0432,-0.15707963267948966,0.004626306160504516,45.384063434549304,0.3222549957452477,3.871325485107998e-05,0.02328342869271577
-0.0442,-0.15707963267948966,0.004509480995066889,44.238008561606186,0.3245946257239176,3.5174124462776944e-05,0.023686349333210517
-0.045200000000000004,-0.15707963267948966,0.004395475301057229,43.11961270337142,0.3268099621017033,1.62150281070736e-05,0.024109604519394867
-0.046200000000000005,-0.15707963267948966,0.004280301866105742,41.989761306497336,0.3290625950413532,2.7172720747858443e-05,0.024557031605657635
-0.047200000000000006,-0.15707963267948966,0.004168993900058444,40.89783015957334,0.33112792532948937,2.4149661196222423e-05,0.02503479262514515
-0.0482,-0.15707963267948966,0.004057396543974151,39.803060096386425,0.33325765712956235,1.510718002793691e-06,0.025478495946658984
-0.0492,-0.15707963267948966,0.003948273883181063,38.73256679400623,0.335151092318703,-1.380051307694647e-05,0.025995929062373475
-0.0502,-0.15707963267948966,0.003836390383004715,37.63498965727626,0.3371755761288974,3.4849106959810534e-05,0.026497678741180843
-0.0512,-0.15707963267948966,0.0037237305356518434,36.529796554744586,0.33931625878038246,9.949800655576438e-05,0.026988277100857723
-0.0522,-0.15707963267948966,0.00362531934088118,35.56438273404438,0.3407224579745357,-4.994373059983127e-05,0.02758080616979474
-0.053200000000000004,-0.15707963267948966,0.0035178924513158166,34.510524947408165,0.3425722985705394,2.1142663960812154e-05,0.02813572287472367
-0.054200000000000005,-0.15707963267948966,0.003407377123591032,33.42636958242802,0.3444482189395516,0.00015317509050283927,0.028716406766618546
-0.055200000000000006,-0.15707963267948966,0.0033113810308081537,32.48464791222799,0.34568379424484286,7.673020458064071e-05,0.02937344089286583
-0.060200000000000004,-0.15707963267948966,0.0002323047602821302,2.2789096983676975,-0.19646339933867413,-2.2151044016901427e-05,0.17327352897424533
-0.06520000000000001,-0.15707963267948966,0.002448050224349243,24.015372700866074,0.3557273205697882,-1.9862190847854866e-06,0.036021144451420656
-0.0702,-0.15707963267948966,0.0020858919948504783,20.462600469483192,0.35747380368161485,1.4070093041931387e-06,0.03988011991290939
-0.0752,-0.15707963267948966,0.001755896864041264,17.225348236244802,0.35521785447161935,-4.303208264883109e-06,0.04454349222214238
-0.08020000000000001,-0.15707963267948966,0.00021952281783509795,2.153518842962311,-0.19607275853884598,-2.198025500547637e-05,0.17774489369058666
-0.0852,-0.15707963267948966,0.0012054071663766073,11.825044302154518,0.3396921489656937,-1.0536598224770382e-05,0.056090796666742194
-0.0902,-0.15707963267948966,0.0009837730300582377,9.650813424871313,0.3251772136315927,-4.097787398737979e-06,0.06316611300940878
-0.0952,-0.15707963267948966,0.0007942472235233301,7.791565262763869,0.3039994946982956,-8.544519622284542e-06,0.07151957158154523
-0.1002,-0.15707963267948966,0.0005250273888118798,5.150518684244541,0.435623795990524,-1.2645521002344438e-05,0.05617488523261788
-0.1052,-0.15707963267948966,0.0004887061189279928,4.794207026683609,0.25265792804945,-7.204017996270611e-06,0.09121871012652197
-0.1102,-0.15707963267948966,0.00029217112428721564,2.8661987292575857,0.4128470180559958,-1.3657030283111998e-05,0.0749456645342135
-0.1152,-0.15707963267948966,0.0002750958031886481,2.6986898292806383,0.18719726175591964,-1.9491053019828172e-05,0.11717517777763133
-0.1202,-0.15707963267948966,0.00020278439854651663,1.9893149497413283,0.14463218997896596,-2.8386183629973442e-05,0.13372955022545616
-0.1252,-0.15707963267948966,0.00015133361735517387,1.4845827862542558,0.09783650808189519,-3.417142970706552e-05,0.15229651336620909
-0.13019999999999998,-0.15707963267948966,0.00012040838360976448,1.1812062432117896,0.05132225403538812,-4.110959949869986e-05,0.16968668252718747
-0.1352,-0.15707963267948966,0.00010583920682067415,1.0382826189108136,0.024564439013374215,-4.420364868240997e-05,0.17981481279941725
-0.1402,-0.15707963267948966,9.954889546894889e-05,0.9765746645503887,0.03620473813980764,-4.579727300977581e-05,0.18098686428857286
-0.1452,-0.15707963267948966,9.450920143692386e-05,0.9271352660962231,0.05153920694447476,-4.4244551139071994e-05,0.18089521638515002
-0.1502,-0.15707963267948966,7.610192200970404e-05,0.7465598549151967,0.14632200076592586,-8.948395131857362e-05,0.1738522249122065
-0.15519999999999998,-0.15707963267948966,7.178387382344306e-05,0.7041998022079765,0.1695724431099243,-4.766415769716987e-05,0.17314413948462595
0.0248,-0.13962634015954636,0.00017241276856003356,1.6913692595739294,-0.4653878355036857,-2.062307776943741e-06,0.16834799541320733
0.0238,-0.13962634015954636,0.00017122919662403702,1.6797584188818033,-0.46559467739610305,-2.0138182071700497e-06,0.16926090816357559
0.0228,-0.13962634015954636,0.00017046282081725398,1.6722402722172616,-0.4657155957656798,-2.0243053155464694e-06,0.16985104348142344
0.0218,-0.13962634015954636,0.00016999647468421414,1.6676654166521407,-0.4657586846106282,-2.058067844199705e-06,0.1702094128641478
0.0208,-0.13962634015954636,0.00016960735801275153,1.6638481821050926,-0.4657801584556963,-2.063843339419711e-06,0.17050239807807993
0.0198,-0.13962634015954636,0.012276869392143381,120.43608873692656,0.14409850066370655,3.2553579757800368e-06,0.012347165697020508
0.0188,-0.13962634015954636,0.012166407033102738,119.35245299473786,0.14664241816551554,2.5116392977954274e-06,0.012462281297975573
0.0178,-0.13962634015954636,0.012053470092436068,118.24454160679784,0.14924014634528235,4.817673964746482e-06,0.01257615667827789
0.016800000000000002,-0.13962634015954636,0.01194218627138138,117.15284732225133,0.15180323173203603,-6.801715251417568e-07,0.0126974331277237
0.0158,-0.13962634015954636,0.011826430888534455,116.01728701652301,0.15443582643185655,-1.353679232190402e-06,0.012810721053527967
0.0148,-0.13962634015954636,0.00016727265798394678,1.6409447748225179,-0.46591109956718146,-2.0990605891753397e-06,0.17223956395788098
0.013800000000000002,-0.13962634015954636,0.011598697252073761,113.7832200428436,0.15967816375616237,-1.0206315270245567e-05,0.013054828319532585
0.0128,-0.13962634015954636,0.000166494424641028,1.6333103057284848,-0.4659555626696197,-2.111019157263546e-06,0.17281055000793338
0.011800000000000001,-0.13962634015954636,0.0001661053079695482,1.6294930711812678,-0.4659779504590813,-2.1170404621598803e-06,0.1730944981511738
0.0108,-0.13962634015954636,0.011242005888425503,110.28407776545419,0.16792764105006347,5.623522413936341e-06,0.01340914422849748
0.009800000000000001,-0.13962634015954636,0.011123423404187665,109.12078359508101,0.17065365949782382,-2.6947421921767596e-06,0.013536467138969367
0.0088,-0.13962634015954636,0.01100207418161324,107.93034772162589,0.17346885813739363,4.861176460550244e-06,0.013655722677790284
0.0078000000000000005,-0.13962634015954636,0.01088131672255991,106.74571704831273,0.17624097240433992,1.3073364228895855e-06,0.013783354547118935
0.0068000000000000005,-0.13962634015954636,0.010755727121664269,105.51368306352647,0.17916008786894366,1.693629621509062e-05,0.013901522034938572
0.0058000000000000005,-0.13962634015954636,0.010635052941079028,104.32986935198527,0.181934145689595,1.2711755561258455e-05,0.01403328186836839
0.0048000000000000004,-0.13962634015954636,0.010509759409952666,103.10073981163566,0.18480798094316545,2.101628463060462e-05,0.0141595850358056
0.003800000000000001,-0.13962634015954636,0.010388682984619587,101.91298007911816,0.18755393394759928,-6.32765068644134e-06,0.014307477391393236
0.002800000000000001,-0.13962634015954636,0.01026151742951086,100.66548598350154,0.1904972950092774,1.0222181180964496e-05,0.014430759498245568
0.0018000000000000008,-0.13962634015954636,0.0101365642469067,99.43969526215474,0.19334740743579734,1.8837135684981813e-06,0.014570497009476612
0.0008000000000000007,-0.13962634015954636,0.010014017501759334,98.23751169225906,0.19611246397165413,-2.1377007468781716e-05,0.014722040748518395
-0.00019999999999999928,-0.13962634015954636,0.00988347889541591,96.95692796403007,0.1991263741522154,-3.231877293268697e-06,0.014852637148338625
-0.0011999999999999992,-0.13962634015954636,0.00974932041036511,95.64083322568173,0.20225833702434678,4.789265394884961e-05,0.014970641193684187
-0.0021999999999999993,-0.13962634015954636,0.009625120018435046,94.42242738084781,0.20500610922587661,2.720056336572594e-06,0.015136230455953019
-0.0031999999999999993,-0.13962634015954636,0.009491952432545246,93.11605336326886,0.20809467061392906,1.5396557124592922e-05,0.015269166396759168
-0.004199999999999999,-0.13962634015954636,0.009360625089462563,91.82773212762774,0.21103535216503538,-2.842524314216197e-06,0.01540996362014153
-0.005199999999999999,-0.13962634015954636,0.009237060856064261,90.6155669979904,0.21382726652232056,2.5391665686667225e-06,0.01558192648032439
-0.006199999999999999,-0.13962634015954636,0.009099549372009207,89.26657933941033,0.21701029735172428,4.896021254979423e-05,0.01571943372069146
-0.007199999999999999,-0.13962634015954636,0.00897961257631871,88.08999937368654,0.21966240709683318,4.589415655702273e-06,0.015920690882164933
-0.008199999999999999,-0.13962634015954636,0.008839275910046168,86.7132966775529,0.22283296270819686,-9.64434957557747e-06,0.01605548176487691
-0.0092,-0.13962634015954636,0.008706610600912237,85.41184999494905,0.22578566103375822,-1.6317581772183899e-06,0.016225297100652965
-0.010199999999999999,-0.13962634015954636,0.008574745370830065,84.11825208784295,0.22876716654529047,3.354034100299039e-06,0.016399676391833193
-0.0112,-0.13962634015954636,0.008448012561539424,82.87500322870174,0.23159328701058327,-4.7579146942644225e-06,0.01659481520875026
-0.012199999999999999,-0.13962634015954636,0.008306986384358943,81.49153643056124,0.23481863171395398,5.7305341993881e-05,0.016745512712929525
-0.0132,-0.13962634015954636,0.008180311574598264,80.24885654680897,0.23758808817043467,8.198106493575855e-06,0.016955467204457085
-0.014199999999999999,-0.13962634015954636,0.008044812510346541,78.91961072649957,0.24054209635635398,-1.0366039287057227e-05,0.017150200877463745
-0.0152,-0.13962634015954636,0.007910993817559058,77.60684935025436,0.24350452731493508,-1.4382175513885906e-05,0.017344369286215487
-0.0162,-0.13962634015954636,0.0077736749590236725,76.25975134802223,0.24652682749407565,-6.517727081169472e-06,0.01754829450212076
-0.0172,-0.13962634015954636,0.0076404283202789166,74.95260182193617,0.24941981156065543,-2.4920496891211986e-05,0.017768982724007454
-0.0182,-0.13962634015954636,0.007496092755715029,73.53666993356444,0.2527406536804121,4.8602531244531404e-05,0.017937630263416444
-0.0192,-0.13962634015954636,0.007358524481319525,72.18712516174455,0.2557762772556795,5.502845471336636e-05,0.018161739331154725
-0.0202,-0.13962634015954636,0.0072343953675864285,70.96941855602287,0.25829226037850406,-3.8588491510801715e-05,0.01843836118052882
-0.0212,-0.13962634015954636,0.007094769695511644,69.59969071296923,0.26135565555379753,-1.873534668169289e-05,0.018662802239717606
-0.0222,-0.13962634015954636,0.006953227851503562,68.21116522324995,0.2645064616438089,9.318345585590399e-06,0.018891599822666673
-0.0232,-0.13962634015954636,0.0068169256404916915,66.87404053322349,0.26741465287666577,2.0553268930947835e-05,0.019130390824636884
-0.0242,-0.13962634015954636,0.006676156007774469,65.49309043626755,0.27044572044985676,1.8857891948713723e-05,0.019399781882276743
-0.0252,-0.13962634015954636,0.006544230388212238,64.19890010836205,0.2731536010481613,-1.3656718601477633e-05,0.01969067370887309
-0.026199999999999998,-0.13962634015954636,0.006405019192861884,62.833238281975085,0.27613041949918693,2.060276557167286e-06,0.019963783683575785
-0.0272,-0.13962634015954636,0.006266791363716932,61.477223278063114,0.27910441806010217,4.4600562351162346e-06,0.020246198814801525
-0.0282,-0.13962634015954636,0.006127922886709837,60.114923518623506,0.28200589261480474,2.1205546482415938e-05,0.020539855779442846
-0.0292,-0.13962634015954636,0.00599078838013435,58.76963400911798,0.2848195504286793,2.324412818000875e-05,0.0208554939705292
-0.030199999999999998,-0.13962634015954636,0.0058504003894280345,57.39242782028902,0.2878117732216697,4.6855219062353595e-05,0.021169531273919635
-0.0312,-0.13962634015954636,0.005714298190866689,56.057265252402225,0.29055725567139656,3.6356946043485625e-05,0.021515982024691557
-0.0322,-0.13962634015954636,0.005575185110514029,54.69256593414263,0.29346330865685827,5.922193908922154e-05,0.021858095359580505
-0.0332,-0.13962634015954636,0.005446149584680598,53.42672742571667,0.2958519096152121,-1.1016943054829643e-05,0.022264595336178493
-0.0342,-0.13962634015954636,0.005310526914665655,52.09626903287008,0.29852655233900993,-1.9178244978422525e-05,0.022654413919333767
-0.0352,-0.13962634015954636,0.005164966033628214,50.66831678989278,0.30172204264034463,8.585694039549621e-05,0.0230010328248397
-0.0362,-0.13962634015954636,0.005046912910932405,49.51021565624689,0.30362742850552044,-8.52750725168114e-05,0.023485389421879006
-0.037200000000000004,-0.13962634015954636,0.00490352148365634,48.1035457546687,0.3066163685850077,3.2342937403543524e-05,0.02386993896919644
-0.038200000000000005,-0.13962634015954636,0.004765608147086732,46.75061592292084,0.3093095719593669,8.677416091335643e-05,0.024301399579425946
-0.039200000000000006,-0.13962634015954636,0.004642675929696407,45.54465087032176,0.31132632839762797,-2.4361813149085242e-05,0.024828658268000563
-0.0402,-0.13962634015954636,0.004510092969087466,44.24401202674804,0.3138768211123492,7.207806559143318e-06,0.025288005859797326
-0.0412,-0.13962634015954636,0.004377926579859859,42.94745974842521,0.3162483817504293,3.8327254953848046e-05,0.02579795801949083
-0.0422,-0.13962634015954636,0.00425342199781171,41.726069798532876,0.31823874476837843,-1.5378588411187166e-05,0.02636056750581392
-0.0432,-0.13962634015954636,0.004125617911236849,40.47231170923349,0.3204670708464358,3.9414234513236446e-05,0.026893897150380847
-0.0442,-0.13962634015954636,0.004001709372077684,39.25676894008208,0.32255333019810223,3.222892734086307e-05,0.02746174999843795
-0.045200000000000004,-0.13962634015954636,0.0038763495890898484,38.026989468971415,0.3246088712735821,0.00010579779021374519,0.028045785195665314
-0.046200000000000005,-0.13962634015954636,0.0037591382403732347,36.877146138061434,0.3261960777270739,5.64762381165913e-05,0.028692009002310406
-0.047200000000000006,-0.13962634015954636,0.003647853748946802,35.78544527716813,0.3276439643372602,-1.6281740100448803e-05,0.029366911596680915
-0.0482,-0.13962634015954636,0.0035261565094027144,34.59159535724063,0.32942790008546563,7.264258841035762e-05,0.0300094375493365
-0.0492,-0.13962634015954636,0.003419448011816059,33.54478499591554,0.33066670038863594,-5.71088558684692e-05,0.030732826479699688
-0.0502,-0.13962634015954636,0.003309627121736065,32.4674420642308,0.3319166065547944,-6.554181034806391e-05,0.031476423785249286
-0.0512,-0.13962634015954636,0.0031797105203544788,31.192960204677437,0.3337223516409844,0.000285813284856438,0.03216110780241345
-0.0522,-0.13962634015954636,0.00024001493583873174,2.3545465205779585,-0.2014425263421223,-2.164004407596709e-05,0.1711318216233307
-0.053200000000000004,-0.13962634015954636,0.0029879381335673715,29.311673090295916,0.33559753632940176,9.562148679239731e-05,0.033653282453589006
-0.054200000000000005,-0.13962634015954636,0.0028993211796069954,28.44234077194463,0.33637738742242107,-1.3178145298704534e-06,0.03438173371375876
-0.055200000000000006,-0.13962634015954636,0.0028097916785264554,27.564056366344527,0.3372610291334265,9.957964702197593e-07,0.0351055157988699
-0.060200000000000004,-0.13962634015954636,0.0023906855839795154,23.452625578839047,0.3402184106050816,-2.370843572624498e-07,0.03895149163513866
-0.06520000000000001,-0.13962634015954636,0.002009873169969025,19.716855797396136,0.3401409765699006,-1.0557756331573858e-05,0.04340393643052178
-0.0702,-0.13962634015954636,0.0016702955414678784,16.38559926179989,0.33689607541164956,-3.5113149589843755e-06,0.04851337077909395
-0.0752,-0.13962634015954636,0.0013769720747701206,13.508096053494883,0.3301900006940755,-8.054238885969687e-06,0.05425874194029828
-0.08020000000000001,-0.13962634015954636,0.0011231445253167096,11.018047793356923,0.31861331914905633,-7.182346054141127e-06,0.060939413659108446
-0.0852,-0.13962634015954636,0.0009044658873642855,8.87281035504364,0.3007817667731476,-9.53014453443264e-06,0.06882607078017257
-0.0902,-0.13962634015954636,0.0007205339627061656,7.068438174147485,0.27270118615900873,-1.0085233657645701e-05,0.07857208050018605
-0.0952,-0.13962634015954636,0.0005683099355669413,5.575120467911694,0.23196724484771306,-9.529776420289179e-06,0.09058472156871787
-0.1002,-0.13962634015954636,0.00044591864697519955,4.374461926826708,0.17477912835319231,-1.786938549629468e-05,0.10541424245615609
-0.1052,-0.13962634015954636,0.00023680714474692277,2.3230780899673125,0.3862004193241597,-1.796992791189961e-05,0.08543382089260307
-0.1102,-0.13962634015954636,0.00016857055864495448,1.6536771803070036,0.34372629730125115,-2.182326817797747e-05,0.10397596089925779
-0.1152,-0.13962634015954636,0.00021426939113467413,2.1019827270311535,-0.04528391512415085,-8.172462412963339e-06,0.16034669292337134
-0.1202,-0.13962634015954636,9.542522674002213e-05,0.9361214743196171,0.21443962169433203,-3.79954863005666e-05,0.1503777906063355
-0.1252,-0.13962634015954636,0.00014341720368700217,1.4069227681694914,-0.09461505550448088,-3.634046130265929e-05,0.18376762317448259
-0.13019999999999998,-0.13962634015954636,0.00012658092809672284,1.241758904628851,-0.057284871037371426,-4.284140643086569e-05,0.18401500840208307
-0.1352,-0.13962634015954636,0.00011347334201371118,1.1131734851545068,-0.018851087078639986,-4.3584565771905706e-05,0.1835690277882235
-0.1402,-0.13962634015954636,0.0001055407398002658,1.0353546574406076,0.004621009003032535,-4.450402503138503e-05,0.18343757502936986
-0.1452,-0.13962634015954636,9.98248005779826e-05,0.9792812936700094,0.019817913921729845,-4.504866174748475e-05,0.1834641482436394
-0.1502,-0.13962634015954636,9.418617588753741e-05,0.9239663854567421,0.036830244780644554,-4.486711795309593e-05,0.18330793758377512
-0.15519999999999998,-0.13962634015954636,8.885993028757431e-05,0.871715916121104,0.05538543241738687,-4.3954897929795764e-05,0.1828999782275319
0.0248,-0.12217304763960307,0.01314617113040511,128.96393878927412,0.12188976626987812,1.486372368138258e-06,0.0116937193682094
0.0238,-0.12217304763960307,0.013030231620470616,127.82657219681676,0.12456969572233233,9.794756952035879e-08,0.011819832847851238
0.0228,-0.12217304763960307,0.012913269607309612,126.6791748477073,0.12727056853998978,-1.4181799879479264e-06,0.011948173574577458
0.0218,-0.12217304763960307,0.012796353664173145,125.53222944553856,0.129955991672407,-7.659939099958332e-06,0.012080724766040595
0.0208,-0.12217304763960307,0.012675458059332827,124.34624356205504,0.1326924084330288,-6.502595308123166e-06,0.012209645600526113
0.0198,-0.12217304763960307,0.01255573812636542,123.17179101964477,0.1354545882640592,3.511084835173155e-06,0.012341365683175162
0.0188,-0.12217304763960307,0.012436029761964859,121.99745196487527,0.13814936164303393,-4.1267098518185295e-06,0.0124791204673631
0.0178,-0.12217304763960307,0.00017335490173789632,1.700611586048763,-0.4652568116242509,-2.068088216841787e-06,0.16763145144470754
0.016800000000000002,-0.12217304763960307,0.00017189112827205902,1.686251968348899,-0.4655130387118326,-2.0175528809566713e-06,0.16875516818177883
0.0158,-0.12217304763960307,0.00017093580573571766,1.6768802542673904,-0.4656764625613402,-2.03028710335698e-06,0.1694913476316201
0.0148,-0.12217304763960307,0.011947124562396338,117.20129195710808,0.1489552257513276,-7.2032620451319165e-06,0.013050130493964286
0.013800000000000002,-0.12217304763960307,0.00016999376418328673,1.667638826638043,-0.4657647672180028,-2.0711490017229703e-06,0.17021222760852117
0.0128,-0.12217304763960307,0.011694865382329134,114.7266294006488,0.15449010131392799,2.724693361888547e-07,0.013342950598562917
0.011800000000000001,-0.12217304763960307,0.011568116666140488,113.4832244948382,0.15725498538399615,-2.334147582977567e-06,0.013495948050065019
0.0108,-0.12217304763960307,0.011437924259085602,112.20603698162975,0.160119969411054,3.3251872947374873e-06,0.013644036760123202
0.009800000000000001,-0.12217304763960307,0.011306179146048524,110.91361742273601,0.16299788960666653,1.5463796820635845e-05,0.01379266613696982
0.0088,-0.12217304763960307,0.011179833741434789,109.67416900347528,0.16572688277237893,-2.8298676728723705e-06,0.0139614741197292
0.0078000000000000005,-0.12217304763960307,0.00016766442360749233,1.6447879955895,-0.4658948886607224,-2.10630906879178e-06,0.17195136450333334
0.0068000000000000005,-0.12217304763960307,0.010911968633250805,107.0464122921904,0.17155979269913374,5.533006907523557e-06,0.01427490624785556
0.0058000000000000005,-0.12217304763960307,0.0001668879767488744,1.637171051906458,-0.4659390696622131,-2.1182472007979482e-06,0.17252310046518027
0.0048000000000000004,-0.12217304763960307,0.00016649975331954012,1.6333625800646887,-0.4659613146866089,-2.124258020520974e-06,0.17280744149852217
0.003800000000000001,-0.12217304763960307,0.010499721438691835,103.0022673135669,0.18057058790313135,1.8092093927912708e-05,0.014756740564537449
0.002800000000000001,-0.12217304763960307,0.010364471926643179,101.67546960036958,0.1835036457033456,-8.81814923200031e-07,0.014934885365234872
0.0018000000000000008,-0.12217304763960307,0.010219845360674391,100.25668298821579,0.1866321309892923,-5.411450010927924e-06,0.015094883816884227
0.0008000000000000007,-0.12217304763960307,0.010082859770245076,98.9128543461042,0.1896408984204952,1.0699036665137813e-05,0.015275335170367471
-0.00019999999999999928,-0.12217304763960307,0.009942401183926395,97.53495561431794,0.1926691544436094,-7.855682050945738e-08,0.015455898268165121
-0.0011999999999999992,-0.12217304763960307,0.009799462796068813,96.13273002943505,0.1957351930962668,-8.268237485224907e-07,0.01563853842533301
-0.0021999999999999993,-0.12217304763960307,0.009657201951433731,94.7371511435649,0.19887165982429164,1.5828680188148276e-05,0.015819633216088123
-0.0031999999999999993,-0.12217304763960307,0.009514377240701189,93.33604073127866,0.20194570947545745,1.317312518028459e-05,0.016009755019136533
-0.004199999999999999,-0.12217304763960307,0.00936051079809057,91.82661092926848,0.20525364923481706,1.545651168373314e-05,0.016181730006573938
-0.005199999999999999,-0.12217304763960307,0.009222215228102949,90.46993138768993,0.20821512562379796,6.7860628898278295e-06,0.016393374468921595
-0.006199999999999999,-0.12217304763960307,0.00907302221433258,89.00634792260261,0.21143901239526286,1.6292415112317732e-05,0.016583227417702875
-0.007199999999999999,-0.12217304763960307,0.00892781950234671,87.58190931802122,0.2145040439243749,9.82418165083253e-06,0.016802396290589522
-0.008199999999999999,-0.12217304763960307,0.008776916561426231,86.10155146759134,0.2176345547222625,2.2009409436083327e-05,0.017012126428605615
-0.0092,-0.12217304763960307,0.008631688623597795,84.67686539749437,0.22070134476840125,-1.6128294800117818e-05,0.01723673060855886
-0.010199999999999999,-0.12217304763960307,0.008486935242218972,83.25683472616811,0.22370477540275985,-4.87187649289266e-05,0.017475201118131136
-0.0112,-0.12217304763960307,0.008327895970911006,81.69665947463697,0.2271147063988465,9.650098396621347e-06,0.01767886889800468
-0.012199999999999999,-0.12217304763960307,0.008179054679658354,80.23652640744845,0.2302437843358654,-4.990717597988683e-06,0.01791984695875742
-0.0132,-0.12217304763960307,0.008027067010148646,78.74552736955823,0.23337151739626164,1.8616305144618628e-05,0.018154081410843903
-0.014199999999999999,-0.12217304763960307,0.007884422040244607,77.34618021479959,0.23613991282890667,-4.799151268719504e-05,0.018447456668396405
-0.0152,-0.12217304763960307,0.007715622012564325,75.69025194325603,0.23993902617546642,6.328091992049181e-05,0.01863666867301196
-0.0162,-0.12217304763960307,0.007571924559795549,74.28057993159435,0.24273464595121777,1.8326698817137505e-07,0.018941377094383722
-0.0172,-0.12217304763960307,0.00741813415601932,72.77189607054953,0.24576262568265803,1.5410654394481e-05,0.019217353133487224
-0.0182,-0.12217304763960307,0.007259250455569307,71.21324696913491,0.24909885841769422,4.151773878179132e-05,0.019487744709633718
-0.0192,-0.12217304763960307,0.007104750082442196,69.69759830875795,0.2521351203675549,4.909876977543884e-05,0.01979032614241005
-0.0202,-0.12217304763960307,0.00694982637622849,68.17779675080149,0.2552919884546633,4.9690735344312426e-05,0.020095358469033014
-0.0212,-0.12217304763960307,0.006801537327697356,66.72308118471106,0.25803154859297567,8.376478087975325e-06,0.02044491103623274
-0.0222,-0.12217304763960307,0.00664845351440154,65.22132897627911,0.26102621162080863,-1.4722984267132778e-05,0.020786768071366778
-0.0232,-0.12217304763960307,0.006494223437787916,63.70833192469946,0.26397093162947755,-2.398278836101855e-05,0.021138783607772334
-0.0242,-0.12217304763960307,0.006341429492746976,62.209423323847844,0.2668773881926586,-3.4582004841531095e-05,0.021505051724617183
-0.0252,-0.12217304763960307,0.006183365672896444,60.658817251114115,0.2699446252772413,-9.138718734721668e-06,0.021864635926878644
-0.026199999999999998,-0.12217304763960307,0.006032350788977188,59.177361239866215,0.27272520346917606,-4.415129444739264e-05,0.022272557864860876
-0.0272,-0.12217304763960307,0.005869184550861319,57.57670044394954,0.27597476666413073,2.775352923735998e-05,0.02263894057558566
-0.0282,-0.12217304763960307,0.0057271449418988,56.18329188002723,0.27820702800154323,-7.739940930739062e-05,0.02312362992713403
-0.0292,-0.12217304763960307,0.005568634779978879,54.628307191592796,0.28126966744641574,-3.238687145807612e-05,0.023534420972998002
-0.030199999999999998,-0.12217304763960307,0.005413543312333369,53.10685989399035,0.2839867131927154,-1.3043800008295597e-05,0.0239940051458781
-0.0312,-0.12217304763960307,0.005253240009266271,51.534284490902124,0.28709141372994745,4.927521853529158e-05,0.024444728756716966
-0.0322,-0.12217304763960307,0.0051178243598800285,50.205856970423085,0.2889586894662674,-0.00010075515939420684,0.025013008579493373
-0.0332,-0.12217304763960307,0.004963139555133696,48.688399035861565,0.2916058900314685,-6.790438668338867e-05,0.025526849241609
-0.0342,-0.12217304763960307,0.004806251276180231,47.14932501932806,0.29429837085855454,-4.52028098613373e-06,0.026076540180466845
-0.0352,-0.12217304763960307,0.00466427160265665,45.75650442206173,0.2964231538125333,-8.012477384322972e-05,0.026676282492697524
-0.0362,-0.12217304763960307,0.004508292419183447,44.22634863218962,0.29916429381252135,2.374017901339437e-05,0.027221742215979408
-0.037200000000000004,-0.12217304763960307,0.004378333621483002,42.95145282674826,0.30070014949835605,-0.00015237178145510228,0.02792541982615806
-0.038200000000000005,-0.12217304763960307,0.004210685322880729,41.306823017459955,0.3036376929990781,0.00015162979123938878,0.02851262569501055
-0.039200000000000006,-0.12217304763960307,0.004077379470720265,39.9990926077658,0.3053258772954758,6.722381021105617e-05,0.029207672993801323
-0.0402,-0.12217304763960307,0.003943090034925501,38.68171324261916,0.30700253359623464,1.3023333844605374e-05,0.029925248540405798
-0.0412,-0.12217304763960307,0.0038121393941788475,37.397087456894496,0.3084750911333916,2.2543427702217296e-06,0.0306604047182181
-0.0422,-0.12217304763960307,0.003674525310321086,36.047093294249855,0.3101643296255645,8.173268065902553e-05,0.031408512711075545
-0.0432,-0.12217304763960307,0.0035498319670912793,34.82385159716545,0.3112806788646139,-2.2465160577693716e-05,0.03227249534137878
-0.0442,-0.12217304763960307,0.003362210949343859,32.98328941306326,0.3148371490955769,0.0024310249802911017,0.031351282462945385
-0.045200000000000004,-0.12217304763960307,0.0002470152637175207,2.423219737068878,-0.20612573323512082,-1.8590693214533146e-05,0.16896808931800153
-0.046200000000000005,-0.12217304763960307,0.003192427035872972,31.31770922191386,0.31450854947987805,-1.6112323713310414e-05,0.03468467182543385
-0.047200000000000006,-0.12217304763960307,0.003082590766876921,30.240215423062594,0.315630036363501,9.799582739561072e-06,0.03545818851934711
-0.0482,-0.12217304763960307,0.0029791209883668333,29.225176895878636,0.3164956535705332,3.608604650517517e-06,0.036259934102044505
-0.0502,-0.12217304763960307,0.0027882473187856942,27.352706197287663,0.31804133341275825,-6.682700313001616e-06,0.03783751446891649
-0.0512,-0.12217304763960307,0.0026951816395522684,26.439731884007752,0.31862148649226396,-8.023846964548269e-06,0.03865633037730465
-0.0522,-0.12217304763960307,0.0026028479848832185,25.533938731704378,0.3191853775422176,3.02394451086226e-08,0.03948805140434741
-0.053200000000000004,-0.12217304763960307,0.002512129726793227,24.643992619841555,0.3195055350644255,-5.648824364869107e-06,0.04035027109136468
-0.054200000000000005,-0.12217304763960307,0.002430375114964663,23.841979877803343,0.31987822259857995,-1.158614726717619e-06,0.041218998721737087
-0.055200000000000006,-0.12217304763960307,0.0023392086029049765,22.94763639449782,0.3201580370595934,2.905358838672185e-06,0.042103300071580994
-0.060200000000000004,-0.12217304763960307,0.001948277401179089,19.112601305566866,0.31984241432333793,-7.23980040722117e-06,0.046858464255533014
-0.06520000000000001,-0.12217304763960307,0.0016051518964144403,15.746540103825659,0.31690596317974046,-7.091042662986123e-06,0.052140475625828984
-0.0702,-0.12217304763960307,0.0013073366740388953,12.824972772321564,0.309802177387011,-2.6266407826180853e-06,0.058243186766804234
-0.0752,-0.12217304763960307,0.001050958541888134,10.309903295922595,0.29623677908417173,-4.763253198184378e-06,0.06556261459742266
-0.08020000000000001,-0.12217304763960307,0.0008328148811786968,8.169913984363017,0.2736281387684148,-5.787854677161048e-06,0.0745657224975062
-0.0852,-0.12217304763960307,0.000651694549855808,6.393123534085476,0.23824831702751006,-1.1755782624406274e-05,0.08586308122545377
-0.0902,-0.12217304763960307,0.0005052178444523247,4.956187054077305,0.18600474622184676,-9.693038776474018e-06,0.1000864311574403
-0.0952,-0.12217304763960307,0.0003919797596611969,3.8453214422763415,0.11259200708310647,-1.4210226225219428e-05,0.117729413223779
-0.1002,-0.12217304763960307,0.0003074265289383715,3.0158542488854243,0.021738763202349805,-2.0363130592538812e-05,0.13801462690702132
-0.1052,-0.12217304763960307,0.0002506563332820708,2.4589386294971147,-0.07873640606694925,-2.164693674779028e-05,0.15888215330544575
-0.1102,-0.12217304763960307,0.00021718818530947073,2.130616097885908,-0.1628031412116267,-2.5299544646276534e-05,0.1755946591728008
-0.1152,-0.12217304763960307,0.0002000360814348441,1.9623539588758205,-0.2002806088930301,-2.7276093067750424e-05,0.18391074927363085
-0.1202,-0.12217304763960307,0.00018796515457958365,1.8439381664257157,-0.1889421382466152,-2.7683943802600965e-05,0.1851678323741795
-0.1252,-0.12217304763960307,0.00017163626849986752,1.6837517939837003,-0.16542003927100923,-1.4229964374011842e-05,0.18592849453831606
-0.13019999999999998,-0.12217304763960307,7.971617259917247e-05,0.7820156531978819,0.16957881613477788,-5.163533564110557e-05,0.16787273318643056
-0.1352,-0.12217304763960307,0.0001347990238035435,1.3223784235127618,-0.09342627368934026,-4.265899658316316e-05,0.18643528571658435
-0.1402,-0.12217304763960307,0.00011887980657053749,1.1662109024569727,-0.05190984445409058,-4.7651717766691096e-05,0.18607641655017823
-0.1452,-0.12217304763960307,0.00010689915300638364,1.0486806909926236,-0.014911643407956098,-5.124801425820379e-05,0.18565093349169626
-0.1502,-0.12217304763960307,0.00010009417240998792,0.9819238313419815,0.0036908484060453987,-5.278004846557958e-05,0.18563811451199705
-0.15519999999999998,-0.12217304763960307,9.43944350570479e-05,0.92600940790964,0.019870495339686562,-5.4383359348106804e-05,0.18559300607826723
0.0248,-0.10471975511965978,0.013542184937374193,132.84883423564085,0.11021786196322589,2.4587012615009333e-06,0.011540484719484644
0.0238,-0.10471975511965978,0.013415617969263088,131.60721227847088,0.11308317006348964,6.262190536175614e-07,0.01168800948708814
0.0228,-0.10471975511965978,0.01328839399349596,130.35914507619538,0.11595610900876453,-1.719074050336722e-06,0.011838942457908919
0.0218,-0.10471975511965978,0.013157799481609792,129.07801291459205,0.118870342011709,5.993423165400801e-07,0.011989469949453345
0.0208,-0.10471975511965978,0.013028309764859363,127.80771879327037,0.12174906759187164,-1.0325219678745122e-05,0.01214725962353777
0.0198,-0.10471975511965978,0.012895101454037376,126.50094526410668,0.12474923168155917,-1.9911969607797164e-07,0.012300943358039045
0.0188,-0.10471975511965978,0.01276032529948638,125.17879118796138,0.12774346951981091,6.890639080766704e-06,0.01245798637763692
0.0178,-0.10471975511965978,0.012626030561373274,123.86135980707182,0.1306321255123668,-6.52796478407756e-06,0.012623512628076792
0.016800000000000002,-0.10471975511965978,0.012490465568945982,122.5314672313601,0.1335902528933009,-6.336427310653731e-06,0.01278949061258119
0.0158,-0.10471975511965978,0.01235408956543302,121.19361863689792,0.13655592665994684,-7.665936231388123e-06,0.012959190318497751
0.0148,-0.10471975511965978,0.012213590320953406,119.81532104855292,0.13959443026311866,-1.8956210672644566e-06,0.013127048072101485
0.013800000000000002,-0.10471975511965978,0.012074072038947484,118.44664670207483,0.14259805979540155,-3.012688938846411e-06,0.01330247325269384
0.0128,-0.10471975511965978,0.01193305196304624,117.06323975748363,0.14560927425656384,-2.3031115668917637e-06,0.01347951658814054
0.011800000000000001,-0.10471975511965978,0.011790850466411205,115.66824307549393,0.1486088409339356,-3.66237465147798e-06,0.013662148250273409
0.0108,-0.10471975511965978,0.011649527995909324,114.28186963987048,0.15155196689104047,-4.9232820370787596e-06,0.013852514064663424
0.009800000000000001,-0.10471975511965978,0.00017272548060875287,1.6944369647718658,-0.4654016858540603,-2.1014684821396634e-06,0.16811597377108561
0.0088,-0.10471975511965978,0.00017148441431995423,1.6822621044787511,-0.4656192659561955,-2.0354713239556947e-06,0.1690723617232597
0.0078000000000000005,-0.10471975511965978,0.011210959298793512,109.97951072116436,0.1605223665965778,1.0745272334438037e-05,0.01442844004060977
0.0068000000000000005,-0.10471975511965978,0.00017038016893104242,1.6714294572135262,-0.46574941788381824,-2.078586462372838e-06,0.16992099634526292
0.0058000000000000005,-0.10471975511965978,0.0001699927167607952,1.6676285514234008,-0.4657707302961384,-2.08437104295298e-06,0.17021368591532854
0.0048000000000000004,-0.10471975511965978,0.010768156246358681,105.63561277677866,0.16938491025025185,4.938839004706908e-06,0.015055046127826904
0.003800000000000001,-0.10471975511965978,0.010611168079421585,104.09555885912576,0.17248157434958378,-2.1929606053804015e-05,0.01525993317299813
0.002800000000000001,-0.10471975511965978,0.010435173184859578,102.36904894347246,0.1762264749400259,0.00017872672734939177,0.015392195867869558
0.0018000000000000008,-0.10471975511965978,0.0103049766910273,101.09182133897781,0.17863676846008716,1.1190481147557156e-05,0.015705336823568887
0.0008000000000000007,-0.10471975511965978,0.010149614328864435,99.56771656616012,0.18171306124897835,3.6994438903251987e-06,0.0159353354759388
-0.00019999999999999928,-0.10471975511965978,0.009991657713832168,98.01816217269358,0.18485496281665917,2.0810054165432758e-05,0.016162125103880248
-0.0011999999999999992,-0.10471975511965978,0.00016728055156910033,1.6410222108928743,-0.46592268153399286,-2.1256134029692024e-06,0.17223521399852681
-0.0021999999999999993,-0.10471975511965978,0.00016689309939882523,1.6372213051024758,-0.46594479201226624,-2.1316145933061795e-06,0.17252002239736502
-0.0031999999999999993,-0.10471975511965978,0.009505163459941787,93.24565354202893,0.1943843046324587,-9.325432208312401e-06,0.016883563747175253
-0.004199999999999999,-0.10471975511965978,0.009341428160306043,91.63941025260229,0.19764381045552268,2.179752216176644e-05,0.0171330391834936
-0.005199999999999999,-0.10471975511965978,0.009176917997523043,90.02556555570106,0.20078546804578282,-3.844059006933658e-06,0.017401017397250036
-0.006199999999999999,-0.10471975511965978,0.009009839189322138,88.38652244725017,0.2040195540200216,4.4597678927171464e-06,0.01766602691367485
-0.007199999999999999,-0.10471975511965978,0.008838820589657298,86.70882998453808,0.20735474409025806,2.507430193688506e-05,0.017930540737790972
-0.008199999999999999,-0.10471975511965978,0.008676577893366108,85.11722913392153,0.21038417853677976,-9.4548464183435e-06,0.018232905639395555
-0.0092,-0.10471975511965978,0.008509902934043188,83.48214778296368,0.21352547356925855,-2.920841927320236e-05,0.018534571078748723
-0.010199999999999999,-0.10471975511965978,0.008331514726900538,81.73215947089429,0.21700119910675414,1.8849309769682428e-05,0.01880877574634885
-0.0112,-0.10471975511965978,0.008158988508521505,80.03967726859597,0.2202001341163486,2.6076060459516637e-05,0.019118259068779314
-0.012199999999999999,-0.10471975511965978,0.007989909129504836,78.38100856044244,0.2232655526463176,-1.6530728657659552e-06,0.019458219328213743
-0.0132,-0.10471975511965978,0.007817720725957527,76.69184032164334,0.22641826800515544,3.202381467865031e-06,0.019788975229180335
-0.014199999999999999,-0.10471975511965978,0.007641165025929665,74.95982890437001,0.2296995668835063,2.4678637383881612e-05,0.020120704208875857
-0.0152,-0.10471975511965978,0.007471524712416565,73.2956574288065,0.23261270893997132,-1.222922166806231e-05,0.02050743129552938
-0.0162,-0.10471975511965978,0.007295170699242357,71.56562455956752,0.23579154475838388,-2.3023337821284156e-06,0.020873534962823796
-0.0172,-0.10471975511965978,0.0071163252696674765,69.81115089543795,0.2389737287075581,2.7887627845407048e-05,0.02124706305679863
-0.0182,-0.10471975511965978,0.006949131478687453,68.17097980592392,0.2417167818329859,-3.0393655773799157e-05,0.021675531770432986
-0.0192,-0.10471975511965978,0.006770082324103263,66.41450759945302,0.24489476112914915,-1.1958110149080777e-05,0.022083389617420155
-0.0202,-0.10471975511965978,0.0065905243849599575,64.65304421645719,0.24794572814228505,1.3888276143665482e-05,0.02251356538393734
-0.0212,-0.10471975511965978,0.006413139286748969,62.912896403007394,0.2509243798893877,3.066516246355419e-05,0.022962634679815106
-0.0222,-0.10471975511965978,0.006240011643235391,61.21451422013919,0.2536984170837044,2.639011740742275e-05,0.023428276153579175
-0.0232,-0.10471975511965978,0.006067674987172296,59.52389162416022,0.2563206175105249,-1.0805421784787722e-05,0.02394930330153591
-0.0242,-0.10471975511965978,0.0058833017125042245,57.71518979966645,0.25940798523618325,5.6591454032801e-05,0.02443409837323545
-0.0252,-0.10471975511965978,0.0057168779883407135,56.082573065622405,0.26163931491881776,-3.233401599924934e-05,0.02503198685672584
-0.026199999999999998,-0.10471975511965978,0.00553370756592741,54.28567122174789,0.26464641153585944,7.403661254785113e-05,0.025540500195670682
-0.0272,-0.10471975511965978,0.005377390173039545,52.752197597517934,0.2665361801967533,-0.00011379765137143697,0.026212528506316706
-0.0282,-0.10471975511965978,0.005190191601458401,50.91577961030691,0.2694476220310847,6.149607090877543e-05,0.026763132775218832
-0.0292,-0.10471975511965978,0.0050174706073823445,49.221386658420805,0.27188724380590196,5.019172266650308e-05,0.027419560005352322
-0.030199999999999998,-0.10471975511965978,0.004854414182317959,47.621803128539185,0.2738755598171507,-1.5883596177126584e-05,0.02812815852482209
-0.0312,-0.10471975511965978,0.004683665642244764,45.94675995042114,0.2759057649363684,9.879960035312372e-06,0.028841159250366556
-0.0322,-0.10471975511965978,0.004518738818446335,44.32882780895854,0.2777525878609085,7.191580257110631e-06,0.02959434707971379
-0.0332,-0.10471975511965978,0.004356965836056062,42.741834851709974,0.2796204034789178,-8.23002958982849e-05,0.03040196366489764
-0.0342,-0.10471975511965978,0.004199499869542178,41.19709372020876,0.2809275607696501,-7.853019486117855e-05,0.03124904781375002
-0.0352,-0.10471975511965978,0.0040457196771365505,39.68851003270956,0.2825693055536335,-0.00011282283548735695,0.032068286607634264
-0.0362,-0.10471975511965978,0.0038768041327274377,38.03144854205617,0.28403043101621905,8.175923887563725e-05,0.03296011254617458
-0.037200000000000004,-0.10471975511965978,0.0037404425366769586,36.693741284800964,0.28509383909257635,4.246069618528465e-05,0.03380884573077832
-0.038200000000000005,-0.10471975511965978,0.003572951941645638,35.05065854754371,0.28652407659438417,-0.0006198633687806591,0.034819207888058507
-0.039200000000000006,-0.10471975511965978,0.0002797724199674516,2.7445674398807003,-0.16729429970346996,-0.00017685134808243669,0.1528826709723649
-0.0402,-0.10471975511965978,0.0033372359575487075,32.738284743552825,0.2887152305063043,2.3222620814449e-05,0.036412394945215094
-0.0412,-0.10471975511965978,0.0032206624965438625,31.59469909109529,0.2895632250088478,3.1558415175307336e-06,0.03726894325651207
-0.0422,-0.10471975511965978,0.0031000603296407947,30.411591833776196,0.29057741311653157,-0.00022353050366815752,0.038099860304007964
-0.0432,-0.10471975511965978,0.0029929162615201527,29.3605085255127,0.2913869861325745,-9.424102052454985e-05,0.03895430045344638
-0.045200000000000004,-0.10471975511965978,0.002789019934369601,27.36028555616579,0.2930295499201604,3.635961097707662e-06,0.04063354316977422
-0.046200000000000005,-0.10471975511965978,0.002692753271498818,26.41590959340341,0.2935617204343305,-9.684555169358494e-06,0.04150119223132415
-0.047200000000000006,-0.10471975511965978,0.0025953604359129447,25.460485876305988,0.29439711738318847,3.7410661977526027e-07,0.04234603920155459
-0.0482,-0.10471975511965978,0.0025033364669035823,24.557730740324146,0.2949251974612215,-6.537404257019283e-06,0.04322966695425029
-0.0492,-0.10471975511965978,0.0024134917365016884,23.676353935081565,0.29545675460369497,-1.1532140985594302e-05,0.04412213931234567
-0.0502,-0.10471975511965978,0.0023248468973314923,22.80674806282194,0.29610282010809336,2.4310936273628636e-06,0.04500419905547759
-0.0512,-0.10471975511965978,0.0022389327664889317,21.96393043925642,0.29654718111143585,4.764066690120709e-06,0.04591701121696893
-0.0522,-0.10471975511965978,0.0021568313616749718,21.158515658031472,0.29677417582912946,-6.851955585188673e-06,0.04686777755961059
-0.053200000000000004,-0.10471975511965978,0.00207566495179991,20.362273177157114,0.2969664306736572,-9.591685122237387e-06,0.047826117671838655
-0.054200000000000005,-0.10471975511965978,0.0019969356828441155,19.589939048700774,0.29698494282339083,-1.920655201771611e-05,0.048820837664991845
-0.055200000000000006,-0.10471975511965978,0.0019186614026359987,18.82206835985915,0.2972274354137305,-6.570975797347543e-07,0.04980257030723426
-0.060200000000000004,-0.10471975511965978,0.0015630236003185572,15.333261519125045,0.294890473258108,-7.54017326288045e-06,0.05531673415063608
-0.06520000000000001,-0.10471975511965978,0.0012536945121986343,12.298743164668602,0.2872114475449256,-5.72523812586248e-06,0.061893679280058525
-0.0702,-0.10471975511965978,0.0009892647876077153,9.704687566431687,0.27148385442061407,-9.736417140129892e-07,0.06999557988842199
-0.0752,-0.10471975511965978,0.0007686687693576616,7.540640627398661,0.2437362326585456,-1.5426695819538287e-05,0.08027531516297184
-0.08020000000000001,-0.10471975511965978,0.0005882410066730381,5.770644275462503,0.1993001954725298,-9.277872759737377e-06,0.09350231368808296
-0.0852,-0.10471975511965978,0.00044733042520785505,4.388311471289058,0.13255568856836508,-1.2092280669768187e-05,0.11044638346173426
-0.0902,-0.10471975511965978,0.00034300126543253945,3.364842413893212,0.0412479839188842,-1.4645770773210986e-05,0.1311415849245366
-0.0952,-0.10471975511965978,0.00027167725683181846,2.6651538895201394,-0.06555204201933465,-1.9587283364123863e-05,0.15354424387416182
-0.1002,-0.10471975511965978,0.0002291376256802684,2.247840107923433,-0.16072285408117443,-2.283639676538483e-05,0.17256586521595704
-0.1052,-0.10471975511965978,0.00021165973615703719,2.076382011700535,-0.2095509078728331,-2.297546234664357e-05,0.18221755038430584
-0.1102,-0.10471975511965978,0.00020827849319324593,2.0432120182257427,-0.2121637607478215,-2.3756529355385766e-05,0.1834815498242857
-0.1152,-0.10471975511965978,0.00020432982847056678,2.00447561729626,-0.21135634866168596,-2.5472951640058997e-05,0.18433394803887396
-0.1202,-0.10471975511965978,0.00020119058718891133,1.9736796603232203,-0.21148028186095605,-2.5918189763124835e-05,0.18510643687804734
-0.1252,-0.10471975511965978,0.00019459529628635425,1.9089798565691352,-0.20650587758976696,-2.6584291550534405e-05,0.18595030007133048
-0.13019999999999998,-0.10471975511965978,0.00018166063486048457,1.7820908279813537,-0.19106054633743266,-2.3796740830765244e-05,0.1868603591723982
-0.1352,-0.10471975511965978,0.0001641176118759724,1.6099937725032893,-0.16502555460379245,-1.1879837549625567e-05,0.1876891474189856
-0.1402,-0.10471975511965978,7.434590551261746e-05,0.7293333330787773,0.17212632102937206,0.00011047344093464874,0.171360642774855
-0.1452,-0.10471975511965978,0.0001266171858506002,1.242114593194388,-0.0884949183775281,-4.144192219924099e-05,0.18822325848860558
-0.1502,-0.10471975511965978,0.00011131523816555199,1.092002486404065,-0.046214008738257505,-4.47622070068697e-05,0.18789677721434317
-0.15519999999999998,-0.10471975511965978,0.00010084685864109326,0.9893076832691249,-0.01273838557405036,-4.675484711292451e-05,0.18751459563035114
0.0248,-0.08726646259971647,0.013998438231683603,137.32467905281615,0.0971315939358017,1.4796673224539328e-07,0.01126514344553461
0.0238,-0.08726646259971647,0.013862357950878838,135.98973149812142,0.1000830044447217,-2.6964289749945615e-06,0.011441556074334832
0.0228,-0.08726646259971647,0.013723018150917659,134.62280806050222,0.10307978889658943,-4.834434890062848e-06,0.011619698776046444
0.0218,-0.08726646259971647,0.01358154727863876,133.23497880344624,0.1060831814484722,-4.5082425258142006e-06,0.01180244778169473
0.0208,-0.08726646259971647,0.013439846275123802,131.8448919589645,0.10912895168087275,-2.7800132378834436e-06,0.011989625438646942
0.0198,-0.08726646259971647,0.013294820445505345,130.42218857040743,0.11220329125212812,-2.9617365733336847e-07,0.012178745303120258
0.0188,-0.08726646259971647,0.013145834815844068,128.96063954343032,0.11528939401402248,-5.835639164061539e-06,0.012370593764419364
0.0178,-0.08726646259971647,0.012997842821343215,127.50883807737694,0.11839523504196509,-6.020655297801158e-06,0.012568688888807678
0.016800000000000002,-0.08726646259971647,0.012846730519050822,126.02642639188858,0.12152805073367617,-6.249529269195651e-06,0.012769722005528079
0.0158,-0.08726646259971647,0.012692965940903213,124.51799588026054,0.12470521003476258,-3.8132595768951244e-06,0.012973319005080313
0.0148,-0.08726646259971647,0.012536602950484694,122.98407494425486,0.12791909622536538,1.3326405474375433e-06,0.013179589957366346
0.013800000000000002,-0.08726646259971647,0.012381353849943698,121.46108126794769,0.13106097838204814,-6.090814827064811e-06,0.013397429970804961
0.0128,-0.08726646259971647,0.012222023454460143,119.89805008825402,0.1342672161873779,-5.316473264310886e-06,0.013616460718341696
0.011800000000000001,-0.08726646259971647,0.012059485964267648,118.30355730946563,0.13752644201376238,9.392519137582387e-07,0.013836048981099747
0.0108,-0.08726646259971647,0.011895829956631063,116.69809187455074,0.14078053526347512,1.466929732637003e-06,0.014062290160188335
0.009800000000000001,-0.08726646259971647,0.011729473109832028,115.0661312074522,0.14405675943752688,9.304524360245013e-06,0.014292443398471083
0.0088,-0.08726646259971647,0.011565195535197392,113.45456820028642,0.14722995388829055,4.19994566431224e-07,0.014535939742132499
0.0078000000000000005,-0.08726646259971647,0.01139538633883272,111.78873998394897,0.15047678704156128,2.1929670976788318e-07,0.014777457133599356
0.0068000000000000005,-0.08726646259971647,0.011225823297180719,110.12532654534286,0.1537241882966666,6.7490760856324014e-06,0.015028417647615774
0.0058000000000000005,-0.08726646259971647,0.011053372816783624,108.43358733264735,0.15693101976866378,-2.2325546036946938e-05,0.01528912793019699
0.0048000000000000004,-0.08726646259971647,0.010882109189181121,106.75349114586682,0.16013205042205358,-1.7280658226735857e-05,0.015555669162726571
0.003800000000000001,-0.08726646259971647,0.010707113797749359,105.03678635592121,0.16342379997136802,3.650489556961595e-05,0.015822175916123567
0.002800000000000001,-0.08726646259971647,0.000173821036601764,1.7051843690633048,-0.46524794715312273,-2.0936852494392058e-06,0.16728379526093481
0.0018000000000000008,-0.08726646259971647,0.00017217097670607463,1.6889972814865923,-0.46553257562401945,-2.038394674787361e-06,0.16854689683230567
0.0008000000000000007,-0.08726646259971647,0.00017122380265222116,1.6797055040182898,-0.4656933928318298,-2.051223822642291e-06,0.16927602505217124
-0.00019999999999999928,-0.08726646259971647,0.00017076578094080938,1.6752123110293402,-0.46573416623981395,-2.085456138130806e-06,0.16962926897742933
-0.0011999999999999992,-0.08726646259971647,0.00017037898050962683,1.6714177987994392,-0.46575535991748346,-2.0912361578437487e-06,0.16992241762779087
-0.0021999999999999993,-0.08726646259971647,0.009633561478571528,94.50523810478671,0.18177645911232498,1.1952523449987186e-05,0.017655868825367
-0.0031999999999999993,-0.08726646259971647,0.00016960537964731556,1.6638287743401659,-0.465798037277434,-2.1028752884897574e-06,0.17050585284342745
-0.004199999999999999,-0.08726646259971647,0.009264296537779895,90.88274903562078,0.18776991650033906,4.0929808505275383e-07,0.018350390567483575
-0.005199999999999999,-0.08726646259971647,0.009074437307901166,89.02022999051044,0.1908226722816218,-3.3763013610602443e-06,0.018712643398165373
-0.006199999999999999,-0.08726646259971647,0.008882416851118577,87.13650930947325,0.19391663899985917,8.895815533597655e-06,0.019076088994243935
-0.007199999999999999,-0.08726646259971647,0.0001680581779226831,1.6486507254215212,-0.46588457070495365,-2.126475011425201e-06,0.171661090489057
-0.008199999999999999,-0.08726646259971647,0.0001676713774915647,1.6448562131922497,-0.46590645359135874,-2.13244299497257e-06,0.171947437268145
-0.0092,-0.08726646259971647,0.00016728457706035303,1.6410617009620632,-0.4659284376742959,-2.1384385767906607e-06,0.17223278532834682
-0.010199999999999999,-0.08726646259971647,0.00810719645057734,79.5315971801637,0.20577057731494042,-3.5246958825641722e-06,0.020706985589700563
-0.0112,-0.08726646259971647,0.007900206755738293,77.50102827379266,0.209022671761778,6.573875867838487e-05,0.021112336001309337
-0.012199999999999999,-0.08726646259971647,0.007707097564931609,75.6066271119791,0.21173004023046044,2.505507492175081e-05,0.02159248975766592
-0.0132,-0.08726646259971647,0.007513148913042892,73.70399083695078,0.21441992982828742,-1.278942036660921e-05,0.022088079282084137
-0.014199999999999999,-0.08726646259971647,0.007308524047311132,71.69662090412221,0.21740596743133636,1.3620905416580662e-05,0.022568952184488036
-0.0152,-0.08726646259971647,0.007112119911896723,69.76989633570686,0.2199688513097641,-1.1534020501473473e-05,0.023099752207341402
-0.0162,-0.08726646259971647,0.006911211288494096,67.79898274012709,0.22266932945958479,-3.5507261943974545e-05,0.023655267860461782
-0.0172,-0.08726646259971647,0.006709825440941559,65.8233875756367,0.22527317842692754,-4.1050369836919914e-05,0.024220575947258828
-0.0182,-0.08726646259971647,0.006503533363791234,63.79966229879201,0.2279970674684614,6.856082216852101e-06,0.024786157362664953
-0.0192,-0.08726646259971647,0.006303129154879027,61.833697009363256,0.2304542814264216,1.6157899645137115e-05,0.025385884936926884
-0.0202,-0.08726646259971647,0.006110872799433365,59.94766216244131,0.23238287274890415,-7.340668895328378e-05,0.026079814969233124
-0.0212,-0.08726646259971647,0.005896789359737251,57.84750361902243,0.23522615487671555,5.163218896089671e-05,0.026695192677364026
-0.0222,-0.08726646259971647,0.00569815649826471,55.89891524797681,0.2375712616297176,5.605008701957882e-05,0.027376702873857198
-0.0232,-0.08726646259971647,0.005512010258428655,54.0728206351851,0.23896318124549065,-4.555977240541186e-05,0.028158709932948636
-0.0242,-0.08726646259971647,0.005308200547273654,52.07344736875455,0.2410659237088914,-2.1779516614491498e-05,0.02892338111386124
-0.0252,-0.08726646259971647,0.0051314122185145495,50.339153863627736,0.2420759173512914,-0.00017082650373110978,0.029796969559326012
-0.026199999999999998,-0.08726646259971647,0.004918064986998242,48.24621752245275,0.2448155266336702,5.295651011543463e-05,0.030542621152438602
-0.0272,-0.08726646259971647,0.004725796518929668,46.360063850700044,0.2464433602065289,7.047674992961374e-05,0.031402890308048007
-0.0282,-0.08726646259971647,0.004571780662196318,44.849168296145876,0.24596910592730717,-0.00033354054423434916,0.032501268338468337
-0.0292,-0.08726646259971647,0.00015954856843720364,1.5651714563689678,-0.46639050405388804,-2.2644550636453673e-06,0.17771882944033435
-0.030199999999999998,-0.08726646259971647,0.004184014576268173,41.04518299319078,0.249467765061586,-9.867417812325085e-05,0.03438758452161088
-0.0312,-0.08726646259971647,0.004016723073812385,39.404053354099496,0.25042314459645887,5.750991693180773e-06,0.03527698652609826
-0.0322,-0.08726646259971647,0.003857129517708914,37.83844056872445,0.2516535161738992,-2.792640544785706e-05,0.03619239466983136
-0.0332,-0.08726646259971647,0.0037131372205921986,36.42587613400947,0.25302373560832103,-5.68043591357508e-06,0.037071124201714545
-0.0342,-0.08726646259971647,0.0035549929815497246,34.8744811490028,0.25476833304517793,-0.0006301895735545205,0.03788852743997033
-0.0352,-0.08726646259971647,0.003423362976384507,33.58319079833202,0.2561912328316997,-0.0004625969038549418,0.03873273988439757
-0.0362,-0.08726646259971647,0.0033051920244578127,32.423933759931145,0.2573414639612054,-0.00032942473822102905,0.03959947859867394
-0.037200000000000004,-0.08726646259971647,0.0031862063653724077,31.25668444430332,0.25870088532765745,-0.00019311569810963867,0.040443728644896204
-0.038200000000000005,-0.08726646259971647,0.0030744921768714475,30.160768255108902,0.2597673135039269,-0.00010412569306344902,0.04129690627519121
-0.039200000000000006,-0.08726646259971647,0.002958678268182995,29.024633810875184,0.26130756831323504,-0.00019679192512298113,0.04211031960855899
-0.0402,-0.08726646259971647,0.0028583968693611547,28.040873288432927,0.2623030542039001,-9.676071721585773e-06,0.04296893177750907
-0.0412,-0.08726646259971647,0.0027530800253806626,27.007715048984302,0.26367253947819536,-4.249260270587164e-06,0.043783750830774154
-0.0422,-0.08726646259971647,0.002650818791111267,26.00453234080153,0.2648986224858569,4.947663265738482e-06,0.044630222732940275
-0.0432,-0.08726646259971647,0.0025547749224000106,25.062341988744105,0.2658018352534717,-8.695818123328534e-06,0.045516188122445726
-0.0442,-0.08726646259971647,0.0024559332855750944,24.092705531491674,0.26691947601274263,2.7628569823779942e-06,0.04638414740387142
-0.045200000000000004,-0.08726646259971647,0.002363824293779988,23.18911632198168,0.2677446290982551,-5.808463099791097e-06,0.04730071835138268
-0.046200000000000005,-0.08726646259971647,0.002272942956712331,22.297570405347965,0.26851968023097894,-8.85398329829878e-06,0.048231834570180064
-0.047200000000000006,-0.08726646259971647,0.002183850935497595,21.423577677231407,0.2692079795861454,-9.79595909037752e-06,0.04919009914286111
-0.0482,-0.08726646259971647,0.002097134400950054,20.57288847332003,0.2698556625966432,-5.486809177908226e-06,0.050160642634304226
-0.0492,-0.08726646259971647,0.00201226254157454,19.74029553284624,0.27039494214933385,-3.192937485070304e-06,0.051162034286136304
-0.0502,-0.08726646259971647,0.0019308919079900524,18.942049617382416,0.2705696683396798,-1.2291857429977394e-05,0.052216125886958766
-0.0512,-0.08726646259971647,0.001850234557257736,18.15080100669839,0.2708141888939711,-5.382754389591213e-06,0.05327348539131287
-0.0522,-0.08726646259971647,0.0017717448955673668,17.38081742551587,0.27075422343652383,-8.571130251060571e-06,0.05439582093974968
-0.053200000000000004,-0.08726646259971647,0.0016963297694645365,16.640995038447105,0.2705541079266548,-8.680347383309918e-06,0.05554393498010336
-0.054200000000000005,-0.08726646259971647,0.0016220065392618438,15.911884150158688,0.2700298427789607,-1.3343504202663955e-05,0.05674725020435479
-0.055200000000000006,-0.08726646259971647,0.0015494576236020317,15.200179287535931,0.2695190545077337,-2.215345150705948e-06,0.05797774426604865
-0.060200000000000004,-0.08726646259971647,0.0012204756266027076,11.972865896972563,0.2617666324552513,-9.856285379274135e-06,0.06506507109138823
-0.06520000000000001,-0.08726646259971647,0.0009419663769109523,9.240690157496443,0.2439892741399353,-6.383449520307137e-06,0.07405388593602422
-0.0702,-0.08726646259971647,0.0007130576825742292,6.99509586605319,0.21080667597184652,-8.611194940365194e-06,0.08582019028363133
-0.0752,-0.08726646259971647,0.00023304854188903397,2.286206195931423,-0.216098252703367,-2.2783160453305307e-05,0.17594444209464205
-0.08020000000000001,-0.08726646259971647,0.00039521278255186395,3.8770373968337855,0.07050844645466885,-1.6866706845564967e-05,0.12170537884313777
-0.0852,-0.08726646259971647,0.0003010476860982229,2.953277800623567,-0.040768886424374026,-1.299358222042677e-05,0.14557627770145953
-0.0902,-0.08726646259971647,0.0002450482510690411,2.4039233429872935,-0.15212924390497298,-2.0338019871321223e-05,0.16778668510813124
-0.0952,-0.08726646259971647,0.0002213086072496458,2.1710374371190255,-0.21396662179419612,-2.2383637468160177e-05,0.17992131120029328
-0.1002,-0.08726646259971647,0.00021720017364490265,2.130733703456495,-0.21708402608679975,-2.258705491331582e-05,0.18148304869901002
-0.1052,-0.08726646259971647,0.0002131399098073984,2.0909025152105785,-0.216311990809812,-2.40884315268763e-05,0.1824807390356396
-0.1102,-0.08726646259971647,0.00021098729370459067,2.0697853512420346,-0.21764126198121353,-2.2349267262570123e-05,0.18337463751268018
-0.1152,-0.08726646259971647,0.00020778597515268984,2.0383804162478874,-0.21780638156787152,-2.2167991616266245e-05,0.184248126029028
-0.1202,-0.08726646259971647,0.00020381009897940593,1.9993770709879723,-0.2170549908796343,-2.4517057593666038e-05,0.1850926531948894
-0.1252,-0.08726646259971647,0.000200896602569538,1.9707956712071677,-0.2175383161193781,-2.4674565608995646e-05,0.18584452931244963
-0.13019999999999998,-0.08726646259971647,0.00019719549068693357,1.9344877636388185,-0.21702749690836026,-2.4975594360964258e-05,0.1865735176769842
-0.1352,-0.08726646259971647,0.0001892360460515816,1.8564056117660155,-0.21028015846931172,-2.68898232672756e-05,0.18743286735428147
-0.1402,-0.08726646259971647,7.350475974063516e-05,0.7210816930556309,0.1695478761915511,-5.0312769424875113e-05,0.17208737271839575
-0.1452,-0.08726646259971647,7.150147020542694e-05,0.7014294227152383,0.1695423003410607,-5.075577529678402e-05,0.17331393657214253
-0.1502,-0.08726646259971647,6.922640624876719e-05,0.6791110453004062,0.17335579229121661,9.422092979463074e-05,0.17435790112967353
-0.15519999999999998,-0.08726646259971647,0.00011803649409695007,1.1579380070910803,-0.08332883283800781,-3.8873143798344826e-05,0.18987877762484706
0.0248,-0.06981317007977318,0.014515273446815686,142.3948325132619,0.0829131629344305,1.8458714729945995e-06,0.010820638259576736
0.0238,-0.06981317007977318,0.014367815279697632,140.9482678938338,0.08595379572881452,-2.311326679812958e-06,0.011029632382614892
0.0228,-0.06981317007977318,0.01421646384808014,139.46351034966617,0.0890181770413573,-2.1438013464006675e-06,0.011243455534689202
0.0218,-0.06981317007977318,0.01406308943511614,137.95890735848934,0.09211924079489976,-5.1339950129110665e-06,0.011463098039379309
0.0208,-0.06981317007977318,0.013906993649860328,136.42760770512984,0.09525030425002422,-4.2557087445491573e-07,0.01168814249437291
0.0198,-0.06981317007977318,0.013745436015587212,134.84272731291054,0.09839631721119604,-6.07511203382763e-06,0.01191719935404751
0.0188,-0.06981317007977318,0.013583119816834565,133.25040540314708,0.10158117503280482,-3.940129084104275e-06,0.012153100091987229
0.0178,-0.06981317007977318,0.013416774989594208,131.6185626479192,0.1047910006534471,-2.227246043973974e-06,0.012394313302390336
0.016800000000000002,-0.06981317007977318,0.01324820716282298,129.96491226729344,0.10800701409771214,-2.7034981297521923e-06,0.012642989585818866
0.0158,-0.06981317007977318,0.013076810785360342,128.28351380438497,0.1112386759337187,-4.7481471442364184e-07,0.012897656865134454
0.0148,-0.06981317007977318,0.012901497666667204,126.56369211000528,0.11447507706871751,3.3004388053425103e-06,0.013159376609563482
0.013800000000000002,-0.06981317007977318,0.01272340573744332,124.81661028431898,0.11775376238697711,5.559727193436631e-06,0.013426715289013232
0.0128,-0.06981317007977318,0.012542170121805347,123.03868889491046,0.12103224323860558,6.5525511301735114e-06,0.013701299653739694
0.011800000000000001,-0.06981317007977318,0.012358071797996265,121.23268433834338,0.12432344892429968,5.541361270232152e-06,0.013984579615018899
0.0108,-0.06981317007977318,0.012171800305738471,119.4053609992944,0.1275971735706188,-1.062699821127675e-06,0.014276084638221973
0.009800000000000001,-0.06981317007977318,0.011983164955712564,117.55484821554026,0.13088933230440664,7.1297616563183494e-06,0.014576944882616159
0.0088,-0.06981317007977318,0.011787462953196623,115.63501157085886,0.1342077925546881,-1.3875323775693083e-05,0.014878873614978319
0.0078000000000000005,-0.06981317007977318,0.011596777342767577,113.76438573254994,0.13745421039794126,1.1965765192462697e-06,0.015204401012391962
0.0068000000000000005,-0.06981317007977318,0.011398082047145845,111.81518488250074,0.14072687639185869,-1.4824808255763385e-05,0.015530480002236198
0.0058000000000000005,-0.06981317007977318,0.011196867731023272,109.84127244133832,0.14403669953685255,2.382204742979886e-06,0.015866442269482403
0.0048000000000000004,-0.06981317007977318,0.01099621916385477,107.87290999741529,0.14723187610883154,-2.007610246135732e-06,0.016221506805313837
0.003800000000000001,-0.06981317007977318,0.010791850568392101,105.86805407592652,0.15038798423359273,-8.804455652365759e-06,0.01658796789345536
0.002800000000000001,-0.06981317007977318,0.0105818660613319,103.80810606166594,0.1536546401684816,5.460936578115183e-06,0.016956739464204597
0.0018000000000000008,-0.06981317007977318,0.010371011571722323,101.739623518596,0.1568411589725424,8.444904072806399e-06,0.017343604423157778
0.0008000000000000007,-0.06981317007977318,0.010160818669226742,99.67763114511435,0.15985693103739795,5.972738914220611e-07,0.017750866917744877
-0.00019999999999999928,-0.06981317007977318,0.009945050344064822,97.56094387527592,0.16290261317835453,2.8431763070994187e-06,0.018168049380046986
-0.0011999999999999992,-0.06981317007977318,0.00972926246946988,95.44406482549952,0.1658448866189743,8.222891332573401e-06,0.018602042487290166
-0.0021999999999999993,-0.06981317007977318,0.009514170351699124,93.33401115016841,0.16864021871668877,-1.1933987789732616e-05,0.019062875480449156
-0.0031999999999999993,-0.06981317007977318,0.009291570485473199,91.1503064624921,0.17153109096573863,1.441116089270859e-06,0.019527277034865072
-0.004199999999999999,-0.06981317007977318,0.00017537103075419293,1.720389811698633,-0.4650471857927472,-2.096119604100781e-06,0.16611855647769472
-0.005199999999999999,-0.06981317007977318,0.0001731224328945653,1.6983310666956857,-0.4654017471054735,-2.1133499524105227e-06,0.16781836927518406
-0.006199999999999999,-0.06981317007977318,0.0001717478938996765,1.6848468391558267,-0.46564184453353913,-2.0564840704969777e-06,0.16887512655554085
-0.007199999999999999,-0.06981317007977318,0.00017115036926299883,1.6789851224700185,-0.46571901694811124,-2.0927585639344428e-06,0.16933731531561652
-0.008199999999999999,-0.06981317007977318,0.0001707640997968476,1.6751958190070753,-0.4657400995363514,-2.09853343935983e-06,0.16963100195097822
-0.0092,-0.06981317007977318,0.00795330708646483,78.02194251821999,0.18570962546462655,1.936370669247027e-05,0.02278581346925887
-0.010199999999999999,-0.06981317007977318,0.007724429372463598,75.77665214386789,0.18773814539627923,2.39778479882392e-05,0.023406208973358246
-0.0112,-0.06981317007977318,0.007501632319270619,73.59101305204477,0.18950978073446717,-4.861819112636223e-06,0.024070878519742312
-0.012199999999999999,-0.06981317007977318,0.00727157004684988,71.33410215959732,0.1914346993658617,1.2812994585108359e-05,0.02473700038289815
-0.0132,-0.06981317007977318,0.007041496158034672,69.07707731032013,0.193183600431605,2.851472196690291e-05,0.025431870061779754
-0.014199999999999999,-0.06981317007977318,0.00016844648299993347,1.6524599982293475,-0.4658686255595013,-2.1337388781284824e-06,0.17137309524558073
-0.0152,-0.06981317007977318,0.00016806021353380057,1.6486706947665837,-0.465890391201492,-2.139700853509116e-06,0.17166004500316587
-0.0162,-0.06981317007977318,0.0001676739440676498,1.6448813913036449,-0.46591225712624146,-2.145690297902755e-06,0.17194600568384927
-0.0172,-0.06981317007977318,0.006136541423992357,60.19947136936503,0.19891304663157539,1.9716054089137275e-05,0.028543421252856808
-0.0182,-0.06981317007977318,0.005902509522221251,57.90361841299047,0.20030626027871398,9.510039640162273e-05,0.029363602897094936
-0.0192,-0.06981317007977318,0.00016651513566919268,1.6335134809147802,-0.4659784635759046,-2.1638253576539047e-06,0.17279788443281877
-0.0202,-0.06981317007977318,0.0001661288662030411,1.6297241774518332,-0.4660007376430015,-2.1699265991677733e-06,0.17307981965415714
-0.0212,-0.06981317007977318,0.005245294960327242,51.45634356081025,0.20322425571956615,8.542299730954957e-05,0.03214187768952273
-0.0222,-0.06981317007977318,0.005034915698210672,49.39252299944669,0.20380852034403363,3.6560310562479585e-05,0.03314487538097967
-0.0232,-0.06981317007977318,0.004830826248193137,47.390405494774676,0.20498391176705452,6.289343523420733e-05,0.03410046582416341
-0.0242,-0.06981317007977318,0.004651460624531746,45.63082872665643,0.20558369440561985,-0.00021365817952134056,0.03509906561982109
-0.0252,-0.06981317007977318,0.004450700974356612,43.66137655843836,0.2069889343942144,-8.578008409458435e-05,0.035980550228934205
-0.026199999999999998,-0.06981317007977318,0.004274648859560011,41.934305312283705,0.2084924110851604,-1.4300679792467418e-05,0.03693829565208305
-0.0272,-0.06981317007977318,0.004070967335978392,39.93618956594803,0.21036966792523676,-0.001077632669193337,0.03773582668632715
-0.0282,-0.06981317007977318,0.0039249011840288475,38.50328061532299,0.2119634358623222,-0.0008933830708282825,0.03861078476822917
-0.0292,-0.06981317007977318,0.0037275653017012664,36.56741560968943,0.2144828972083836,-0.003073642017257639,0.03820417586179041
-0.030199999999999998,-0.06981317007977318,0.0035866902778989673,35.18543162618887,0.216401012312262,-0.0028929745343700564,0.038957231804601145
-0.0312,-0.06981317007977318,0.0035160893780683293,34.49283679885031,0.21734750737598557,-0.00026381826093639757,0.04117835408884936
-0.0322,-0.06981317007977318,0.003389840372969476,33.25433405883056,0.2191577530236974,-0.0002084906684376571,0.04203943829378307
-0.0332,-0.06981317007977318,0.003248582174041676,31.868591127348843,0.22110406803463173,-0.00064178646716758,0.0428148409985672
-0.0342,-0.06981317007977318,0.0031120792935004603,30.529497869239517,0.22342606031809795,-0.0009143063840750905,0.04360227127919053
-0.0352,-0.06981317007977318,0.003016215187057387,29.589070985032965,0.22485824176038308,-1.0954508910012949e-05,0.04450480371347501
-0.0362,-0.06981317007977318,0.002901241433471417,28.4611784623546,0.22667415617416276,-0.0001150376300515682,0.0453370735453237
-0.037200000000000004,-0.06981317007977318,0.0027935193984592174,27.404425298884924,0.22802488139284466,-1.1933157618045398e-05,0.046219979240882975
-0.038200000000000005,-0.06981317007977318,0.0026848390476512424,26.338271057458687,0.2297393266422174,-1.5190374186573172e-06,0.04707711124426969
-0.039200000000000006,-0.06981317007977318,0.002580019734649555,25.309993596912136,0.23103135559028093,-1.617135699190145e-05,0.04799049238853227
-0.0402,-0.06981317007977318,0.002473615045114186,24.266163592570166,0.23273343889955375,8.55034254808451e-06,0.0488754716455299
-0.0412,-0.06981317007977318,0.0023746461496482723,23.295278728049553,0.23391084324885006,-4.1816874326535845e-06,0.04982991231517584
-0.0422,-0.06981317007977318,0.002276438362522724,22.331860336347923,0.23511662397407837,-1.3364019638256283e-06,0.05080025644408789
-0.0432,-0.06981317007977318,0.002180751440311495,21.393171629455768,0.23625736159551955,1.7550312442561216e-06,0.051792186491505056
-0.0442,-0.06981317007977318,0.002089011376159931,20.493201600128923,0.2370048392742295,-1.1481723028070667e-05,0.0528438250722108
-0.045200000000000004,-0.06981317007977318,0.0019977557592539322,19.597983998281077,0.2377617020623014,-1.0843154941074528e-05,0.05391370719314828
-0.046200000000000005,-0.06981317007977318,0.0019083903335819577,18.721309172439007,0.23847176019596497,-2.677310276553515e-06,0.05501222869704117
-0.047200000000000006,-0.06981317007977318,0.0018212521133744092,17.866483232202956,0.2390704825131572,1.1906552992113141e-05,0.056145138060424274
-0.0482,-0.06981317007977318,0.0017380335673210696,17.050109295419695,0.23910980762713763,2.7499781047581675e-06,0.05735610420653432
-0.0492,-0.06981317007977318,0.0016560437595634836,16.245789281317776,0.23910641472789188,5.0944343114081085e-06,0.058600009087931865
-0.0502,-0.06981317007977318,0.001578547696503869,15.485552902702954,0.23848190555477333,-1.423528444661902e-05,0.05992944092711673
-0.0512,-0.06981317007977318,0.001500791379666763,14.722763434530947,0.23804411415328666,-1.4525561183079148e-06,0.06127979766395311
-0.0522,-0.06981317007977318,0.001426976663184664,13.998641065841555,0.23695932381421778,-1.605394506020488e-05,0.06272176482693231
-0.053200000000000004,-0.06981317007977318,0.0013540662138426288,13.283389557796191,0.2358679024937443,-3.2624801693906207e-06,0.06421065818646479
-0.054200000000000005,-0.06981317007977318,0.0012844700249968332,12.600650945218934,0.23415401494308355,-7.034639359649785e-06,0.0657943264259698
-0.055200000000000006,-0.06981317007977318,0.0012169124474378159,11.937911109364975,0.23208051723017079,-6.034032996872574e-06,0.06745981738763596
-0.060200000000000004,-0.06981317007977318,0.0009145557075049271,8.971791490623335,0.21337823590338278,-6.303050700170801e-06,0.0773582160644671
-0.06520000000000001,-0.06981317007977318,0.0006704038100128971,6.576661376226521,0.17479982829676566,-9.691438067141995e-06,0.09084027764262191
-0.0702,-0.06981317007977318,0.0004827395706467992,4.735675188045101,0.10615024569935949,-9.687793947220212e-06,0.1094033253286257
-0.0752,-0.06981317007977318,0.00034968710324692387,3.4304304828523233,-6.366550794410959e-05,-1.7701703933713805e-05,0.13367318206534226
-0.08020000000000001,-0.06981317007977318,0.00026759393692720525,2.6250965212558834,-0.1278753537447783,-1.9135614716800915e-05,0.1598579005406244
-0.0852,-0.06981317007977318,0.00023141670900766925,2.2701979153652356,-0.21470198042194252,-2.2186790808541278e-05,0.176712826382641
-0.0902,-0.06981317007977318,0.0002260846154710991,2.2178900777714823,-0.22151271636034353,-2.237108366975141e-05,0.179025246827579
-0.0952,-0.06981317007977318,0.00022291927413605736,2.1868380792747226,-0.22178145591238543,-2.2330268039510083e-05,0.1801255117243047
-0.1002,-0.06981317007977318,0.0002197539328008527,2.155786080776365,-0.22205793732746243,-2.2288076679997158e-05,0.18118093619717804
-0.1052,-0.06981317007977318,0.00021658859146539511,2.124734082275526,-0.2223425000368869,-2.224444941554554e-05,0.18218955428053019
-0.1102,-0.06981317007977318,0.00021342325012949488,2.0936820837703447,-0.22263550360897733,-2.2199322331152426e-05,0.18314928337752218
-0.1152,-0.06981317007977318,0.0002110162954626541,2.070069858488637,-0.22376000472429328,-2.071487281733642e-05,0.18402775323278486
-0.1202,-0.06981317007977318,0.00020678809489408796,2.028591210911003,-0.22288432158989654,-2.2788413517782976e-05,0.18492572759095185
-0.1252,-0.06981317007977318,0.00020341548717675678,1.995505929203984,-0.2229318669502923,-2.3246841261076576e-05,0.18574819812921223
-0.13019999999999998,-0.06981317007977318,0.00020068880123044712,1.9687571400706863,-0.22371222487922818,-2.3139470021692967e-05,0.18647858405890247
-0.1352,-0.06981317007977318,0.00019687388544360485,1.9313328162017636,-0.2232475476243311,-2.4927284974575473e-05,0.1871969248854172
-0.1402,-0.06981317007977318,0.00019293052346807464,1.8926484352218125,-0.22242532081873864,-2.5058108289702617e-05,0.1878732525800796
-0.1452,-0.06981317007977318,7.03880505679681e-05,0.690506776071767,0.169531911423411,-5.094308614378665e-05,0.1739643747059016
-0.1502,-0.06981317007977318,0.0001671452713227968,1.6396951116766367,-0.1931271497797162,-1.654905802180288e-05,0.18983223377247735
-0.15519999999999998,-0.06981317007977318,6.637340036159271e-05,0.6511230575472245,0.1695114492342844,-3.75269594351146e-05,0.17610435051900178
0.0248,-0.05235987755982989,0.015105984652390152,148.1897094399474,0.06738223798349899,3.083043195337513e-06,0.010174181258630014
0.0238,-0.05235987755982989,0.014944554050228957,146.60607523274606,0.07053490059893266,1.4530768763968424e-06,0.010420234714797963
0.0228,-0.05235987755982989,0.014778057555529737,144.97274461974675,0.07369919268659622,-2.128790531194958e-06,0.010674501740895828
0.0218,-0.05235987755982989,0.01461151808405984,143.33899240462705,0.07680846994803134,-2.1323648485224902e-06,0.01094313876530893
0.0208,-0.05235987755982989,0.01443306527646066,141.58837036207908,0.08008836753876764,-4.40538866809622e-06,0.011210201932305127
0.0198,-0.05235987755982989,0.014254607667269133,139.8377012159102,0.08328910191349499,-3.785144394814811e-06,0.01149301256473476
0.0188,-0.05235987755982989,0.014070197272421323,138.0286352424532,0.08655188175701307,-2.8733410168518917e-06,0.011782271795583676
0.0178,-0.05235987755982989,0.01388173356712979,136.17980629354324,0.08979417157984262,6.171724436654689e-07,0.012083000371242575
0.016800000000000002,-0.05235987755982989,0.01368865556521674,134.28571109477622,0.09303674544184534,5.294754883603956e-06,0.012394051971517925
0.0158,-0.05235987755982989,0.013490970553663597,132.3464211314399,0.09626731471414138,3.890594960396178e-06,0.012716521544316841
0.0148,-0.05235987755982989,0.013288801878505058,130.36314642813463,0.09949280781465973,2.3374428426634725e-06,0.013049477954386069
0.013800000000000002,-0.05235987755982989,0.013081905802470624,128.33349592223684,0.10271547840340296,-5.030899246890622e-08,0.013394632827695537
0.0128,-0.05235987755982989,0.012871470027268806,126.26912096750699,0.10591107182363667,-2.190477883302109e-06,0.013753010402322807
0.011800000000000001,-0.05235987755982989,0.0126551392448163,124.14691599164792,0.10906879375350868,-1.4090509948536252e-05,0.01412277226991332
0.0108,-0.05235987755982989,0.01243639928998607,122.00107703476336,0.11221046488986841,-5.138601614998674e-06,0.014509846626289931
0.009800000000000001,-0.05235987755982989,0.012213873805865917,119.81810203554465,0.11529027608776744,4.943529519411257e-07,0.014912664096494398
0.0088,-0.05235987755982989,0.01198542811924378,117.57704984978149,0.11831350338192805,4.358629128389552e-06,0.015329653540066816
0.0078000000000000005,-0.05235987755982989,0.011754449884598277,115.3111533679091,0.12126421537001737,3.235224031792207e-06,0.01576474112742613
0.0068000000000000005,-0.05235987755982989,0.011517155168567567,112.98329220364785,0.12419722340874675,5.662484424192132e-06,0.016214785967304628
0.0058000000000000005,-0.05235987755982989,0.011276907720194927,110.62646473511224,0.12699633297213908,5.253430959708653e-06,0.01668521697210107
0.0048000000000000004,-0.05235987755982989,0.011033594891361333,108.23956588425467,0.12971686185478792,2.682976746741329e-06,0.017177627587158545
0.003800000000000001,-0.05235987755982989,0.01078489266381891,105.79979703206351,0.13237587475287588,9.408782303767936e-06,0.017685090141503428
0.002800000000000001,-0.05235987755982989,0.010536226836226556,103.36038526338251,0.13483023089551352,1.912557400544584e-07,0.018221426335824402
0.0018000000000000008,-0.05235987755982989,0.010281550945946797,100.86201477973809,0.13726566704836643,5.462161145547741e-06,0.018773190929333803
0.0008000000000000007,-0.05235987755982989,0.01002657174920217,98.3606688596733,0.13952371095346344,2.7379587073692167e-06,0.01935210600695745
-0.00019999999999999928,-0.05235987755982989,0.009768123447439787,95.82529101938432,0.1416752864317747,8.71746719499133e-06,0.01995139529730264
-0.0011999999999999992,-0.05235987755982989,0.009505712137140689,93.25103606535016,0.14375299918561207,2.109223658107771e-05,0.02057060642482126
-0.0021999999999999993,-0.05235987755982989,0.00924557897950404,90.69912978893463,0.14552751754777954,6.959076321599575e-06,0.021228076152758873
-0.0031999999999999993,-0.05235987755982989,0.008982317766050915,88.11653728495948,0.14725122710658842,7.700329899622058e-06,0.02190320204908146
-0.004199999999999999,-0.05235987755982989,0.008722076877849904,85.56357417170757,0.14869346778329273,-4.4317644074988895e-06,0.02260954915939648
-0.005199999999999999,-0.05235987755982989,0.00845637938481021,82.95708176498817,0.15014925219548558,3.453894428722461e-06,0.023332034760512436
-0.006199999999999999,-0.05235987755982989,0.008192990226665406,80.37323412358764,0.15139534423291728,1.3209490783129882e-05,0.02408046009715876
-0.007199999999999999,-0.05235987755982989,0.007929672105855509,77.79008335844254,0.15251523982058776,4.875622184673615e-06,0.02486779567252479
-0.008199999999999999,-0.05235987755982989,0.007672233655076211,75.26461215629763,0.15330997983104908,-5.2362608107541965e-06,0.02567994543943987
-0.0092,-0.05235987755982989,0.007411187085363906,72.70374530741991,0.15419010798472751,-6.595735853863745e-06,0.026515860750263985
-0.010199999999999999,-0.05235987755982989,0.0071551741861824005,70.19225876644936,0.15491699218819027,9.211670661892114e-06,0.02735473081163435
-0.0112,-0.05235987755982989,0.00017781685328194967,1.7443833306959264,-0.464829368404588,-1.9873883873637178e-06,0.16430355066678734
-0.012199999999999999,-0.05235987755982989,0.00017457250776867385,1.7125563012106906,-0.46520874368193477,-2.113209891038187e-06,0.16672053222866637
-0.0132,-0.05235987755982989,0.00017248623726044544,1.6920899875249698,-0.4655479890374118,-2.1256547828074286e-06,0.1683074309722658
-0.0212,-0.05235987755982989,7.076798150488364e-05,0.6942338985629085,-1.2376762514325164,-0.544333548611121,0.3600018636145312
-0.0222,-0.05235987755982989,0.0002997333716716779,2.9403843760991606,-0.17223133622750347,-0.04616452064712778,0.14112055340271393
-0.0232,-0.05235987755982989,0.0002601706902018377,2.552274470880028,-0.2030282575246975,-0.05790834432998802,0.1550874116293231
-0.0242,-0.05235987755982989,0.004092547789714281,40.1478938170971,0.16821770164019856,-0.0031230069509868255,0.03991796680007647
-0.0252,-0.05235987755982989,0.003949160272008136,38.741262268399815,0.16779055131325557,-0.0032321437705986173,0.0396879400711275
-0.026199999999999998,-0.05235987755982989,0.003802959565321849,37.30703333580734,0.16954429200596763,-0.003056548974708452,0.040461971389610454
-0.0272,-0.05235987755982989,0.0036597679555088504,35.90232364354182,0.17140393450577535,-0.002907151256905407,0.04123802305277229
-0.0282,-0.05235987755982989,0.0035221057192250543,34.55185710559778,0.1734372855094252,-0.0027766617768297335,0.04200945818308887
-0.0292,-0.05235987755982989,0.0033869209072064596,33.225694099695374,0.17540719320735623,-0.002685412580200917,0.042795987560682855
-0.030199999999999998,-0.05235987755982989,0.0032552844086370177,31.934340048729144,0.17741389366473376,-0.00261801189317685,0.043595044227834515
-0.0312,-0.05235987755982989,0.00312788873488531,30.684588489224893,0.17942951917648123,-0.0025868598739524173,0.04440457929194562
-0.0322,-0.05235987755982989,0.002985451538142797,29.287279589180837,0.18173694098916626,-0.0028830299741234335,0.04514495181649143
-0.0332,-0.05235987755982989,0.0028790783374699077,28.243758490579797,0.18350339013001157,-0.002597630729361595,0.04603926163574543
-0.0342,-0.05235987755982989,0.002759488813286244,27.070585258338053,0.1854426218590575,-0.0026393360209131774,0.046882730995540856
-0.0352,-0.05235987755982989,0.0026430971304189244,25.92878284940965,0.18733432562587124,-0.0027436658099424566,0.04774322584438256
-0.0362,-0.05235987755982989,0.0025316955815281534,24.835933654791184,0.18907911838562447,-0.002875226556974935,0.04864181297488406
-0.037200000000000004,-0.05235987755982989,0.0024229050662825636,23.768698700231948,0.1908277436244613,-0.0030088825049688493,0.04955875876863245
-0.038200000000000005,-0.05235987755982989,0.0023109242970608583,22.670167354167024,0.19244859264307593,-0.0031221700108488926,0.050481816296832474
-0.039200000000000006,-0.05235987755982989,0.002204497528915158,21.6261207586577,0.1940530067867061,-0.003257762244144868,0.05144211194810783
-0.0402,-0.05235987755982989,0.002100915270744804,20.609978806006527,0.19546304334655626,-0.003407978791966186,0.0524443099711015
-0.0412,-0.05235987755982989,0.0020010987069869744,19.630778315542223,0.19659818769150506,-0.0035810610882156474,0.053496057779443607
-0.0422,-0.05235987755982989,0.0019019224418458443,18.657859154507733,0.19787282517091873,-0.0037395087383451315,0.05456055604879578
-0.0432,-0.05235987755982989,0.0018070662138110357,17.72731955748626,0.1986570482397293,-0.00393622147318043,0.055696996483972167
-0.0442,-0.05235987755982989,0.0017140970420056686,16.81529198207561,0.1993119102292944,-0.004134086515097922,0.05687000959981996
-0.045200000000000004,-0.05235987755982989,0.0016242616936376125,15.934007214584978,0.19966273820892536,-0.004355881142767588,0.05810753638946375
-0.046200000000000005,-0.05235987755982989,0.0015364805351054014,15.072874049383989,0.19986079157768671,-0.0045847612763172734,0.05939390352808985
-0.047200000000000006,-0.05235987755982989,0.0014510977785200704,14.235269207281892,0.1997749601106225,-0.004825122132954706,0.06074301100907943
-0.0482,-0.05235987755982989,0.0013702963345501328,13.442607041936805,0.19887182004921686,-0.005122642439766684,0.06220328471462188
-0.0492,-0.05235987755982989,0.0012907653508044106,12.662408091391269,0.19794581468010777,-0.005415969865437739,0.06371803438083286
-0.0502,-0.05235987755982989,0.0012138463872804095,11.907833059220819,0.1964279100488895,-0.005735175096661977,0.06532854048091641
-0.0512,-0.05235987755982989,0.0011396971946175014,11.18042947919769,0.19439387109546458,-0.006079961229082525,0.06704326521479562
-0.0522,-0.05235987755982989,0.0002426043250068862,2.3799484283175536,-0.2360478382559371,-0.0045300690782205215,0.17233280354479574
-0.053200000000000004,-0.05235987755982989,0.001000839796810345,9.818238406709485,0.18808070575580244,-0.006902632964666226,0.07086009099318373
-0.054200000000000005,-0.05235987755982989,0.0009355072911953383,9.177326526626269,0.18375043852982478,-0.007372758710819736,0.07297988568860193
-0.055200000000000006,-0.05235987755982989,0.0008722605872261876,8.5568763606889,0.17863118348891777,-0.007870208130261557,0.07525339910658138
-0.060200000000000004,-0.05235987755982989,0.0006003487892874906,5.889421622910283,0.13385017845839323,-0.011299035555139756,0.08984441337939686
-0.06520000000000001,-0.05235987755982989,0.00039805037321900756,3.9048741612784643,0.04084437679529658,-0.016802379435186428,0.1121280284194301
-0.0702,-0.05235987755982989,0.00023241917059040916,2.2800320634919142,-0.23613471736588096,-0.0041713213400490275,0.17663649422333508
-0.0752,-0.05235987755982989,0.00022959083687162525,2.2522861097106435,-0.23615984553680253,-0.004066147072075067,0.17775627702648505
-0.08020000000000001,-0.05235987755982989,0.0002267594447303611,2.2245101528048425,-0.23618738755968055,-0.003959532452603261,0.1788419275919439
-0.0852,-0.05235987755982989,0.00022393024868502017,2.196755739600048,-0.2362142140088577,-0.003849113488398103,0.17989053768786067
-0.0902,-0.05235987755982989,0.00022110105263917337,2.169001326390291,-0.23624172699785503,-0.003735868497245125,0.18090135316139117
-0.0952,-0.05235987755982989,0.00021827185659338606,2.1412469131811176,-0.2362699532225382,-0.003619687588170207,0.18187290435340178
-0.1002,-0.05235987755982989,0.00021544266054725108,2.113492499968533,-0.2362989207818818,-0.003500455097486051,0.18280364440672264
-0.1052,-0.05235987755982989,0.0002126134645009093,2.0857380867539206,-0.23632865927011965,-0.003378049205249816,0.18369194412939918
-0.1102,-0.05235987755982989,0.00020978426845434482,2.057983673537123,-0.23635919987795329,-0.0032523415199260746,0.18453608644297814
-0.1152,-0.05235987755982989,0.00020695507240760738,2.0302292603186287,-0.23639057550169396,-0.003123196629238697,0.18533426037515324
-0.1202,-0.05235987755982989,0.0002041258763606658,2.0024748470981315,-0.23642282086139055,-0.002990471613617822,0.18608455455292558
-0.1252,-0.05235987755982989,0.00020132890115211996,1.9750365203022968,-0.2364847574461939,-0.002853729187577049,0.18677504598629963
-0.13019999999999998,-0.05235987755982989,0.00019842706256609533,1.9465694837733953,-0.2364234302465619,-0.0027160495267640906,0.18744875390063484
-0.1352,-0.05235987755982989,0.00019571833543482897,1.9199968706156723,-0.23660208202100053,-0.0025776164729632016,0.1880413517503738
-0.1402,-0.05235987755982989,0.00019199926638120352,1.8835128031996067,-0.2355978155428974,-0.00244343821757705,0.18863842465618283
-0.1452,-0.05235987755982989,0.00018932807755436763,1.8573084408083465,-0.23575712921846584,-0.0022897734611591917,0.18911698601990745
-0.1502,-0.05235987755982989,0.0001872152356460206,1.836581461687462,-0.22954261432346104,-0.0004957501558321759,0.18943280166712748
-0.15519999999999998,-0.05235987755982989,6.245910431523674e-05,0.6127238133324725,0.169581938175611,-0.004975562483170112,0.1775608171371495
0.0248,-0.03490658503988659,0.0,0.0,-0.5304427067556408,0.0,-0.0062916492074183115
0.0238,-0.03490658503988659,0.0,0.0,-0.5304078072589383,0.0,-0.00529225838039922
0.0228,-0.03490658503988659,0.014746208114202448,144.66030160032602,0.05775474248821368,-0.0003281346081370169,0.00955660686555722
0.0218,-0.03490658503988659,0.01455562753843659,142.79070615206297,0.06030009378497171,-0.00031698326941032094,0.009887022817254953
0.0208,-0.03490658503988659,0.014357710509858172,140.84914010170868,0.06283821621651885,-0.0003059437361397787,0.010236885015489219
0.0198,-0.03490658503988659,0.014153631503729879,138.8471250515901,0.06528358065807546,-0.0002926782417809707,0.010606251810303169
0.0188,-0.03490658503988659,0.01394036959205588,136.75502569806818,0.0677115708936611,-0.00027823755340873174,0.010991224915079867
0.0178,-0.03490658503988659,0.0,0.0,-0.5301984102787233,0.0,0.000704086581715356
0.016800000000000002,-0.03490658503988659,0.0,0.0,-0.5301635107820207,0.0,0.001703477408734451
0.0158,-0.03490658503988659,0.013257166440918304,130.05280278540857,0.07445603808771808,-0.00025610635851526666,0.012263193278060509
0.0148,-0.03490658503988659,0.0,0.0,-0.5300937117886158,0.0,0.003702259062772644
0.013800000000000002,-0.03490658503988659,0.0,0.0,-0.5300588122919133,0.0,0.004701649889791739
0.0128,-0.03490658503988659,0.0,0.0,-0.5300239127952108,0.0,0.005701040716810836
0.011800000000000001,-0.03490658503988659,0.0,0.0,-0.5299890132985082,0.0,0.0067004315438299305
0.0108,-0.03490658503988659,0.0,0.0,-0.5299541138018058,0.0,0.007699822370849027
0.009800000000000001,-0.03490658503988659,0.0,0.0,-0.5299192143051032,0.0,0.008699213197868122
0.0088,-0.03490658503988659,0.012032430928034927,118.03814740402264,0.09622462525617725,1.4061418797927898e-06,0.0161604878858013
0.0078000000000000005,-0.03490658503988659,0.01174161775657075,115.18527019195908,0.09792283611212405,-1.2808141026198234e-07,0.01679048975174331
0.0068000000000000005,-0.03490658503988659,0.01144651707364991,112.29033249250563,0.09946969287640683,1.5424665084571285e-06,0.017444975947824067
0.0058000000000000005,-0.03490658503988659,0.011149153370209924,109.37319456175935,0.10072790634619956,-4.760124001089938e-07,0.018127762611212746
0.0048000000000000004,-0.03490658503988659,0.010849639016298459,106.4349587498879,0.10178779985255505,-4.887040305281468e-06,0.018834292996047518
0.003800000000000001,-0.03490658503988659,0.010547447951659865,103.47046440578329,0.1027429393145933,3.6265489916443433e-06,0.019560524072004846
0.002800000000000001,-0.03490658503988659,0.010248328962835042,100.53610712541177,0.10343773773087553,-1.410421287946104e-06,0.020313120720178806
0.0018000000000000008,-0.03490658503988659,0.00994865472291927,97.59630283183805,0.10408948192198186,-8.79779323827266e-07,0.021078726857611727
0.0008000000000000007,-0.03490658503988659,0.009650968857421886,94.67600449130872,0.10472597674627993,1.1561618048715694e-06,0.021851508473875045
-0.00019999999999999928,-0.03490658503988659,0.009359069748131275,91.81247422916782,0.1052599713481896,-1.729623299189752e-06,0.022640679265962728
-0.0011999999999999992,-0.03490658503988659,0.0,0.0,-0.5295353198413757,0.0,0.019692512295078176
-0.0021999999999999993,-0.03490658503988659,0.0,0.0,-0.5295004203446733,0.0,0.02069190312209727
-0.0031999999999999993,-0.03490658503988659,0.0,0.0,-0.5294655208479707,0.0,0.021691293949116366
-0.004199999999999999,-0.03490658503988659,0.0,0.0,-0.5294306213512683,0.0,0.022690684776135464
-0.005199999999999999,-0.03490658503988659,0.0,0.0,-0.5293957218545657,0.0,0.02369007560315456
-0.006199999999999999,-0.03490658503988659,0.0,0.0,-0.5293608223578632,0.0,0.024689466430173654
-0.007199999999999999,-0.03490658503988659,0.0,0.0,-0.5293259228611608,0.0,0.02568885725719275
-0.008199999999999999,-0.03490658503988659,0.0015615689165146024,15.318991071008252,-0.15719668603698822,0.08955632238015498,0.04205386765808574
-0.0092,-0.03490658503988659,0.001005017571780993,9.859222379171543,-0.2132827040314296,0.0961336701674286,0.03886453680640584
-0.010199999999999999,-0.03490658503988659,-1.614592048466606e-05,-0.1583914799545741,2.7453026664664812,-7.52852644346105,0.3985617080711985
-0.0112,-0.03490658503988659,-9.995527787269606e-06,-0.09805612759311484,3.9356064976458955,-11.760397729786114,0.6914781489528652
-0.012199999999999999,-0.03490658503988659,-2.052320523776133e-05,-0.20133264338243867,1.6492400881570284,-5.558655651543765,0.3974711426352262
-0.0132,-0.03490658503988659,0.000639832432285797,6.276756160723669,0.18383762092103853,0.05620089938304685,0.025613351159436467
-0.014199999999999999,-0.03490658503988659,-3.179200092631096e-05,-0.31187952908711053,0.8374490149909942,-3.372633564641502,0.33091633630196415
-0.0152,-0.03490658503988659,0.0020554872067992985,20.164329498701118,-0.06821432206013585,0.05032688080570938,0.04428762620132313
-0.0162,-0.03490658503988659,0.0014886859560912992,14.604009229255647,-0.02527815494356507,0.09928274148068293,0.04139280383613225
-0.0172,-0.03490658503988659,0.0022950563052732396,22.51450235473048,-0.038840894011360504,0.00321327347240588,0.04586420139008085
-0.0182,-0.03490658503988659,0.0012678042024447415,12.437159225982915,-0.08678132119621298,-0.020228763737363625,0.03373594163539816
-0.0192,-0.03490658503988659,-0.0009990212377102281,-9.800398341937338,0.014463761056216452,-0.1113899121109761,0.03343791534171888
-0.0202,-0.03490658503988659,0.0001710562344665301,1.6780616601166602,-0.47401881656786754,-0.0017427213049228153,0.16899984679309
-0.0212,-0.03490658503988659,0.0038245803832036174,37.51913355922749,0.0967079031162884,-7.962024547880243e-06,0.03805049923490384
-0.0222,-0.03490658503988659,0.0001696823519108391,1.6645838722453317,-0.47156702071349793,-0.0011940632497622742,0.17020471405571236
-0.0232,-0.03490658503988659,0.0035664030127541668,34.986413555118375,0.09893909099858762,-2.8150699113396303e-06,0.039515155718163684
-0.0242,-0.03490658503988659,0.0034437892981798767,33.78357301514459,0.10017157599973528,-2.0095474948600625e-06,0.04026291797438242
-0.0252,-0.03490658503988659,0.003318898630538217,32.558395565579914,0.10132556978926117,-3.755303616293636e-06,0.04103103757751155
-0.026199999999999998,-0.03490658503988659,0.0031947787709066732,31.340779742594464,0.10273644371537588,-1.3975343092345807e-06,0.04179655151171698
-0.0272,-0.03490658503988659,-0.00010332325305994487,-1.0136011125180593,0.5885137875857845,-0.009141650041731697,-0.1876902205873065
-0.0282,-0.03490658503988659,-3.967751873625493e-06,-0.03892364588026608,14.867568726687361,0.02121102836349183,-6.465753061326927
-0.0292,-0.03490658503988659,5.7998097458192174e-05,0.5689613360648653,-1.008059124338622,-0.014526291968204342,0.5071546265105912
-0.030199999999999998,-0.03490658503988659,0.00011089866846083381,1.0879159376007796,-0.5336748362034253,-0.008907554586123663,0.29628710792227253
-0.0312,-0.03490658503988659,0.0026020648023523368,25.526255711076427,0.11012863409367811,-8.82429028155991e-06,0.045800020976164556
-0.0322,-0.03490658503988659,0.002486618881292369,24.393731225478138,0.11184548021234232,-6.464026277486046e-06,0.046642980823545115
-0.0332,-0.03490658503988659,0.0023739395265866656,23.288346755815187,0.11348640697144456,-6.963112876157388e-06,0.04752340412113838
-0.0342,-0.03490658503988659,0.002262952645314647,22.199565450536692,0.11518736714682073,-8.312919445096281e-06,0.04842841431058104
-0.0352,-0.03490658503988659,0.002154591147929431,21.136539161187716,0.11685927125791302,-8.371789427232314e-06,0.0493677804162134
-0.0362,-0.03490658503988659,0.002046710562415124,20.078230617292366,0.11829492632362627,-1.0553850301307443e-05,0.05031047330072096
-0.037200000000000004,-0.03490658503988659,0.0019401564524037212,19.032934798080504,0.11981130329407234,-7.208950147910346e-06,0.05129181684393361
-0.038200000000000005,-0.03490658503988659,0.0018386246886643591,18.036908195797363,0.1211502277296159,-1.3784249518538564e-05,0.05235087000741033
-0.039200000000000006,-0.03490658503988659,0.0017379151868837167,17.04894798332926,0.1225167036160576,-5.1654022876860756e-06,0.05343687626003116
-0.0402,-0.03490658503988659,0.001637541067613401,16.064277873287466,0.1235869473477024,7.780701102015687e-06,0.05452762227556539
-0.0412,-0.03490658503988659,0.0001642025130363404,1.6108266528864994,-0.466125478542812,-2.230236380615723e-06,0.17447108764986988
-0.0422,-0.03490658503988659,0.001449977085831545,14.224275212007457,0.1241018327998743,-2.064418072331148e-05,0.05701709382609893
-0.0432,-0.03490658503988659,0.001358522502824696,13.327105752710267,0.12413367303056548,-1.6676161107789135e-05,0.05833440832332383
-0.0442,-0.03490658503988659,0.001269536974629519,12.45415772111558,0.12371518584465331,-7.983464851189926e-06,0.059752889619235985
-0.045200000000000004,-0.03490658503988659,0.0011838757940357033,11.613821539490251,0.12236523076433925,-2.3776158260098596e-05,0.061279589821364805
-0.046200000000000005,-0.03490658503988659,0.0010986778805057694,10.778030007761597,0.1203343566910194,-1.1579199262497707e-05,0.06290527355474243
-0.047200000000000006,-0.03490658503988659,0.001016009071452791,9.96704899095188,0.11709355044584495,-9.483816343816234e-06,0.0646756106264493
-0.0482,-0.03490658503988659,0.00024528531838528556,2.4062489733596513,-0.24329540580826692,-0.0034759502263907826,0.17230046256780868
-0.0492,-0.03490658503988659,0.0002447069866579464,2.4005755391144543,-0.24332843446891797,-0.003448738447195853,0.17254136958206398
-0.0502,-0.03490658503988659,0.00024412680321656637,2.394883939554516,-0.24336175345445665,-0.0034213993441299345,0.1727819026649221
-0.0512,-0.03490658503988659,0.00029290615897414836,2.8734094195363955,-0.13329822558352547,-0.0026677573753585023,0.1558198743295211
-0.0522,-0.03490658503988659,0.0002429702465626154,2.3835381187792573,-0.2434286827823067,-0.0033662763740708672,0.1732584807221561
-0.053200000000000004,-0.03490658503988659,0.00028199536395154224,2.7663745203646295,-0.15151897073292112,-0.002728024012220344,0.15915928239669225
-0.054200000000000005,-0.03490658503988659,0.0002768430205308975,2.7158300314081045,-0.16062332407519492,-0.002749757409878273,0.16080834528312773
-0.055200000000000006,-0.03490658503988659,0.00027182552204433534,2.66660837125493,-0.16972185342738194,-0.002770919378634446,0.16245849122035763
-0.060200000000000004,-0.03490658503988659,0.0002444708468588359,2.39825900768518,-0.2265319978894017,-0.0029894464493708463,0.17246079144162327
-0.06520000000000001,-0.03490658503988659,0.00023544909280044082,2.3097556003723247,-0.2438768219653707,-0.002997413316681241,0.17625218113250038
-0.0702,-0.03490658503988659,0.00023255564117334802,2.281370839910544,-0.24405576880381044,-0.002850028743798044,0.17735284572382337
-0.0752,-0.03490658503988659,0.00022966477282041238,2.2530114213682455,-0.24424107348339752,-0.002696895724525286,0.1784222815491857
-0.08020000000000001,-0.03490658503988659,0.00022677390446730996,2.224652002824311,-0.24443110261704426,-0.002539858350518789,0.17946048120405464
-0.0852,-0.03490658503988659,0.00022388303611415016,2.196292584279813,-0.24462603921702833,-0.002378765377953347,0.18046623468618242
-0.0902,-0.03490658503988659,0.00022099216776075414,2.167933165732998,-0.24482607587155605,-0.0022134576491319342,0.18143826867970939
-0.0952,-0.03490658503988659,0.0002181012994072641,2.1395737471852607,-0.24503141537989656,-0.002043767568002951,0.1823752423589889
-0.1002,-0.03490658503988659,0.00021521043105369366,2.111214328636735,-0.24524227143782257,-0.001869518533410569,0.18327574285449608
-0.1052,-0.03490658503988659,0.00021231956269988344,2.0828549100858567,-0.2454588693793888,-0.0016905243260428731,0.1841382803482089
-0.1102,-0.03490658503988659,0.00020942869434597612,2.0544954915340257,-0.2456814469805809,-0.0015065884446052874,0.18496128276267257
-0.1152,-0.03490658503988659,0.00020653782599195402,2.026136072981069,-0.24591025532965835,-0.0013175033862474147,0.18574309000426417
-0.1202,-0.03490658503988659,0.00020364695763780037,1.9977766544268216,-0.24614555977216776,-0.001123049865700226,0.18648194771599003
-0.1252,-0.03490658503988659,0.00020075608928348746,1.969417235871012,-0.2463876409374407,-0.0009229959669474365,0.18717600049056932
-0.13019999999999998,-0.03490658503988659,0.00019786522092902426,1.941057817313728,-0.2466367958551535,-0.0007170962205314418,0.18782328448855706
-0.1352,-0.03490658503988659,0.0001940914133705709,1.9040367651653005,-0.24595010608352905,-0.0005088121787379103,0.1884825679417503
-0.1402,-0.03490658503988659,0.00019158942558947107,1.8794922650327113,-0.24658329033817414,-0.00028856813511232525,0.18900343481567375
-0.1452,-0.03490658503988659,0.0001883871496900587,1.848077938459476,-0.2465933792100564,-6.374908827775893e-05,0.18953587209483796
-0.1502,-0.03490658503988659,0.00019048273199714515,1.8686356008919938,-0.2400974823804935,-2.1533342426138123e-05,0.18953244085306975
-0.15519999999999998,-0.03490658503988659,0.00018546801245524232,1.8194412021859272,-0.24339295625793625,-2.342887616305566e-05,0.19024107643792829
0.0248,-0.017453292519943295,0.0,0.0,-0.5302521133430163,0.0,-0.015548192668761972
0.0238,-0.017453292519943295,0.0,0.0,-0.530234660936579,0.0,-0.014548344973605583
0.0228,-0.017453292519943295,0.0148545622529275,145.7232557012188,0.03445612358619477,-0.00022574720033060762,0.008146012479375015
0.0218,-0.017453292519943295,0.014621954761246518,143.44137620782837,0.033981522367479325,-0.00022244960686882488,0.008575965018955215
0.0208,-0.017453292519943295,0.014370228950370377,140.9719460031334,0.03330506761598789,-0.0002285804163142347,0.009045771882258344
0.0198,-0.017453292519943295,0.014105342868111081,138.37341353616972,0.03235016192996751,-0.0002537327783379288,0.009570062371173197
0.0188,-0.017453292519943295,0.013873366990056969,136.09773017245888,0.03174129452307668,-0.00020989068111231004,0.01017989160732301
0.0178,-0.017453292519943295,0.013670902127626259,134.11154987201363,0.031757830841979716,-0.00014784044736745075,0.010837840154073571
0.016800000000000002,-0.017453292519943295,0.01350971370088556,132.53029140568734,0.03310263506238974,-6.64315994773256e-05,0.011572027490521762
0.0158,-0.017453292519943295,0.013378704526021362,131.24509140026956,0.035947802423249894,5.080640040703226e-06,0.012340079547403121
0.0148,-0.017453292519943295,0.013250568535198718,129.98807733029943,0.03994354685176325,1.0301478085230994e-05,0.013118043016613226
0.013800000000000002,-0.017453292519943295,0.012800303728812521,125.57097957965084,0.036690524692681595,5.725928629287219e-05,0.013789756602944287
0.0128,-0.017453292519943295,0.012553461251705013,123.14945487922618,0.040011329100917904,8.817953086421299e-05,0.01450907137062554
0.011800000000000001,-0.017453292519943295,0.01221677410723332,119.84655399195887,0.040355105659695384,9.007270983030153e-05,0.015214685098275216
0.0108,-0.017453292519943295,0.011879401500114767,116.53692871612587,0.04039142346238126,9.237879561739708e-05,0.015940750972564015
0.009800000000000001,-0.017453292519943295,0.011611185764739804,113.90573235209749,0.04216687437998454,-0.0005194254631595853,0.016710164715326676
0.0088,-0.017453292519943295,0.011358837683987424,111.43019767991665,0.0443303616472718,-0.0013170176136755702,0.01749668261641395
0.0078000000000000005,-0.017453292519943295,0.011100405761626655,108.8949805215575,0.04615598613712091,-0.0017127914219007502,0.018292574351663107
0.0068000000000000005,-0.017453292519943295,0.0,0.0,-0.5299379700271452,0.0,0.0024490658440530708
0.0058000000000000005,-0.017453292519943295,0.0,0.0,-0.5299205176207079,0.0,0.0034489135392094614
0.0048000000000000004,-0.017453292519943295,-0.000982132484165687,-9.63471966966539,0.12262752457061152,-0.14112574794573335,0.033562708954944794
0.003800000000000001,-0.017453292519943295,-0.001589184806223934,-15.589902949056793,0.12291254251062318,-0.13134436732321486,0.03556932413545813
0.002800000000000001,-0.017453292519943295,0.0013859332433897237,13.59600511765319,-0.02786145346287116,2.1641175403839712e-05,0.051397904234317726
0.0018000000000000008,-0.017453292519943295,0.0013513448527068457,13.256693005054156,-0.02239391839908837,2.1577106618987558e-05,0.05237974845288449
0.0008000000000000007,-0.017453292519943295,0.001320742004487762,12.956479064024943,-0.018643634841669643,2.1624512806223258e-05,0.05333808554112947
-0.00019999999999999928,-0.017453292519943295,0.0012899303061246726,12.654216303083038,-0.015218225509619944,2.173299978230018e-05,0.05432458917194448
-0.0011999999999999992,-0.017453292519943295,0.0012571431051159425,12.332573861187397,-0.012382636539304413,2.8941648470222692e-05,0.055370963970383956
-0.0021999999999999993,-0.017453292519943295,0.0012242536006542178,12.009927822417877,-0.009734263349860897,2.9116603249599894e-05,0.0564214804551223
-0.0031999999999999993,-0.017453292519943295,0.001189858179696382,11.672508742821506,-0.007430342390905774,2.921909042466019e-05,0.05751200557569064
-0.004199999999999999,-0.017453292519943295,0.0011533725332460933,11.314584551144176,-0.005890789716110239,2.9381337921097536e-05,0.058710741571633154
-0.005199999999999999,-0.017453292519943295,0.0,0.0,-0.5297285411498978,0.0,0.014447238185929766
-0.006199999999999999,-0.017453292519943295,-7.587687051268158e-05,-0.7443520997294063,1.4181481876927156,-1.832652061051242,0.1107531122225931
-0.007199999999999999,-0.017453292519943295,0.0009386791436440864,9.208442399148488,0.00012868009323069817,0.023725011144142768,0.03823902579365871
-0.008199999999999999,-0.017453292519943295,0.0008715007926070232,8.549422775474898,0.004680931610761804,0.028248071031340558,0.03604760273715392
-0.0092,-0.017453292519943295,0.0,0.0,-0.5296587315241487,0.0,0.01844662896655533
-0.010199999999999999,-0.017453292519943295,0.0,0.0,-0.5296412791177114,0.0,0.01944647666171172
-0.0112,-0.017453292519943295,0.0,0.0,-0.5296238267112741,0.0,0.020446324356868113
-0.012199999999999999,-0.017453292519943295,0.0,0.0,-0.5296063743048368,0.0,0.021446172052024502
-0.0132,-0.017453292519943295,0.0,0.0,-0.5295889218983996,0.0,0.022446019747180898
-0.014199999999999999,-0.017453292519943295,0.0,0.0,-0.5295714694919622,0.0,0.023445867442337287
-0.0152,-0.017453292519943295,0.0,0.0,-0.529554017085525,0.0,0.02444571513749368
-0.0162,-0.017453292519943295,0.0,0.0,-0.5295365646790877,0.0,0.02544556283265007
-0.0172,-0.017453292519943295,0.0,0.0,-0.5295191122726504,0.0,0.02644541052780646
-0.0182,-0.017453292519943295,0.0,0.0,-0.5295016598662131,0.0,0.027445258222962853
-0.0192,-0.017453292519943295,0.0,0.0,-0.5294842074597759,0.0,0.028445105918119242
-0.0202,-0.017453292519943295,0.0,0.0,-0.5294667550533385,0.0,0.029444953613275635
-0.0212,-0.017453292519943295,0.0,0.0,-0.5294493026469013,0.0,0.030444801308432027
-0.0222,-0.017453292519943295,0.0,0.0,-0.529431850240464,0.0,0.03144464900358842
-0.0232,-0.017453292519943295,0.0,0.0,-0.5294143978340267,0.0,0.03244449669874481
-0.0242,-0.017453292519943295,-0.00026682744950531966,-2.617577279647186,0.030669845558728058,-0.003469116052992068,0.022081139491360983
-0.0252,-0.017453292519943295,-5.062796158936628e-05,-0.49666030319168325,1.122454382013798,0.014503771586308887,-0.4364506858266165
-0.026199999999999998,-0.017453292519943295,4.9024543175462315e-06,0.04809307685512853,-11.609037161184753,-0.22346379743189929,5.232076124697348
-0.0272,-0.017453292519943295,0.0001585058515919188,1.5549424041167237,-0.3896300161172332,0.06487773992655944,0.2268988788209395
-0.0282,-0.017453292519943295,0.00010433016286776566,1.0234788977327811,-0.5654809178942205,-0.009528016825513677,0.31028934674248654
-0.0292,-0.017453292519943295,1.3126225465255409e-08,0.00012876827181415557,-0.5051337823621437,-2.528659716102466e-06,0.03818257263030424
-0.030199999999999998,-0.017453292519943295,0.0002584322652887419,2.535220522482558,-0.24628987483693845,-0.0038162976209347296,0.16643623498374358
-0.0312,-0.017453292519943295,0.00025785420071564166,2.5295497090204444,-0.24632791342882807,-0.003791249911518299,0.16669960152907076
-0.0322,-0.017453292519943295,0.0002572761341656989,2.5238788761655067,-0.2463661217780341,-0.003766090638571909,0.16696209114268762
-0.0332,-0.017453292519943295,0.0002567021670345477,2.5182482586089128,-0.24640553340336063,-0.0037397611985148017,0.16722224900377347
-0.0342,-0.017453292519943295,0.00025612410637065967,2.512577483496172,-0.2464440855212691,-0.0037143663298967906,0.16748295984606323
-0.0352,-0.017453292519943295,0.0002555460456458715,2.506906707786,-0.24648281198272945,-0.003688856615792988,0.1677427750456558
-0.0362,-0.017453292519943295,0.00025496798480580926,2.5012359309449894,-0.24652171394954223,-0.003663231298701244,0.16800168853112557
-0.037200000000000004,-0.017453292519943295,0.00025438992379743736,2.4955651524528606,-0.24656079259270297,-0.0036374896148023616,0.1682596941755786
-0.038200000000000005,-0.017453292519943295,0.000253811862560571,2.4898943717192012,-0.24660004908904842,-0.003611630797556146,0.16851678579916005
-0.039200000000000006,-0.017453292519943295,0.00025323380102289456,2.4842235880345958,-0.24663948461900304,-0.0035856540800601145,0.16877295717036386
-0.0402,-0.017453292519943295,0.00025265573909584796,2.4785528005302684,-0.24667910036401822,-0.003559558698925756,0.16902820200701396
-0.0412,-0.017453292519943295,0.0002520776766609303,2.472882008043727,-0.24671889750008677,-0.003533343898922167,0.1692825139809694
-0.0422,-0.017453292519943295,0.0002514996135145348,2.467211208577586,-0.2467588771718605,-0.0035070089495073463,0.16953588673859832
-0.0432,-0.017453292519943295,0.0002509215493471872,2.4615403990959064,-0.24679904047881643,-0.0034805531684574576,0.16978831390875082
-0.0442,-0.017453292519943295,0.00025034348371606534,2.455869575254601,-0.24683938845610792,-0.0034539759471896685,0.17003978911352752
-0.045200000000000004,-0.017453292519943295,0.00024976541572729676,2.4501987282847812,-0.24687992191834313,-0.0034272768720968743,0.170290306090904
-0.046200000000000005,-0.017453292519943295,0.00024918734333357316,2.4445278381023527,-0.24692064109502493,-0.0034004561103232996,0.17053985896824778
-0.047200000000000006,-0.017453292519943295,0.00024860818774333026,2.43884632176207,-0.24696105434119714,-0.0033742317336115583,0.17078885162464394
-0.0482,-0.017453292519943295,0.00026173897839887886,2.567659378093002,-0.21049673550715817,-0.0030939013469593515,0.16577859310831974
-0.0492,-0.017453292519943295,0.00024744929025767766,2.427477537427818,-0.24704190751490943,-0.0033211048772948102,0.17128415909822825
-0.0502,-0.017453292519943295,0.0002503622571436713,2.456053742579415,-0.2356237843136618,-0.0031729748021403596,0.16999812706395626
-0.0512,-0.017453292519943295,0.0002461027388074621,2.414267867701203,-0.24506979625820763,-0.0032114557401187837,0.17165341624331454
-0.0522,-0.017453292519943295,0.00024571536466780363,2.4104677273911537,-0.24716695613493497,-0.0032386463440394796,0.17201792935253218
-0.053200000000000004,-0.017453292519943295,0.00023959867805497872,2.3504630317193413,-0.2594869703421047,-0.0032447207455433363,0.17427288080146108
-0.054200000000000005,-0.017453292519943295,0.00023786565797733212,2.3334621047576283,-0.2628001878930383,-0.003232397109546396,0.17499733411779794
-0.055200000000000006,-0.017453292519943295,0.00023784242267557574,2.333234166447398,-0.26151062614086024,-0.003196164817339101,0.17503632619928175
-0.060200000000000004,-0.017453292519943295,0.0002410888247654557,2.3650813709491207,-0.24750822621737711,-0.0030141563126122044,0.17393055024286344
-0.06520000000000001,-0.017453292519943295,0.00023819939878468938,2.336736102077803,-0.24772557523861047,-0.0028703461694600104,0.17509077544301152
-0.0702,-0.017453292519943295,0.00023530994551288788,2.3083905654814303,-0.24795123015502138,-0.002721174869269084,0.1762229114239134
-0.0752,-0.017453292519943295,0.00023242049224098642,2.280045028884077,-0.24818249575875317,-0.0025682944385619793,0.1773261699011829
-0.08020000000000001,-0.017453292519943295,0.00022953103896897496,2.251699492285644,-0.24841958394033767,-0.002411564800083179,0.17839946030078388
-0.0852,-0.017453292519943295,0.0002266415856967909,2.223353955685519,-0.24866271739583995,-0.0022508387331984852,0.17944163643378686
-0.0902,-0.017453292519943295,0.00022375213242455659,2.1950084190849,-0.24891213032473275,-0.0020859614126594542,0.18045149290535087
-0.0952,-0.017453292519943295,0.00022086267915209405,2.1666628824820426,-0.24916806918197756,-0.0019167699111640867,0.1814277612420272
-0.1002,-0.017453292519943295,0.00021797322587957993,2.1383173458786793,-0.24943079349085562,-0.0017430926623525655,0.18236910571073167
-0.1052,-0.017453292519943295,0.0002150837726068806,2.1099718092734987,-0.24970057672021972,-0.0015647488805180863,0.18327411880106423
-0.1102,-0.017453292519943295,0.0002121943193339872,2.0816262726664143,-0.24997770723434598,-0.0013815479329065867,0.1841413163382277
-0.1152,-0.017453292519943295,0.00020930486606107415,2.0532807360591376,-0.25026248932113687,-0.001193288660025644,0.18496913219126507
-0.1202,-0.017453292519943295,0.0002064154127880323,2.024935199450597,-0.25055524430623993,-0.000999758638863732,0.18575591253695334
-0.1252,-0.017453292519943295,0.00020352595951483347,1.9965896628405164,-0.250856311762783,-0.0008007333833511577,0.18649990963488994
-0.13019999999999998,-0.017453292519943295,0.00020063650624141017,1.9682441262282337,-0.2511660508252163,-0.0005959754757331881,0.18719927506480996
-0.1352,-0.017453292519943295,0.00019774705296796488,1.9398985896157357,-0.25148484161872786,-0.0003852336217919847,0.18785205237092925
-0.1402,-0.017453292519943295,0.00019485759969439166,1.9115530530019822,-0.25181308681503234,-0.00016824162200465667,0.18845616905200868
-0.1452,-0.017453292519943295,0.00019736615972848096,1.9361620269363982,-0.24373554315438734,-1.838060043860214e-05,0.1884924008855821
-0.1502,-0.017453292519943295,0.00019239693564257636,1.8874139386536744,-0.2466503998387676,-1.993918884691203e-05,0.18928898222728677
-0.15519999999999998,-0.017453292519943295,0.00018752081573450414,1.8395792023554856,-0.2511442855893729,-2.070728988798813e-05,0.1900562193647913
0.0248,0.0,0.019439334254236128,190.6998690340564,-0.01544788352877822,1.988907591856617e-06,0.008058200322625095
0.0238,0.0,0.016230675747555268,159.2229290835172,-0.005429678344440049,6.869038926568435e-05,0.007155332182183389
0.0228,0.0,0.015879019783087124,155.7731840720847,-0.005722259674921816,7.004143703703963e-05,0.007802464031066308
0.0218,0.0,0.01554051027354653,152.45240578349146,-0.005661809472310665,7.18442926502164e-05,0.008466082815415728
0.0208,0.0,0.015203546052269678,149.14678677276555,-0.005540847736886349,7.276290942012619e-05,0.009137900779783038
0.0198,0.0,0.014870276390112694,145.87741138700554,-0.005347663090982451,7.441302668593266e-05,0.0098216476471569
0.0188,0.0,0.014610855575507915,143.33249319573264,-0.003335740299557756,-0.0005415481190635102,0.010572475524461047
0.0178,0.0,0.014259304240490793,139.8837745992147,-0.004266066317405716,-0.0009443644096212348,0.011166715563828256
0.016800000000000002,0.0,0.013813050165147988,135.50602212010176,-0.008003753182464607,-0.0014333554534812895,0.011621775927602883
0.0158,0.0,0.013528483752751163,132.7144256144889,-0.0065461153137295015,-0.0018028876377283308,0.012395284915392355
0.0148,0.0,0.013779392268751132,135.17583815644863,-0.000852712439550146,0.002116508656738295,0.015071883473349895
0.013800000000000002,0.0,0.01314557940315463,128.95813394494695,-0.00879559100619008,0.0030332954647614777,0.015518011367341633
0.0128,0.0,0.012603172818354418,123.63712534805684,-0.014296128614153417,0.0035739212655431798,0.016055847580644565
0.011800000000000001,0.0,0.012140284757235784,119.09619346848305,-0.017949689724975484,0.004047274491602271,0.016705162300652724
0.0108,0.0,0.011696922028042428,114.74680509509622,-0.020881015007662995,0.004261100057538155,0.01734835139630074
0.009800000000000001,0.0,0.011291813791641313,110.77269329600128,-0.022930677301834523,0.004407829398912694,0.018040981740515417
0.0088,0.0,0.010918273010200532,107.10825823006724,-0.0242924895724654,0.004574412559972737,0.018805300588479058
0.0078000000000000005,0.0,0.010549913852762155,103.49465489559675,-0.025547742590149084,0.004659093371512236,0.019548537966098792
0.0068000000000000005,0.0,0.010198853779170906,100.05075557366659,-0.026594633032783692,0.00473230210170206,0.02031536007353784
0.0058000000000000005,0.0,0.009856767069835147,96.6948849550828,-0.027529037916013407,0.004795541929533351,0.02109378441679926
0.0048000000000000004,0.0,0.009524126075995828,93.43167680551909,-0.028421997335041284,0.004851761887271717,0.021885914667069368
0.003800000000000001,0.0,0.009200103400066469,90.25301435465207,-0.029258197007109913,0.0049041156792108635,0.02269022554525719
0.002800000000000001,0.0,0.008886035302815391,87.172006320619,-0.030199239188946535,0.004947631604375869,0.023510266883331656
0.0018000000000000008,0.0,0.008581274756797371,84.18230536418223,-0.0312875820548453,0.004976796905686111,0.024345232655495944
0.0008000000000000007,0.0,0.008275338181271245,81.18106755827091,-0.032175032776546174,0.0050203337686477705,0.025180768509953134
-0.00019999999999999928,0.0,0.0,0.0,-0.5298999999999999,0.0,0.00019999999999999928
-0.0011999999999999992,0.0,0.0,0.0,-0.5298999999999999,0.0,0.0011999999999999992
-0.0021999999999999993,0.0,0.0,0.0,-0.5298999999999999,0.0,0.0021999999999999993
-0.0031999999999999993,0.0,0.0,0.0,-0.5298999999999999,0.0,0.0031999999999999993
-0.004199999999999999,0.0,0.0,0.0,-0.5298999999999999,0.0,0.004199999999999999
-0.005199999999999999,0.0,0.0,0.0,-0.5298999999999999,0.0,0.005199999999999999
-0.006199999999999999,0.0,0.0,0.0,-0.5298999999999999,0.0,0.006199999999999999
-0.007199999999999999,0.0,0.0,0.0,-0.5298999999999999,0.0,0.007199999999999999
-0.008199999999999999,0.0,0.0,0.0,-0.5298999999999999,0.0,0.008199999999999999
-0.0092,0.0,0.0,0.0,-0.5298999999999999,0.0,0.0092
-0.010199999999999999,0.0,0.0,0.0,-0.5298999999999999,0.0,0.010199999999999999
-0.0112,0.0,0.0,0.0,-0.5298999999999999,0.0,0.0112
-0.012199999999999999,0.0,0.0,0.0,-0.5298999999999999,0.0,0.012199999999999999
-0.0132,0.0,0.0,0.0,-0.5298999999999999,0.0,0.0132
-0.014199999999999999,0.0,0.0,0.0,-0.5298999999999999,0.0,0.014199999999999999
-0.0152,0.0,0.0,0.0,-0.5298999999999999,0.0,0.0152
-0.0162,0.0,0.0,0.0,-0.5298999999999999,0.0,0.0162
-0.0172,0.0,0.0,0.0,-0.5298999999999999,0.0,0.0172
-0.0182,0.0,0.0,0.0,-0.5298999999999999,0.0,0.0182
-0.0192,0.0,0.0,0.0,-0.5298999999999999,0.0,0.0192
-0.0202,0.0,0.0,0.0,-0.5298999999999999,0.0,0.0202
-0.0212,0.0,0.0,0.0,-0.5298999999999999,0.0,0.0212
-0.0222,0.0,0.0,0.0,-0.5298999999999999,0.0,0.0222
-0.0232,0.0,0.0,0.0,-0.5298999999999999,0.0,0.0232
-0.0242,0.0,0.0,0.0,-0.5298999999999999,0.0,0.0242
-0.0252,0.0,0.0,0.0,-0.5298999999999999,0.0,0.0252
-0.026199999999999998,0.0,0.0,0.0,-0.5298999999999999,0.0,0.026199999999999998
-0.0272,0.0,-5.438144144008407e-07,-0.005334819405272248,0.12670015399836915,-0.13021446263635855,0.0301142987467773
-0.0282,0.0,0.0,0.0,-0.5298999999999999,0.0,0.0282
-0.0292,0.0,0.0,0.0,-0.5298999999999999,0.0,0.0292
-0.030199999999999998,0.0,0.0,0.0,-0.5298999999999999,0.0,0.030199999999999998
-0.0312,0.0,0.0,0.0,-0.5298999999999999,0.0,0.0312
-0.0322,0.0,0.0,0.0,-0.5298999999999999,0.0,0.0322
-0.0332,0.0,0.0002735506789263399,2.6835321602673945,-0.2598034201172991,-0.00349598409430335,0.15917235315603662
-0.0342,0.0,0.0002682088404650791,2.631128724962426,-0.2563795573749004,-0.003525226755891563,0.16163037012635642
-0.0352,0.0,0.0002630649064153035,2.5806667319341274,-0.25301163294653145,-0.0035536000714842925,0.16407177420641555
-0.0362,0.0,0.00025831983661191567,2.5341175971628926,-0.25027537485952034,-0.003552698176390194,0.16634033290148598
-0.037200000000000004,0.0,0.0002574071577492832,2.525164217520469,-0.2499866946536103,-0.003531300649201669,0.16677156012745747
-0.038200000000000005,0.0,0.0002567094909954943,2.518320106665799,-0.24991493203993786,-0.003506837847098856,0.1670935932584179
-0.039200000000000006,0.0,0.00025599625197415094,2.5113232318664207,-0.25021462243835946,-0.0034610861873886675,0.1673788108213838
-0.0402,0.0,0.0002554181181314322,2.5056517388693496,-0.2502617101429829,-0.0034349827229542855,0.16763929954438134
-0.0412,0.0,0.00011986475077046746,1.1758732050582859,-0.14173604991386252,-0.007276446216794506,0.2632786315360213
-0.0422,0.0,0.00025425289960958117,2.4942209451699915,-0.25035124840806533,-0.003386511929336973,0.16816096030207453
-0.0432,0.0,0.000123454166198936,1.211085370411562,-0.17758043595526227,-0.0069491504489499365,0.25805057893520733
-0.0442,0.0,0.0001290257327580172,1.2657424383561486,-0.1906493481520772,-0.0065749350954568,0.2504505981085053
-0.045200000000000004,0.0,0.00013664026951486983,1.340441043940873,-0.19703648133839158,-0.006131566757068865,0.2409714087046993
-0.046200000000000005,0.0,0.0002519423514758838,2.4715544679784203,-0.2505441083285397,-0.003279260342113062,0.16918584208471832
-0.047200000000000006,0.0,0.0001545367077240794,1.516005102773219,-0.1944550824931364,-0.005356378480112212,0.22249947435963127
-0.0482,0.0,0.00016413185564355268,1.6101335038632518,-0.2036526256045462,-0.004983202078127155,0.21440202290519084
-0.0492,0.0,0.000250209677913509,2.4545569403315235,-0.2506911840834647,-0.003197420227824529,0.16994458771386553
-0.0502,0.0,0.00019223175140218568,1.8857934812554416,-0.22570601880877428,-0.0041431106900191245,0.19540806998835575
-0.0512,0.0,0.00022275501398692538,2.185226687211738,-0.24269510076078366,-0.003523090766607315,0.18036752884472265
-0.0522,0.0,0.0002459908857281219,2.413170588992876,-0.25204968430186536,-0.0031460542005446977,0.17152143612962967
-0.053200000000000004,0.0,0.0002479021337032691,2.4319199316290696,-0.2508906258641233,-0.0030863777007662115,0.170941870554159
-0.054200000000000005,0.0,0.00024732409368031073,2.4262493590038487,-0.2509407920165717,-0.003058510378043743,0.17118916254067426
-0.055200000000000006,0.0,0.0002467441736625653,2.420560343629766,-0.25099223748308525,-0.0030303750628758474,0.17143601656275423
-0.060200000000000004,0.0,0.00024385389893238283,2.3922067485266756,-0.25124789714759616,-0.00288843097973874,0.17265244136810362
-0.06520000000000001,0.0,0.0002409659263365879,2.3638757373619272,-0.25150906247363775,-0.0027431270814325406,0.1738422640955506
-0.0702,0.0,0.00023807579881870265,2.335523586411473,-0.25177714930536893,-0.0025941709079998813,0.1750060043017645
-0.0752,0.0,0.00023518567130068583,2.307171435459728,-0.2520518250176252,-0.002441553645883549,0.17614197134090073
-0.08020000000000001,0.0,0.00023229554378253691,2.2788192845066875,-0.25233333553899334,-0.0022851386457142897,0.17724912858530978
-0.0852,0.0,0.0002294054162642562,2.2504671335523536,-0.25262193919122944,-0.0021247823719019523,0.1783263871681899
-0.0902,0.0,0.00022651528874584364,2.222114982596726,-0.25291790747988335,-0.0019603339633259722,0.17937260265096863
-0.0952,0.0,0.000223625161227299,2.1937628316398032,-0.25322152594623804,-0.0017916347599599885,0.1803865714322607
-0.1002,0.0,0.00022073503370862265,2.1654106806815885,-0.25353309508616934,-0.0016185177923094037,0.18136702687471468
-0.1052,0.0,0.0002178449061898142,2.1370585297220774,-0.25385293134215314,-0.0014408072302061056,0.1823126351235536
-0.1102,0.0,0.00021495477867087377,2.108706378761272,-0.25418136817530024,-0.0012583177871375534,0.18322199058778801
-0.1152,0.0,0.00021206465115180176,2.0803542277991753,-0.25451875722504597,-0.0010708540758669108,0.18409361105192368
-0.1202,0.0,0.00020917452363259772,2.052002076835784,-0.2548654695649866,-0.0008782099106331666,0.18492593238242608
-0.1252,0.0,0.00020628439611326184,2.0236499258710987,-0.25522189706428156,-0.0006801675506929383,0.18571730278919554
-0.13019999999999998,0.0,0.00020339426859379415,1.9952977749051206,-0.255588453865123,-0.000476496879368812,0.18646597659779507
-0.1352,0.0,0.00020050414107419432,1.9669456239378462,-0.2559655779879884,-0.00026695451209683013,0.18717010748306398
-0.1402,0.0,0.00019761401355446282,1.9385934729692802,-0.25635373307775416,-5.1282826204909014e-05,0.1878277411089756
-0.1452,0.0,0.00019935125099172806,1.9556357722288524,-0.249857224237921,-1.836110672926682e-05,0.18806594848987698
-0.1502,0.0,0.00019454143220787762,1.9084514499592795,-0.25337805772712146,-1.900237592336426e-05,0.18889821468243698
-0.15519999999999998,0.0,0.00018812748020955052,1.8455305808556908,-0.25765762460529856,-2.1491735496590614e-05,0.18982651190808938
0.0248,0.017453292519943295,0.0,0.0,-0.5293864739837271,0.0,-0.034044253010995035
0.0238,0.017453292519943295,0.0,0.0,-0.5294039263901643,0.0,-0.033044405315838646
0.0228,0.017453292519943295,0.0,0.0,-0.5294213787966016,0.0,-0.03204455762068226
0.0218,0.017453292519943295,0.0,0.0,-0.5294388312030389,0.0,-0.03104470992552586
0.0208,0.017453292519943295,0.0,0.0,-0.5294562836094762,0.0,-0.03004486223036947
0.0198,0.017453292519943295,0.0,0.0,-0.5294737360159134,0.0,-0.02904501453521308
0.0188,0.017453292519943295,0.0,0.0,-0.5294911884223508,0.0,-0.028045166840056687
0.0178,0.017453292519943295,0.0,0.0,-0.529508640828788,0.0,-0.027045319144900295
0.016800000000000002,0.017453292519943295,0.0,0.0,-0.5295260932352253,0.0,-0.026045471449743906
0.0158,0.017453292519943295,0.0,0.0,-0.5295435456416626,0.0,-0.025045623754587513
0.0148,0.017453292519943295,0.0,0.0,-0.5295609980480999,0.0,-0.024045776059431125
0.013800000000000002,0.017453292519943295,0.0,0.0,-0.5295784504545371,0.0,-0.023045928364274732
0.0128,0.017453292519943295,0.0,0.0,-0.5295959028609745,0.0,-0.02204608066911834
0.011800000000000001,0.017453292519943295,0.0,0.0,-0.5296133552674117,0.0,-0.02104623297396195
0.0108,0.017453292519943295,0.0,0.0,-0.529630807673849,0.0,-0.02004638527880556
0.009800000000000001,0.017453292519943295,0.0,0.0,-0.5296482600802863,0.0,-0.019046537583649166
0.0088,0.017453292519943295,0.0,0.0,-0.5296657124867236,0.0,-0.018046689888492777
0.0078000000000000005,0.017453292519943295,0.0,0.0,-0.5296831648931608,0.0,-0.017046842193336385
0.0068000000000000005,0.017453292519943295,0.0,0.0,-0.5297006172995982,0.0,-0.016046994498179992
0.0058000000000000005,0.017453292519943295,0.0,0.0,-0.5297180697060354,0.0,-0.015047146803023602
0.0048000000000000004,0.017453292519943295,0.0,0.0,-0.5297355221124727,0.0,-0.014047299107867211
0.003800000000000001,0.017453292519943295,0.0,0.0,-0.52975297451891,0.0,-0.013047451412710818
0.002800000000000001,0.017453292519943295,0.0,0.0,-0.5297704269253473,0.0,-0.012047603717554428
0.0018000000000000008,0.017453292519943295,0.0,0.0,-0.5297878793317845,0.0,-0.011047756022398037
0.0008000000000000007,0.017453292519943295,0.0,0.0,-0.5298053317382219,0.0,-0.010047908327241645
-0.00019999999999999928,0.017453292519943295,0.0,0.0,-0.5298227841446591,0.0,-0.009048060632085254
-0.0011999999999999992,0.017453292519943295,0.0,0.0,-0.5298402365510964,0.0,-0.008048212936928863
-0.0021999999999999993,0.017453292519943295,0.0,0.0,-0.5298576889575337,0.0,-0.007048365241772471
-0.0031999999999999993,0.017453292519943295,0.0,0.0,-0.529875141363971,0.0,-0.00604851754661608
-0.004199999999999999,0.017453292519943295,0.0,0.0,-0.5298925937704082,0.0,-0.00504866985145969
-0.005199999999999999,0.017453292519943295,0.0,0.0,-0.5299100461768456,0.0,-0.004048822156303298
-0.006199999999999999,0.017453292519943295,0.0,0.0,-0.5299274985832828,0.0,-0.0030489744611469066
-0.007199999999999999,0.017453292519943295,0.0,0.0,-0.52994495098972,0.0,-0.002049126765990515
-0.008199999999999999,0.017453292519943295,0.0,0.0,-0.5299624033961574,0.0,-0.0010492790708341235
-0.0092,0.017453292519943295,0.0,0.0,-0.5299798558025947,0.0,-4.94313756777328e-05
-0.010199999999999999,0.017453292519943295,0.0,0.0,-0.5299973082090319,0.0,0.0009504163194786579
-0.0112,0.017453292519943295,0.0,0.0,-0.5300147606154693,0.0,0.0019502640146350503
-0.012199999999999999,0.017453292519943295,0.0,0.0,-0.5300322130219065,0.0,0.002950111709791441
-0.0132,0.017453292519943295,0.0,0.0,-0.5300496654283438,0.0,0.003949959404947833
-0.014199999999999999,0.017453292519943295,0.0,0.0,-0.5300671178347811,0.0,0.004949807100104224
-0.0152,0.017453292519943295,0.0,0.0,-0.5300845702412184,0.0,0.0059496547952606164
-0.0162,0.017453292519943295,0.0,0.0,-0.5301020226476556,0.0,0.006949502490417005
-0.0172,0.017453292519943295,0.0,0.0,-0.530119475054093,0.0,0.007949350185573398
-0.0182,0.017453292519943295,0.0,0.0,-0.5301369274605302,0.0,0.00894919788072979
-0.0192,0.017453292519943295,0.0,0.0,-0.5301543798669675,0.0,0.009949045575886179
-0.0202,0.017453292519943295,0.0,0.0,-0.5301718322734048,0.0,0.010948893271042572
-0.0212,0.017453292519943295,0.0,0.0,-0.530189284679842,0.0,0.011948740966198964
-0.0222,0.017453292519943295,0.0,0.0,-0.5302067370862793,0.0,0.012948588661355356
-0.0232,0.017453292519943295,0.0,0.0,-0.5302241894927167,0.0,0.013948436356511745
-0.0242,0.017453292519943295,0.0,0.0,-0.5302416418991539,0.0,0.014948284051668138
-0.0252,0.017453292519943295,0.0,0.0,-0.5302590943055911,0.0,0.01594813174682453
-0.026199999999999998,0.017453292519943295,0.0,0.0,-0.5302765467120285,0.0,0.01694797944198092
-0.0272,0.017453292519943295,0.0,0.0,-0.5302939991184658,0.0,0.017947827137137308
-0.0282,0.017453292519943295,0.0,0.0,-0.5303114515249031,0.0,0.0189476748322937
-0.0292,0.017453292519943295,0.0,0.0,-0.5303289039313404,0.0,0.019947522527450093
-0.030199999999999998,0.017453292519943295,0.0,0.0,-0.5303463563377776,0.0,0.020947370222606482
-0.0312,0.017453292519943295,0.0,0.0,-0.530363808744215,0.0,0.021947217917762874
-0.0322,0.017453292519943295,0.0,0.0,-0.5303812611506522,0.0,0.02294706561291927
-0.0332,0.017453292519943295,0.0,0.0,-0.5303987135570895,0.0,0.02394691330807566
-0.0342,0.017453292519943295,0.0,0.0,-0.5304161659635268,0.0,0.024946761003232048
-0.0352,0.017453292519943295,0.0,0.0,-0.530433618369964,0.0,0.025946608698388444
-0.0362,0.017453292519943295,0.0,0.0,-0.5304510707764013,0.0,0.026946456393544833
-0.037200000000000004,0.017453292519943295,0.0,0.0,-0.5304685231828387,0.0,0.02794630408870123
-0.038200000000000005,0.017453292519943295,0.0,0.0,-0.5304859755892759,0.0,0.028946151783857618
-0.039200000000000006,0.017453292519943295,0.0,0.0,-0.5305034279957132,0.0,0.029945999479014013
-0.0402,0.017453292519943295,0.0,0.0,-0.5305208804021505,0.0,0.030945847174170395
-0.0412,0.017453292519943295,0.0,0.0,-0.5305383328085878,0.0,0.03194569486932679
-0.0422,0.017453292519943295,0.0,0.0,-0.530555785215025,0.0,0.03294554256448318
-0.0432,0.017453292519943295,0.0,0.0,-0.5305732376214624,0.0,0.03394539025963958
-0.0442,0.017453292519943295,0.0,0.0,-0.5305906900278996,0.0,0.03494523795479597
-0.045200000000000004,0.017453292519943295,0.0,0.0,-0.5306081424343368,0.0,0.03594508564995236
-0.046200000000000005,0.017453292519943295,0.0,0.0,-0.5306255948407742,0.0,0.036944933345108746
-0.047200000000000006,0.017453292519943295,0.0,0.0,-0.5306430472472115,0.0,0.03794478104026515
-0.0482,0.017453292519943295,0.0,0.0,-0.5306604996536487,0.0,0.038944628735421524
-0.0492,0.017453292519943295,0.0,0.0,-0.5306779520600861,0.0,0.03994447643057791
-0.0502,0.017453292519943295,0.0,0.0,-0.5306954044665233,0.0,0.040944324125734316
-0.0512,0.017453292519943295,0.0,0.0,-0.5307128568729605,0.0,0.041944171820890705
-0.0522,0.017453292519943295,0.0,0.0,-0.5307303092793979,0.0,0.042944019516047094
-0.053200000000000004,0.017453292519943295,0.0,0.0,-0.5307477616858352,0.0,0.04394386721120348
-0.054200000000000005,0.017453292519943295,0.0,0.0,-0.5307652140922724,0.0,0.044943714906359886
-0.055200000000000006,0.017453292519943295,0.0,0.0,-0.5307826664987098,0.0,0.045943562601516275
-0.060200000000000004,0.017453292519943295,0.0,0.0,-0.5308699285308961,0.0,0.05094280107729823
-0.06520000000000001,0.017453292519943295,0.0,0.0,-0.5309571905630825,0.0,0.05594203955308019
-0.0702,0.017453292519943295,0.0,0.0,-0.531044452595269,0.0,0.060941278028862136
-0.0752,0.017453292519943295,0.0,0.0,-0.5311317146274553,0.0,0.0659405165046441
-0.08020000000000001,0.017453292519943295,0.0,0.0,-0.5312189766596418,0.0,0.07093975498042605
-0.0852,0.017453292519943295,0.0,0.0,-0.5313062386918282,0.0,0.07593899345620801
-0.0902,0.017453292519943295,0.0,0.0,-0.5313935007240146,0.0,0.08093823193198997
-0.0952,0.017453292519943295,0.0,0.0,-0.531480762756201,0.0,0.08593747040777193
-0.1002,0.017453292519943295,0.0,0.0,-0.5315680247883875,0.0,0.09093670888355387
-0.1052,0.017453292519943295,0.0,0.0,-0.5316552868205738,0.0,0.09593594735933583
-0.1102,0.017453292519943295,0.0,0.0,-0.5317425488527603,0.0,0.10093518583511779
-0.1152,0.017453292519943295,0.0,0.0,-0.5318298108849467,0.0,0.10593442431089975
-0.1202,0.017453292519943295,0.0,0.0,-0.5319170729171332,0.0,0.11093366278668171
-0.1252,0.017453292519943295,0.0,0.0,-0.5320043349493195,0.0,0.11593290126246367
-0.13019999999999998,0.017453292519943295,0.0,0.0,-0.532091596981506,0.0,0.1209321397382456
-0.1352,0.017453292519943295,0.0,0.0,-0.5321788590136924,0.0,0.12593137821402756
-0.1402,0.017453292519943295,0.0,0.0,-0.5322661210458788,0.0,0.13093061668980951
-0.1452,0.017453292519943295,0.0,0.0,-0.5323533830780652,0.0,0.13592985516559147
-0.1502,0.017453292519943295,0.0,0.0,-0.5324406451102517,0.0,0.14092909364137343
-0.15519999999999998,0.017453292519943295,0.0,0.0,-0.532527907142438,0.0,0.14592833211715536
0.0248,0.03490658503988659,0.0,0.0,-0.5287116917191967,0.0,-0.04327813581272884
0.0238,0.03490658503988659,0.0,0.0,-0.5287465912158992,0.0,-0.04227874498570974
0.0228,0.03490658503988659,0.0,0.0,-0.5287814907126017,0.0,-0.04127935415869065
0.0218,0.03490658503988659,0.0,0.0,-0.5288163902093043,0.0,-0.04027996333167155
0.0208,0.03490658503988659,0.0,0.0,-0.5288512897060067,0.0,-0.03928057250465245
0.0198,0.03490658503988659,0.0,0.0,-0.5288861892027092,0.0,-0.038281181677633364
0.0188,0.03490658503988659,0.0,0.0,-0.5289210886994117,0.0,-0.03728179085061426
0.0178,0.03490658503988659,0.0,0.0,-0.5289559881961142,0.0,-0.03628240002359517
0.016800000000000002,0.03490658503988659,0.0,0.0,-0.5289908876928168,0.0,-0.03528300919657607
0.0158,0.03490658503988659,0.0,0.0,-0.5290257871895192,0.0,-0.03428361836955698
0.0148,0.03490658503988659,0.0,0.0,-0.5290606866862217,0.0,-0.033284227542537875
0.013800000000000002,0.03490658503988659,0.0,0.0,-0.5290955861829242,0.0,-0.03228483671551878
0.0128,0.03490658503988659,0.0,0.0,-0.5291304856796267,0.0,-0.031285445888499686
0.011800000000000001,0.03490658503988659,0.0,0.0,-0.5291653851763293,0.0,-0.03028605506148059
0.0108,0.03490658503988659,0.0,0.0,-0.5292002846730317,0.0,-0.029286664234461496
0.009800000000000001,0.03490658503988659,0.0,0.0,-0.5292351841697343,0.0,-0.0282872734074424
0.0088,0.03490658503988659,0.0,0.0,-0.5292700836664367,0.0,-0.027287882580423306
0.0078000000000000005,0.03490658503988659,0.0,0.0,-0.5293049831631392,0.0,-0.026288491753404208
0.0068000000000000005,0.03490658503988659,0.0,0.0,-0.5293398826598418,0.0,-0.025289100926385113
0.0058000000000000005,0.03490658503988659,0.0,0.0,-0.5293747821565442,0.0,-0.024289710099366018
0.0048000000000000004,0.03490658503988659,0.0,0.0,-0.5294096816532468,0.0,-0.02329031927234692
0.003800000000000001,0.03490658503988659,0.0,0.0,-0.5294445811499493,0.0,-0.022290928445327825
0.002800000000000001,0.03490658503988659,0.0,0.0,-0.5294794806466517,0.0,-0.02129153761830873
0.0018000000000000008,0.03490658503988659,0.0,0.0,-0.5295143801433543,0.0,-0.020292146791289635
0.0008000000000000007,0.03490658503988659,0.0,0.0,-0.5295492796400567,0.0,-0.01929275596427054
-0.00019999999999999928,0.03490658503988659,0.0,0.0,-0.5295841791367593,0.0,-0.018293365137251442
-0.0011999999999999992,0.03490658503988659,0.0,0.0,-0.5296190786334618,0.0,-0.017293974310232347
-0.0021999999999999993,0.03490658503988659,0.0,0.0,-0.5296539781301642,0.0,-0.016294583483213252
-0.0031999999999999993,0.03490658503988659,0.0,0.0,-0.5296888776268668,0.0,-0.015295192656194155
-0.004199999999999999,0.03490658503988659,0.0,0.0,-0.5297237771235692,0.0,-0.01429580182917506
-0.005199999999999999,0.03490658503988659,0.0,0.0,-0.5297586766202718,0.0,-0.013296411002155964
-0.006199999999999999,0.03490658503988659,0.0,0.0,-0.5297935761169743,0.0,-0.012297020175136869
-0.007199999999999999,0.03490658503988659,0.0,0.0,-0.5298284756136767,0.0,-0.011297629348117774
-0.008199999999999999,0.03490658503988659,0.0,0.0,-0.5298633751103793,0.0,-0.010298238521098678
-0.0092,0.03490658503988659,0.0,0.0,-0.5298982746070817,0.0,-0.009298847694079581
-0.010199999999999999,0.03490658503988659,0.0,0.0,-0.5299331741037843,0.0,-0.008299456867060486
-0.0112,0.03490658503988659,0.0,0.0,-0.5299680736004868,0.0,-0.0073000660400413895
-0.012199999999999999,0.03490658503988659,0.0,0.0,-0.5300029730971892,0.0,-0.006300675213022295
-0.0132,0.03490658503988659,0.0,0.0,-0.5300378725938918,0.0,-0.005301284386003198
-0.014199999999999999,0.03490658503988659,0.0,0.0,-0.5300727720905942,0.0,-0.004301893558984103
-0.0152,0.03490658503988659,0.0,0.0,-0.5301076715872968,0.0,-0.0033025027319650065
-0.0162,0.03490658503988659,0.0,0.0,-0.5301425710839993,0.0,-0.00230311190494591
-0.0172,0.03490658503988659,0.0,0.0,-0.5301774705807017,0.0,-0.001303721077926815
-0.0182,0.03490658503988659,0.0,0.0,-0.5302123700774043,0.0,-0.0003043302509077167
-0.0192,0.03490658503988659,0.0,0.0,-0.5302472695741067,0.0,0.0006950605761113747
-0.0202,0.03490658503988659,0.0,0.0,-0.5302821690708093,0.0,0.001694451403130473
-0.0212,0.03490658503988659,0.0,0.0,-0.5303170685675118,0.0,0.002693842230149568
-0.0222,0.03490658503988659,0.0,0.0,-0.5303519680642143,0.0,0.0036932330571686663
-0.0232,0.03490658503988659,0.0,0.0,-0.5303868675609168,0.0,0.004692623884187758
-0.0242,0.03490658503988659,0.0,0.0,-0.5304217670576192,0.0,0.005692014711206856
-0.0252,0.03490658503988659,0.0,0.0,-0.5304566665543218,0.0,0.006691405538225951
-0.026199999999999998,0.03490658503988659,0.0,0.0,-0.5304915660510243,0.0,0.007690796365245046
-0.0272,0.03490658503988659,0.0,0.0,-0.5305264655477268,0.0,0.00869018719226414
-0.0282,0.03490658503988659,0.0,0.0,-0.5305613650444293,0.0,0.009689578019283239
-0.0292,0.03490658503988659,0.0,0.0,-0.5305962645411317,0.0,0.010688968846302334
-0.030199999999999998,0.03490658503988659,0.0,0.0,-0.5306311640378343,0.0,0.011688359673321429
-0.0312,0.03490658503988659,0.0,0.0,-0.5306660635345368,0.0,0.012687750500340524
-0.0322,0.03490658503988659,0.0,0.0,-0.5307009630312393,0.0,0.013687141327359618
-0.0332,0.03490658503988659,0.0,0.0,-0.5307358625279418,0.0,0.01468653215437872
-0.0342,0.03490658503988659,0.0,0.0,-0.5307707620246442,0.0,0.015685922981397815
-0.0352,0.03490658503988659,0.0,0.0,-0.5308056615213468,0.0,0.01668531380841691
-0.0362,0.03490658503988659,0.0,0.0,-0.5308405610180493,0.0,0.017684704635436005
-0.037200000000000004,0.03490658503988659,0.0,0.0,-0.5308754605147518,0.0,0.018684095462455107
-0.038200000000000005,0.03490658503988659,0.0,0.0,-0.5309103600114543,0.0,0.0196834862894742
-0.039200000000000006,0.03490658503988659,0.0,0.0,-0.5309452595081567,0.0,0.020682877116493296
-0.0402,0.03490658503988659,0.0,0.0,-0.5309801590048593,0.0,0.021682267943512384
-0.0412,0.03490658503988659,0.0,0.0,-0.5310150585015618,0.0,0.022681658770531486
-0.0422,0.03490658503988659,0.0,0.0,-0.5310499579982643,0.0,0.02368104959755058
-0.0432,0.03490658503988659,0.0,0.0,-0.5310848574949668,0.0,0.024680440424569676
-0.0442,0.03490658503988659,0.0,0.0,-0.5311197569916692,0.0,0.025679831251588778
-0.045200000000000004,0.03490658503988659,0.0,0.0,-0.5311546564883718,0.0,0.026679222078607873
-0.046200000000000005,0.03490658503988659,0.0,0.0,-0.5311895559850743,0.0,0.027678612905626968
-0.047200000000000006,0.03490658503988659,0.0,0.0,-0.5312244554817768,0.0,0.028678003732646062
-0.0482,0.03490658503988659,0.0,0.0,-0.5312593549784793,0.0,0.029677394559665157
-0.0492,0.03490658503988659,0.0,0.0,-0.5312942544751817,0.0,0.030676785386684252
-0.0502,0.03490658503988659,0.0,0.0,-0.5313291539718843,0.0,0.03167617621370335
-0.0512,0.03490658503988659,0.0,0.0,-0.5313640534685868,0.0,0.03267556704072244
-0.0522,0.03490658503988659,0.0,0.0,-0.5313989529652893,0.0,0.033674957867741544
-0.053200000000000004,0.03490658503988659,0.0,0.0,-0.5314338524619918,0.0,0.03467434869476064
-0.054200000000000005,0.03490658503988659,0.0,0.0,-0.5314687519586943,0.0,0.03567373952177973
-0.055200000000000006,0.03490658503988659,0.0,0.0,-0.5315036514553968,0.0,0.03667313034879883
-0.060200000000000004,0.03490658503988659,0.0,0.0,-0.5316781489389093,0.0,0.04167008448389431
-0.06520000000000001,0.03490658503988659,0.0,0.0,-0.5318526464224218,0.0,0.04666703861898979
-0.0702,0.03490658503988659,0.0,0.0,-0.5320271439059343,0.0,0.051663992754085265
-0.0752,0.03490658503988659,0.0,0.0,-0.5322016413894468,0.0,0.05666094688918074
-0.08020000000000001,0.03490658503988659,0.0,0.0,-0.5323761388729593,0.0,0.06165790102427623
-0.0852,0.03490658503988659,0.0,0.0,-0.5325506363564718,0.0,0.0666548551593717
-0.0902,0.03490658503988659,0.0,0.0,-0.5327251338399843,0.0,0.07165180929446718
-0.0952,0.03490658503988659,0.0,0.0,-0.5328996313234968,0.0,0.07664876342956267
-0.1002,0.03490658503988659,0.0,0.0,-0.5330741288070093,0.0,0.08164571756465813
-0.1052,0.03490658503988659,0.0,0.0,-0.5332486262905218,0.0,0.08664267169975362
-0.1102,0.03490658503988659,0.0,0.0,-0.5334231237740343,0.0,0.09163962583484911
-0.1152,0.03490658503988659,0.0,0.0,-0.5335976212575468,0.0,0.09663657996994457
-0.1202,0.03490658503988659,0.0,0.0,-0.5337721187410593,0.0,0.10163353410504006
-0.1252,0.03490658503988659,0.0,0.0,-0.5339466162245718,0.0,0.10663048824013555
-0.13019999999999998,0.03490658503988659,0.0,0.0,-0.5341211137080843,0.0,0.111627442375231
-0.1352,0.03490658503988659,0.0,0.0,-0.5342956111915969,0.0,0.11662439651032647
-0.1402,0.03490658503988659,0.0,0.0,-0.5344701086751094,0.0,0.12162135064542196
-0.1452,0.03490658503988659,0.0,0.0,-0.5346446061586219,0.0,0.12661830478051744
-0.1502,0.03490658503988659,0.0,0.0,-0.5348191036421344,0.0,0.13161525891561293
-0.15519999999999998,0.03490658503988659,0.0,0.0,-0.5349936011256469,0.0,0.1366122130507084
0.0248,0.05235987755982989,0.0,0.0,-0.5278758587516236,0.0,-0.052498835675049364
0.0238,0.05235987755982989,0.0,0.0,-0.5279281947078666,0.0,-0.051500206140294796
0.0228,0.05235987755982989,0.0,0.0,-0.5279805306641095,0.0,-0.05050157660554022
0.0218,0.05235987755982989,0.0,0.0,-0.5280328666203524,0.0,-0.04950294707078565
0.0208,0.05235987755982989,0.0,0.0,-0.5280852025765954,0.0,-0.04850431753603107
0.0198,0.05235987755982989,0.0,0.0,-0.5281375385328384,0.0,-0.0475056880012765
0.0188,0.05235987755982989,0.0,0.0,-0.5281898744890813,0.0,-0.04650705846652192
0.0178,0.05235987755982989,0.0,0.0,-0.5282422104453243,0.0,-0.04550842893176735
0.016800000000000002,0.05235987755982989,0.0,0.0,-0.5282945464015671,0.0,-0.04450979939701277
0.0158,0.05235987755982989,0.0,0.0,-0.5283468823578101,0.0,-0.0435111698622582
0.0148,0.05235987755982989,0.0,0.0,-0.5283992183140531,0.0,-0.04251254032750362
0.013800000000000002,0.05235987755982989,0.0,0.0,-0.528451554270296,0.0,-0.041513910792749055
0.0128,0.05235987755982989,0.0,0.0,-0.528503890226539,0.0,-0.04051528125799448
0.011800000000000001,0.05235987755982989,0.0,0.0,-0.5285562261827819,0.0,-0.039516651723239905
0.0108,0.05235987755982989,0.0,0.0,-0.5286085621390249,0.0,-0.03851802218848533
0.009800000000000001,0.05235987755982989,0.0,0.0,-0.5286608980952678,0.0,-0.037519392653730756
0.0088,0.05235987755982989,0.0,0.0,-0.5287132340515107,0.0,-0.03652076311897618
0.0078000000000000005,0.05235987755982989,0.0,0.0,-0.5287655700077537,0.0,-0.03552213358422161
0.0068000000000000005,0.05235987755982989,0.0,0.0,-0.5288179059639966,0.0,-0.03452350404946704
0.0058000000000000005,0.05235987755982989,0.0,0.0,-0.5288702419202396,0.0,-0.03352487451471246
0.0048000000000000004,0.05235987755982989,0.0,0.0,-0.5289225778764826,0.0,-0.03252624497995789
0.003800000000000001,0.05235987755982989,0.0,0.0,-0.5289749138327254,0.0,-0.031527615445203314
0.002800000000000001,0.05235987755982989,0.0,0.0,-0.5290272497889684,0.0,-0.03052898591044874
0.0018000000000000008,0.05235987755982989,0.0,0.0,-0.5290795857452113,0.0,-0.029530356375694167
0.0008000000000000007,0.05235987755982989,0.0,0.0,-0.5291319217014543,0.0,-0.028531726840939593
-0.00019999999999999928,0.05235987755982989,0.0,0.0,-0.5291842576576973,0.0,-0.027533097306185018
-0.0011999999999999992,0.05235987755982989,0.0,0.0,-0.5292365936139402,0.0,-0.026534467771430446
-0.0021999999999999993,0.05235987755982989,0.0,0.0,-0.5292889295701831,0.0,-0.02553583823667587
-0.0031999999999999993,0.05235987755982989,0.0,0.0,-0.529341265526426,0.0,-0.024537208701921297
-0.004199999999999999,0.05235987755982989,0.0,0.0,-0.529393601482669,0.0,-0.023538579167166722
-0.005199999999999999,0.05235987755982989,0.0,0.0,-0.529445937438912,0.0,-0.02253994963241215
-0.006199999999999999,0.05235987755982989,0.0,0.0,-0.5294982733951549,0.0,-0.021541320097657576
-0.007199999999999999,0.05235987755982989,0.0,0.0,-0.5295506093513979,0.0,-0.020542690562903004
-0.008199999999999999,0.05235987755982989,0.0,0.0,-0.5296029453076407,0.0,-0.01954406102814843
-0.0092,0.05235987755982989,0.0,0.0,-0.5296552812638837,0.0,-0.018545431493393855
-0.010199999999999999,0.05235987755982989,0.0,0.0,-0.5297076172201267,0.0,-0.01754680195863928
-0.0112,0.05235987755982989,0.0,0.0,-0.5297599531763696,0.0,-0.016548172423884705
-0.012199999999999999,0.05235987755982989,0.0,0.0,-0.5298122891326126,0.0,-0.015549542889130134
-0.0132,0.05235987755982989,0.0,0.0,-0.5298646250888555,0.0,-0.014550913354375559
-0.014199999999999999,0.05235987755982989,0.0,0.0,-0.5299169610450984,0.0,-0.013552283819620986
-0.0152,0.05235987755982989,0.0,0.0,-0.5299692970013414,0.0,-0.012553654284866411
-0.0162,0.05235987755982989,0.0,0.0,-0.5300216329575843,0.0,-0.011555024750111838
-0.0172,0.05235987755982989,0.0,0.0,-0.5300739689138273,0.0,-0.010556395215357263
-0.0182,0.05235987755982989,0.0,0.0,-0.5301263048700702,0.0,-0.009557765680602688
-0.0192,0.05235987755982989,0.0,0.0,-0.5301786408263132,0.0,-0.008559136145848117
-0.0202,0.05235987755982989,0.0,0.0,-0.5302309767825562,0.0,-0.007560506611093542
-0.0212,0.05235987755982989,0.0,0.0,-0.530283312738799,0.0,-0.006561877076338967
-0.0222,0.05235987755982989,0.0,0.0,-0.530335648695042,0.0,-0.005563247541584392
-0.0232,0.05235987755982989,0.0,0.0,-0.5303879846512849,0.0,-0.004564618006829821
-0.0242,0.05235987755982989,0.0,0.0,-0.5304403206075279,0.0,-0.003565988472075246
-0.0252,0.05235987755982989,0.0,0.0,-0.5304926565637709,0.0,-0.0025673589373206712
-0.026199999999999998,0.05235987755982989,0.0,0.0,-0.5305449925200137,0.0,-0.0015687294025660999
-0.0272,0.05235987755982989,0.0,0.0,-0.5305973284762567,0.0,-0.000570099867811525
-0.0282,0.05235987755982989,0.0,0.0,-0.5306496644324996,0.0,0.0004285296669430498
-0.0292,0.05235987755982989,0.0,0.0,-0.5307020003887426,0.0,0.0014271592016976246
-0.030199999999999998,0.05235987755982989,0.0,0.0,-0.5307543363449856,0.0,0.002425788736452196
-0.0312,0.05235987755982989,0.0,0.0,-0.5308066723012285,0.0,0.003424418271206771
-0.0322,0.05235987755982989,0.0,0.0,-0.5308590082574715,0.0,0.004423047805961342
-0.0332,0.05235987755982989,0.0,0.0,-0.5309113442137143,0.0,0.005421677340715917
-0.0342,0.05235987755982989,0.0,0.0,-0.5309636801699573,0.0,0.006420306875470492
-0.0352,0.05235987755982989,0.0,0.0,-0.5310160161262003,0.0,0.007418936410225067
-0.0362,0.05235987755982989,0.0,0.0,-0.5310683520824432,0.0,0.008417565944979642
-0.037200000000000004,0.05235987755982989,0.0,0.0,-0.5311206880386862,0.0,0.009416195479734216
-0.038200000000000005,0.05235987755982989,0.0,0.0,-0.531173023994929,0.0,0.010414825014488791
-0.039200000000000006,0.05235987755982989,0.0,0.0,-0.531225359951172,0.0,0.011413454549243366
-0.0402,0.05235987755982989,0.0,0.0,-0.531277695907415,0.0,0.012412084083997934
-0.0412,0.05235987755982989,0.0,0.0,-0.5313300318636579,0.0,0.013410713618752509
-0.0422,0.05235987755982989,0.0,0.0,-0.5313823678199009,0.0,0.014409343153507084
-0.0432,0.05235987755982989,0.0,0.0,-0.5314347037761438,0.0,0.015407972688261658
-0.0442,0.05235987755982989,0.0,0.0,-0.5314870397323868,0.0,0.016406602223016233
-0.045200000000000004,0.05235987755982989,0.0,0.0,-0.5315393756886297,0.0,0.017405231757770808
-0.046200000000000005,0.05235987755982989,0.0,0.0,-0.5315917116448726,0.0,0.018403861292525383
-0.047200000000000006,0.05235987755982989,0.0,0.0,-0.5316440476011156,0.0,0.019402490827279958
-0.0482,0.05235987755982989,0.0,0.0,-0.5316963835573585,0.0,0.020401120362034526
-0.0492,0.05235987755982989,0.0,0.0,-0.5317487195136015,0.0,0.0213997498967891
-0.0502,0.05235987755982989,0.0,0.0,-0.5318010554698445,0.0,0.022398379431543675
-0.0512,0.05235987755982989,0.0,0.0,-0.5318533914260873,0.0,0.02339700896629825
-0.0522,0.05235987755982989,0.0,0.0,-0.5319057273823303,0.0,0.024395638501052825
-0.053200000000000004,0.05235987755982989,0.0,0.0,-0.5319580633385732,0.0,0.0253942680358074
-0.054200000000000005,0.05235987755982989,0.0,0.0,-0.5320103992948162,0.0,0.026392897570561975
-0.055200000000000006,0.05235987755982989,0.0,0.0,-0.5320627352510592,0.0,0.02739152710531655
-0.060200000000000004,0.05235987755982989,0.0,0.0,-0.5323244150322739,0.0,0.03238467477908942
-0.06520000000000001,0.05235987755982989,0.0,0.0,-0.5325860948134886,0.0,0.037377822452862294
-0.0702,0.05235987755982989,0.0,0.0,-0.5328477745947033,0.0,0.042370970126635155
-0.0752,0.05235987755982989,0.0,0.0,-0.5331094543759181,0.0,0.04736411780040803
-0.08020000000000001,0.05235987755982989,0.0,0.0,-0.5333711341571328,0.0,0.0523572654741809
-0.0852,0.05235987755982989,0.0,0.0,-0.5336328139383475,0.0,0.05735041314795376
-0.0902,0.05235987755982989,0.0,0.0,-0.5338944937195622,0.0,0.06234356082172664
-0.0952,0.05235987755982989,0.0,0.0,-0.5341561735007769,0.0,0.06733670849549951
-0.1002,0.05235987755982989,0.0,0.0,-0.5344178532819917,0.0,0.07232985616927237
-0.1052,0.05235987755982989,0.0,0.0,-0.5346795330632064,0.0,0.07732300384304525
-0.1102,0.05235987755982989,0.0,0.0,-0.5349412128444211,0.0,0.08231615151681812
-0.1152,0.05235987755982989,0.0,0.0,-0.5352028926256358,0.0,0.08730929919059097
-0.1202,0.05235987755982989,0.0,0.0,-0.5354645724068505,0.0,0.09230244686436384
-0.1252,0.05235987755982989,0.0,0.0,-0.5357262521880652,0.0,0.09729559453813673
-0.13019999999999998,0.05235987755982989,0.0,0.0,-0.53598793196928,0.0,0.10228874221190958
-0.1352,0.05235987755982989,0.0,0.0,-0.5362496117504947,0.0,0.10728188988568245
-0.1402,0.05235987755982989,0.0,0.0,-0.5365112915317094,0.0,0.11227503755945532
-0.1452,0.05235987755982989,0.0,0.0,-0.5367729713129241,0.0,0.1172681852332282
-0.1502,0.05235987755982989,0.0,0.0,-0.5370346510941388,0.0,0.12226133290700107
-0.15519999999999998,0.05235987755982989,0.0,0.0,-0.5372963308753536,0.0,0.1272544805807739
0.0248,0.06981317007977318,0.0,0.0,-0.5268792296838264,0.0,-0.06170354388345563
0.0238,0.06981317007977318,0.0,0.0,-0.5269489861575706,0.0,-0.06070597983319581
0.0228,0.06981317007977318,0.0,0.0,-0.5270187426313147,0.0,-0.05970841578293598
0.0218,0.06981317007977318,0.0,0.0,-0.5270884991050588,0.0,-0.058710851732676164
0.0208,0.06981317007977318,0.0,0.0,-0.5271582555788029,0.0,-0.057713287682416334
0.0198,0.06981317007977318,0.0,0.0,-0.527228012052547,0.0,-0.05671572363215652
0.0188,0.06981317007977318,0.0,0.0,-0.5272977685262912,0.0,-0.05571815958189669
0.0178,0.06981317007977318,0.0,0.0,-0.5273675250000353,0.0,-0.05472059553163686
0.016800000000000002,0.06981317007977318,0.0,0.0,-0.5274372814737794,0.0,-0.05372303148137704
0.0158,0.06981317007977318,0.0,0.0,-0.5275070379475235,0.0,-0.052725467431117216
0.0148,0.06981317007977318,0.0,0.0,-0.5275767944212677,0.0,-0.05172790338085739
0.013800000000000002,0.06981317007977318,0.0,0.0,-0.5276465508950118,0.0,-0.05073033933059756
0.0128,0.06981317007977318,0.0,0.0,-0.527716307368756,0.0,-0.049732775280337746
0.011800000000000001,0.06981317007977318,0.0,0.0,-0.5277860638425,0.0,-0.048735211230077916
0.0108,0.06981317007977318,0.0,0.0,-0.5278558203162441,0.0,-0.04773764717981809
0.009800000000000001,0.06981317007977318,0.0,0.0,-0.5279255767899883,0.0,-0.04674008312955827
0.0088,0.06981317007977318,0.0,0.0,-0.5279953332637324,0.0,-0.045742519079298445
0.0078000000000000005,0.06981317007977318,0.0,0.0,-0.5280650897374766,0.0,-0.04474495502903862
0.0068000000000000005,0.06981317007977318,0.0,0.0,-0.5281348462112206,0.0,-0.0437473909787788
0.0058000000000000005,0.06981317007977318,0.0,0.0,-0.5282046026849648,0.0,-0.042749826928518975
0.0048000000000000004,0.06981317007977318,0.0,0.0,-0.5282743591587089,0.0,-0.04175226287825915
0.003800000000000001,0.06981317007977318,0.0,0.0,-0.5283441156324531,0.0,-0.04075469882799933
0.002800000000000001,0.06981317007977318,0.0,0.0,-0.5284138721061972,0.0,-0.0397571347777395
0.0018000000000000008,0.06981317007977318,0.0,0.0,-0.5284836285799412,0.0,-0.038759570727479674
0.0008000000000000007,0.06981317007977318,0.0,0.0,-0.5285533850536854,0.0,-0.03776200667721985
-0.00019999999999999928,0.06981317007977318,0.0,0.0,-0.5286231415274295,0.0,-0.03676444262696003
-0.0011999999999999992,0.06981317007977318,0.0,0.0,-0.5286928980011737,0.0,-0.0357668785767002
-0.0021999999999999993,0.06981317007977318,0.0,0.0,-0.5287626544749178,0.0,-0.03476931452644038
-0.0031999999999999993,0.06981317007977318,0.0,0.0,-0.528832410948662,0.0,-0.033771750476180556
-0.004199999999999999,0.06981317007977318,0.0,0.0,-0.528902167422406,0.0,-0.03277418642592073
-0.005199999999999999,0.06981317007977318,0.0,0.0,-0.5289719238961502,0.0,-0.03177662237566091
-0.006199999999999999,0.06981317007977318,0.0,0.0,-0.5290416803698943,0.0,-0.030779058325401083
-0.007199999999999999,0.06981317007977318,0.0,0.0,-0.5291114368436384,0.0,-0.02978149427514126
-0.008199999999999999,0.06981317007977318,0.0,0.0,-0.5291811933173826,0.0,-0.028783930224881436
-0.0092,0.06981317007977318,0.0,0.0,-0.5292509497911266,0.0,-0.02778636617462161
-0.010199999999999999,0.06981317007977318,0.0,0.0,-0.5293207062648708,0.0,-0.026788802124361785
-0.0112,0.06981317007977318,0.0,0.0,-0.5293904627386149,0.0,-0.02579123807410196
-0.012199999999999999,0.06981317007977318,0.0,0.0,-0.5294602192123591,0.0,-0.024793674023842138
-0.0132,0.06981317007977318,0.0,0.0,-0.5295299756861032,0.0,-0.023796109973582315
-0.014199999999999999,0.06981317007977318,0.0,0.0,-0.5295997321598473,0.0,-0.02279854592332249
-0.0152,0.06981317007977318,0.0,0.0,-0.5296694886335914,0.0,-0.021800981873062664
-0.0162,0.06981317007977318,0.0,0.0,-0.5297392451073355,0.0,-0.02080341782280284
-0.0172,0.06981317007977318,0.0,0.0,-0.5298090015810797,0.0,-0.019805853772543017
-0.0182,0.06981317007977318,0.0,0.0,-0.5298787580548238,0.0,-0.01880828972228319
-0.0192,0.06981317007977318,0.0,0.0,-0.529948514528568,0.0,-0.01781072567202337
-0.0202,0.06981317007977318,0.0,0.0,-0.530018271002312,0.0,-0.016813161621763544
-0.0212,0.06981317007977318,0.0,0.0,-0.5300880274760562,0.0,-0.01581559757150372
-0.0222,0.06981317007977318,0.0,0.0,-0.5301577839498003,0.0,-0.014818033521243893
-0.0232,0.06981317007977318,0.0,0.0,-0.5302275404235445,0.0,-0.013820469470984073
-0.0242,0.06981317007977318,0.0,0.0,-0.5302972968972886,0.0,-0.012822905420724246
-0.0252,0.06981317007977318,0.0,0.0,-0.5303670533710326,0.0,-0.011825341370464423
-0.026199999999999998,0.06981317007977318,0.0,0.0,-0.5304368098447768,0.0,-0.010827777320204596
-0.0272,0.06981317007977318,0.0,0.0,-0.5305065663185209,0.0,-0.009830213269944776
-0.0282,0.06981317007977318,0.0,0.0,-0.5305763227922651,0.0,-0.008832649219684952
-0.0292,0.06981317007977318,0.0,0.0,-0.5306460792660092,0.0,-0.007835085169425125
-0.030199999999999998,0.06981317007977318,0.0,0.0,-0.5307158357397533,0.0,-0.006837521119165305
-0.0312,0.06981317007977318,0.0,0.0,-0.5307855922134974,0.0,-0.005839957068905478
-0.0322,0.06981317007977318,0.0,0.0,-0.5308553486872416,0.0,-0.004842393018645655
-0.0332,0.06981317007977318,0.0,0.0,-0.5309251051609857,0.0,-0.0038448289683858314
-0.0342,0.06981317007977318,0.0,0.0,-0.5309948616347298,0.0,-0.002847264918126008
-0.0352,0.06981317007977318,0.0,0.0,-0.5310646181084739,0.0,-0.0018497008678661844
-0.0362,0.06981317007977318,0.0,0.0,-0.531134374582218,0.0,-0.000852136817606354
-0.037200000000000004,0.06981317007977318,0.0,0.0,-0.5312041310559622,0.0,0.00014542723265346946
-0.038200000000000005,0.06981317007977318,0.0,0.0,-0.5312738875297063,0.0,0.001142991282913293
-0.039200000000000006,0.06981317007977318,0.0,0.0,-0.5313436440034505,0.0,0.0021405553331731164
-0.0402,0.06981317007977318,0.0,0.0,-0.5314134004771945,0.0,0.00313811938343294
-0.0412,0.06981317007977318,0.0,0.0,-0.5314831569509387,0.0,0.004135683433692763
-0.0422,0.06981317007977318,0.0,0.0,-0.5315529134246828,0.0,0.005133247483952587
-0.0432,0.06981317007977318,0.0,0.0,-0.5316226698984269,0.0,0.00613081153421241
-0.0442,0.06981317007977318,0.0,0.0,-0.5316924263721711,0.0,0.007128375584472234
-0.045200000000000004,0.06981317007977318,0.0,0.0,-0.5317621828459151,0.0,0.008125939634732064
-0.046200000000000005,0.06981317007977318,0.0,0.0,-0.5318319393196593,0.0,0.009123503684991888
-0.047200000000000006,0.06981317007977318,0.0,0.0,-0.5319016957934034,0.0,0.010121067735251711
-0.0482,0.06981317007977318,0.0,0.0,-0.5319714522671476,0.0,0.011118631785511528
-0.0492,0.06981317007977318,0.0,0.0,-0.5320412087408917,0.0,0.012116195835771358
-0.0502,0.06981317007977318,0.0,0.0,-0.5321109652146359,0.0,0.013113759886031182
-0.0512,0.06981317007977318,0.0,0.0,-0.5321807216883799,0.0,0.014111323936291005
-0.0522,0.06981317007977318,0.0,0.0,-0.532250478162124,0.0,0.015108887986550829
-0.053200000000000004,0.06981317007977318,0.0,0.0,-0.5323202346358682,0.0,0.01610645203681066
-0.054200000000000005,0.06981317007977318,0.0,0.0,-0.5323899911096123,0.0,0.017104016087070482
-0.055200000000000006,0.06981317007977318,0.0,0.0,-0.5324597475833565,0.0,0.018101580137330306
-0.060200000000000004,0.06981317007977318,0.0,0.0,-0.5328085299520771,0.0,0.023089400388629423
-0.06520000000000001,0.06981317007977318,0.0,0.0,-0.5331573123207977,0.0,0.028077220639928548
-0.0702,0.06981317007977318,0.0,0.0,-0.5335060946895183,0.0,0.03306504089122766
-0.0752,0.06981317007977318,0.0,0.0,-0.533854877058239,0.0,0.03805286114252678
-0.08020000000000001,0.06981317007977318,0.0,0.0,-0.5342036594269596,0.0,0.04304068139382591
-0.0852,0.06981317007977318,0.0,0.0,-0.5345524417956802,0.0,0.04802850164512502
-0.0902,0.06981317007977318,0.0,0.0,-0.5349012241644008,0.0,0.053016321896424155
-0.0952,0.06981317007977318,0.0,0.0,-0.5352500065331215,0.0,0.05800414214772328
-0.1002,0.06981317007977318,0.0,0.0,-0.5355987889018421,0.0,0.06299196239902238
-0.1052,0.06981317007977318,0.0,0.0,-0.5359475712705627,0.0,0.06797978265032151
-0.1102,0.06981317007977318,0.0,0.0,-0.5362963536392833,0.0,0.07296760290162063
-0.1152,0.06981317007977318,0.0,0.0,-0.5366451360080039,0.0,0.07795542315291976
-0.1202,0.06981317007977318,0.0,0.0,-0.5369939183767246,0.0,0.08294324340421888
-0.1252,0.06981317007977318,0.0,0.0,-0.5373427007454452,0.0,0.087931063655518
-0.13019999999999998,0.06981317007977318,0.0,0.0,-0.5376914831141658,0.0,0.0929188839068171
-0.1352,0.06981317007977318,0.0,0.0,-0.5380402654828864,0.0,0.09790670415811623
-0.1402,0.06981317007977318,0.0,0.0,-0.5383890478516071,0.0,0.10289452440941535
-0.1452,0.06981317007977318,0.0,0.0,-0.5387378302203277,0.0,0.10788234466071447
-0.1502,0.06981317007977318,0.0,0.0,-0.5390866125890483,0.0,0.1128701649120136
-0.15519999999999998,0.06981317007977318,0.0,0.0,-0.5394353949577689,0.0,0.1178579851633127
0.0248,0.08726646259971647,0.0,0.0,-0.5257221080986739,0.0,-0.07088945659465934
0.0238,0.08726646259971647,0.0,0.0,-0.5258092638414216,0.0,-0.0698932618965676
0.0228,0.08726646259971647,0.0,0.0,-0.5258964195841692,0.0,-0.06889706719847585
0.0218,0.08726646259971647,0.0,0.0,-0.5259835753269169,0.0,-0.0679008725003841
0.0208,0.08726646259971647,0.0,0.0,-0.5260707310696645,0.0,-0.06690467780229235
0.0198,0.08726646259971647,0.0,0.0,-0.5261578868124123,0.0,-0.06590848310420061
0.0188,0.08726646259971647,0.0,0.0,-0.5262450425551599,0.0,-0.06491228840610887
0.0178,0.08726646259971647,0.0,0.0,-0.5263321982979076,0.0,-0.06391609370801712
0.016800000000000002,0.08726646259971647,0.0,0.0,-0.5264193540406552,0.0,-0.06291989900992537
0.0158,0.08726646259971647,0.0,0.0,-0.5265065097834029,0.0,-0.06192370431183363
0.0148,0.08726646259971647,0.0,0.0,-0.5265936655261505,0.0,-0.06092750961374189
0.013800000000000002,0.08726646259971647,0.0,0.0,-0.5266808212688981,0.0,-0.05993131491565014
0.0128,0.08726646259971647,0.0,0.0,-0.5267679770116458,0.0,-0.058935120217558395
0.011800000000000001,0.08726646259971647,0.0,0.0,-0.5268551327543934,0.0,-0.05793892551946665
0.0108,0.08726646259971647,0.0,0.0,-0.5269422884971411,0.0,-0.0569427308213749
0.009800000000000001,0.08726646259971647,0.0,0.0,-0.5270294442398888,0.0,-0.05594653612328316
0.0088,0.08726646259971647,0.0,0.0,-0.5271165999826365,0.0,-0.05495034142519141
0.0078000000000000005,0.08726646259971647,0.0,0.0,-0.5272037557253841,0.0,-0.05395414672709967
0.0068000000000000005,0.08726646259971647,0.0,0.0,-0.5272909114681318,0.0,-0.052957952029007924
0.0058000000000000005,0.08726646259971647,0.0,0.0,-0.5273780672108794,0.0,-0.051961757330916174
0.0048000000000000004,0.08726646259971647,0.0,0.0,-0.5274652229536271,0.0,-0.05096556263282443
0.003800000000000001,0.08726646259971647,0.0,0.0,-0.5275523786963747,0.0,-0.04996936793473269
0.002800000000000001,0.08726646259971647,0.0,0.0,-0.5276395344391224,0.0,-0.04897317323664094
0.0018000000000000008,0.08726646259971647,0.0,0.0,-0.52772669018187,0.0,-0.047976978538549195
0.0008000000000000007,0.08726646259971647,0.0,0.0,-0.5278138459246178,0.0,-0.046980783840457445
-0.00019999999999999928,0.08726646259971647,0.0,0.0,-0.5279010016673654,0.0,-0.0459845891423657
-0.0011999999999999992,0.08726646259971647,0.0,0.0,-0.5279881574101131,0.0,-0.04498839444427396
-0.0021999999999999993,0.08726646259971647,0.0,0.0,-0.5280753131528607,0.0,-0.04399219974618221
-0.0031999999999999993,0.08726646259971647,0.0,0.0,-0.5281624688956084,0.0,-0.042996005048090466
-0.004199999999999999,0.08726646259971647,0.0,0.0,-0.528249624638356,0.0,-0.04199981034999872
-0.005199999999999999,0.08726646259971647,0.0,0.0,-0.5283367803811037,0.0,-0.04100361565190697
-0.006199999999999999,0.08726646259971647,0.0,0.0,-0.5284239361238513,0.0,-0.04000742095381523
-0.007199999999999999,0.08726646259971647,0.0,0.0,-0.528511091866599,0.0,-0.03901122625572348
-0.008199999999999999,0.08726646259971647,0.0,0.0,-0.5285982476093466,0.0,-0.03801503155763174
-0.0092,0.08726646259971647,0.0,0.0,-0.5286854033520944,0.0,-0.037018836859539994
-0.010199999999999999,0.08726646259971647,0.0,0.0,-0.528772559094842,0.0,-0.03602264216144825
-0.0112,0.08726646259971647,0.0,0.0,-0.5288597148375896,0.0,-0.0350264474633565
-0.012199999999999999,0.08726646259971647,0.0,0.0,-0.5289468705803373,0.0,-0.03403025276526476
-0.0132,0.08726646259971647,0.0,0.0,-0.5290340263230849,0.0,-0.03303405806717301
-0.014199999999999999,0.08726646259971647,0.0,0.0,-0.5291211820658326,0.0,-0.032037863369081265
-0.0152,0.08726646259971647,0.0,0.0,-0.5292083378085802,0.0,-0.03104166867098952
-0.0162,0.08726646259971647,0.0,0.0,-0.5292954935513279,0.0,-0.030045473972897776
-0.0172,0.08726646259971647,0.0,0.0,-0.5293826492940755,0.0,-0.02904927927480603
-0.0182,0.08726646259971647,0.0,0.0,-0.5294698050368232,0.0,-0.028053084576714283
-0.0192,0.08726646259971647,0.0,0.0,-0.5295569607795709,0.0,-0.02705688987862254
-0.0202,0.08726646259971647,0.0,0.0,-0.5296441165223186,0.0,-0.026060695180530793
-0.0212,0.08726646259971647,0.0,0.0,-0.5297312722650662,0.0,-0.025064500482439047
-0.0222,0.08726646259971647,0.0,0.0,-0.5298184280078139,0.0,-0.0240683057843473
-0.0232,0.08726646259971647,0.0,0.0,-0.5299055837505615,0.0,-0.023072111086255558
-0.0242,0.08726646259971647,0.0,0.0,-0.5299927394933092,0.0,-0.02207591638816381
-0.0252,0.08726646259971647,0.0,0.0,-0.5300798952360568,0.0,-0.021079721690072065
-0.026199999999999998,0.08726646259971647,0.0,0.0,-0.5301670509788045,0.0,-0.020083526991980318
-0.0272,0.08726646259971647,0.0,0.0,-0.5302542067215521,0.0,-0.019087332293888575
-0.0282,0.08726646259971647,0.0,0.0,-0.5303413624642999,0.0,-0.01809113759579683
-0.0292,0.08726646259971647,0.0,0.0,-0.5304285182070475,0.0,-0.017094942897705082
-0.030199999999999998,0.08726646259971647,0.0,0.0,-0.5305156739497952,0.0,-0.01609874819961334
-0.0312,0.08726646259971647,0.0,0.0,-0.5306028296925428,0.0,-0.015102553501521593
-0.0322,0.08726646259971647,0.0,0.0,-0.5306899854352904,0.0,-0.01410635880342985
-0.0332,0.08726646259971647,0.0,0.0,-0.5307771411780381,0.0,-0.0131101641053381
-0.0342,0.08726646259971647,0.0,0.0,-0.5308642969207857,0.0,-0.012113969407246357
-0.0352,0.08726646259971647,0.0,0.0,-0.5309514526635334,0.0,-0.011117774709154607
-0.0362,0.08726646259971647,0.0,0.0,-0.531038608406281,0.0,-0.010121580011062864
-0.037200000000000004,0.08726646259971647,0.0,0.0,-0.5311257641490287,0.0,-0.009125385312971114
-0.038200000000000005,0.08726646259971647,0.0,0.0,-0.5312129198917764,0.0,-0.008129190614879371
-0.039200000000000006,0.08726646259971647,0.0,0.0,-0.5313000756345241,0.0,-0.007132995916787621
-0.0402,0.08726646259971647,0.0,0.0,-0.5313872313772717,0.0,-0.006136801218695885
-0.0412,0.08726646259971647,0.0,0.0,-0.5314743871200194,0.0,-0.005140606520604135
-0.0422,0.08726646259971647,0.0,0.0,-0.531561542862767,0.0,-0.004144411822512392
-0.0432,0.08726646259971647,0.0,0.0,-0.5316486986055147,0.0,-0.0031482171244206422
-0.0442,0.08726646259971647,0.0,0.0,-0.5317358543482623,0.0,-0.0021520224263288992
-0.045200000000000004,0.08726646259971647,0.0,0.0,-0.53182301009101,0.0,-0.0011558277282371493
-0.046200000000000005,0.08726646259971647,0.0,0.0,-0.5319101658337576,0.0,-0.0001596330301454063
-0.047200000000000006,0.08726646259971647,0.0,0.0,-0.5319973215765054,0.0,0.0008365616679463436
-0.0482,0.08726646259971647,0.0,0.0,-0.532084477319253,0.0,0.0018327563660380797
-0.0492,0.08726646259971647,0.0,0.0,-0.5321716330620007,0.0,0.0028289510641298296
-0.0502,0.08726646259971647,0.0,0.0,-0.5322587888047483,0.0,0.0038251457622215726
-0.0512,0.08726646259971647,0.0,0.0,-0.532345944547496,0.0,0.0048213404603133225
-0.0522,0.08726646259971647,0.0,0.0,-0.5324331002902436,0.0,0.0058175351584050655
-0.053200000000000004,0.08726646259971647,0.0,0.0,-0.5325202560329912,0.0,0.0068137298564968155
-0.054200000000000005,0.08726646259971647,0.0,0.0,-0.5326074117757389,0.0,0.0078099245545885584
-0.055200000000000006,0.08726646259971647,0.0,0.0,-0.5326945675184865,0.0,0.008806119252680308
-0.060200000000000004,0.08726646259971647,0.0,0.0,-0.5331303462322249,0.0,0.01378709274313903
-0.06520000000000001,0.08726646259971647,0.0,0.0,-0.5335661249459631,0.0,0.018768066233597766
-0.0702,0.08726646259971647,0.0,0.0,-0.5340019036597015,0.0,0.02374903972405648
-0.0752,0.08726646259971647,0.0,0.0,-0.5344376823734397,0.0,0.02873001321451521
-0.08020000000000001,0.08726646259971647,0.0,0.0,-0.534873461087178,0.0,0.03371098670497394
-0.0852,0.08726646259971647,0.0,0.0,-0.5353092398009163,0.0,0.03869196019543267
-0.0902,0.08726646259971647,0.0,0.0,-0.5357450185146546,0.0,0.043672933685891396
-0.0952,0.08726646259971647,0.0,0.0,-0.536180797228393,0.0,0.048653907176350125
-0.1002,0.08726646259971647,0.0,0.0,-0.5366165759421312,0.0,0.05363488066680884
-0.1052,0.08726646259971647,0.0,0.0,-0.5370523546558695,0.0,0.05861585415726758
-0.1102,0.08726646259971647,0.0,0.0,-0.5374881333696078,0.0,0.06359682764772631
-0.1152,0.08726646259971647,0.0,0.0,-0.5379239120833461,0.0,0.06857780113818503
-0.1202,0.08726646259971647,0.0,0.0,-0.5383596907970843,0.0,0.07355877462864376
-0.1252,0.08726646259971647,0.0,0.0,-0.5387954695108227,0.0,0.0785397481191025
-0.13019999999999998,0.08726646259971647,0.0,0.0,-0.5392312482245609,0.0,0.08352072160956119
-0.1352,0.08726646259971647,0.0,0.0,-0.5396670269382993,0.0,0.08850169510001994
-0.1402,0.08726646259971647,0.0,0.0,-0.5401028056520375,0.0,0.09348266859047867
-0.1452,0.08726646259971647,0.0,0.0,-0.5405385843657758,0.0,0.0984636420809374
-0.1502,0.08726646259971647,0.0,0.0,-0.5409743630795141,0.0,0.10344461557139613
-0.15519999999999998,0.08726646259971647,0.0,0.0,-0.5414101417932524,0.0,0.10842558906185483
0.0248,0.10471975511965978,0.0,0.0,-0.5244048464666101,0.0,-0.08005377569066274
0.0238,0.10471975511965978,0.0,0.0,-0.5245093749298778,0.0,-0.07905925379529447
0.0228,0.10471975511965978,0.0,0.0,-0.5246139033931454,0.0,-0.07806473189992619
0.0218,0.10471975511965978,0.0,0.0,-0.5247184318564131,0.0,-0.07707021000455792
0.0208,0.10471975511965978,0.0,0.0,-0.5248229603196808,0.0,-0.07607568810918965
0.0198,0.10471975511965978,0.0,0.0,-0.5249274887829484,0.0,-0.07508116621382138
0.0188,0.10471975511965978,0.0,0.0,-0.5250320172462161,0.0,-0.0740866443184531
0.0178,0.10471975511965978,0.0,0.0,-0.5251365457094836,0.0,-0.07309212242308483
0.016800000000000002,0.10471975511965978,0.0,0.0,-0.5252410741727513,0.0,-0.07209760052771655
0.0158,0.10471975511965978,0.0,0.0,-0.525345602636019,0.0,-0.07110307863234828
0.0148,0.10471975511965978,0.0,0.0,-0.5254501310992866,0.0,-0.07010855673698001
0.013800000000000002,0.10471975511965978,0.0,0.0,-0.5255546595625543,0.0,-0.06911403484161173
0.0128,0.10471975511965978,0.0,0.0,-0.525659188025822,0.0,-0.06811951294624347
0.011800000000000001,0.10471975511965978,0.0,0.0,-0.5257637164890896,0.0,-0.06712499105087519
0.0108,0.10471975511965978,0.0,0.0,-0.5258682449523573,0.0,-0.06613046915550691
0.009800000000000001,0.10471975511965978,0.0,0.0,-0.5259727734156249,0.0,-0.06513594726013865
0.0088,0.10471975511965978,0.0,0.0,-0.5260773018788926,0.0,-0.06414142536477037
0.0078000000000000005,0.10471975511965978,0.0,0.0,-0.5261818303421603,0.0,-0.06314690346940209
0.0068000000000000005,0.10471975511965978,0.0,0.0,-0.5262863588054278,0.0,-0.06215238157403382
0.0058000000000000005,0.10471975511965978,0.0,0.0,-0.5263908872686955,0.0,-0.06115785967866555
0.0048000000000000004,0.10471975511965978,0.0,0.0,-0.5264954157319632,0.0,-0.06016333778329727
0.003800000000000001,0.10471975511965978,0.0,0.0,-0.5265999441952308,0.0,-0.059168815887929
0.002800000000000001,0.10471975511965978,0.0,0.0,-0.5267044726584985,0.0,-0.05817429399256073
0.0018000000000000008,0.10471975511965978,0.0,0.0,-0.5268090011217661,0.0,-0.05717977209719245
0.0008000000000000007,0.10471975511965978,0.0,0.0,-0.5269135295850338,0.0,-0.05618525020182418
-0.00019999999999999928,0.10471975511965978,0.0,0.0,-0.5270180580483015,0.0,-0.05519072830645591
-0.0011999999999999992,0.10471975511965978,0.0,0.0,-0.5271225865115691,0.0,-0.05419620641108763
-0.0021999999999999993,0.10471975511965978,0.0,0.0,-0.5272271149748368,0.0,-0.05320168451571936
-0.0031999999999999993,0.10471975511965978,0.0,0.0,-0.5273316434381045,0.0,-0.052207162620351084
-0.004199999999999999,0.10471975511965978,0.0,0.0,-0.527436171901372,0.0,-0.051212640724982814
-0.005199999999999999,0.10471975511965978,0.0,0.0,-0.5275407003646397,0.0,-0.05021811882961454
-0.006199999999999999,0.10471975511965978,0.0,0.0,-0.5276452288279074,0.0,-0.049223596934246265
-0.007199999999999999,0.10471975511965978,0.0,0.0,-0.527749757291175,0.0,-0.048229075038877994
-0.008199999999999999,0.10471975511965978,0.0,0.0,-0.5278542857544427,0.0,-0.047234553143509724
-0.0092,0.10471975511965978,0.0,0.0,-0.5279588142177103,0.0,-0.046240031248141446
-0.010199999999999999,0.10471975511965978,0.0,0.0,-0.528063342680978,0.0,-0.045245509352773175
-0.0112,0.10471975511965978,0.0,0.0,-0.5281678711442457,0.0,-0.0442509874574049
-0.012199999999999999,0.10471975511965978,0.0,0.0,-0.5282723996075133,0.0,-0.043256465562036626
-0.0132,0.10471975511965978,0.0,0.0,-0.528376928070781,0.0,-0.042261943666668356
-0.014199999999999999,0.10471975511965978,0.0,0.0,-0.5284814565340487,0.0,-0.04126742177130008
-0.0152,0.10471975511965978,0.0,0.0,-0.5285859849973162,0.0,-0.04027289987593181
-0.0162,0.10471975511965978,0.0,0.0,-0.5286905134605839,0.0,-0.039278377980563536
-0.0172,0.10471975511965978,0.0,0.0,-0.5287950419238515,0.0,-0.03828385608519526
-0.0182,0.10471975511965978,0.0,0.0,-0.5288995703871192,0.0,-0.03728933418982699
-0.0192,0.10471975511965978,0.0,0.0,-0.5290040988503869,0.0,-0.03629481229445872
-0.0202,0.10471975511965978,0.0,0.0,-0.5291086273136545,0.0,-0.03530029039909044
-0.0212,0.10471975511965978,0.0,0.0,-0.5292131557769222,0.0,-0.03430576850372217
-0.0222,0.10471975511965978,0.0,0.0,-0.5293176842401899,0.0,-0.0333112466083539
-0.0232,0.10471975511965978,0.0,0.0,-0.5294222127034575,0.0,-0.03231672471298562
-0.0242,0.10471975511965978,0.0,0.0,-0.5295267411667252,0.0,-0.03132220281761735
-0.0252,0.10471975511965978,0.0,0.0,-0.5296312696299927,0.0,-0.030327680922249075
-0.026199999999999998,0.10471975511965978,0.0,0.0,-0.5297357980932604,0.0,-0.0293331590268808
-0.0272,0.10471975511965978,0.0,0.0,-0.5298403265565281,0.0,-0.02833863713151253
-0.0282,0.10471975511965978,0.0,0.0,-0.5299448550197957,0.0,-0.027344115236144256
-0.0292,0.10471975511965978,0.0,0.0,-0.5300493834830634,0.0,-0.02634959334077598
-0.030199999999999998,0.10471975511965978,0.0,0.0,-0.5301539119463311,0.0,-0.02535507144540771
-0.0312,0.10471975511965978,0.0,0.0,-0.5302584404095987,0.0,-0.024360549550039436
-0.0322,0.10471975511965978,0.0,0.0,-0.5303629688728664,0.0,-0.023366027654671162
-0.0332,0.10471975511965978,0.0,0.0,-0.5304674973361341,0.0,-0.02237150575930289
-0.0342,0.10471975511965978,0.0,0.0,-0.5305720257994017,0.0,-0.02137698386393462
-0.0352,0.10471975511965978,0.0,0.0,-0.5306765542626694,0.0,-0.020382461968566343
-0.0362,0.10471975511965978,0.0,0.0,-0.5307810827259369,0.0,-0.019387940073198072
-0.037200000000000004,0.10471975511965978,0.0,0.0,-0.5308856111892046,0.0,-0.018393418177829794
-0.038200000000000005,0.10471975511965978,0.0,0.0,-0.5309901396524723,0.0,-0.017398896282461523
-0.039200000000000006,0.10471975511965978,0.0,0.0,-0.5310946681157399,0.0,-0.016404374387093246
-0.0402,0.10471975511965978,0.0,0.0,-0.5311991965790076,0.0,-0.015409852491724982
-0.0412,0.10471975511965978,0.0,0.0,-0.5313037250422753,0.0,-0.014415330596356704
-0.0422,0.10471975511965978,0.0,0.0,-0.5314082535055429,0.0,-0.013420808700988433
-0.0432,0.10471975511965978,0.0,0.0,-0.5315127819688106,0.0,-0.012426286805620156
-0.0442,0.10471975511965978,0.0,0.0,-0.5316173104320782,0.0,-0.011431764910251885
-0.045200000000000004,0.10471975511965978,0.0,0.0,-0.5317218388953459,0.0,-0.010437243014883607
-0.046200000000000005,0.10471975511965978,0.0,0.0,-0.5318263673586135,0.0,-0.009442721119515336
-0.047200000000000006,0.10471975511965978,0.0,0.0,-0.5319308958218811,0.0,-0.008448199224147059
-0.0482,0.10471975511965978,0.0,0.0,-0.5320354242851488,0.0,-0.007453677328778795
-0.0492,0.10471975511965978,0.0,0.0,-0.5321399527484165,0.0,-0.006459155433410517
-0.0502,0.10471975511965978,0.0,0.0,-0.5322444812116841,0.0,-0.005464633538042246
-0.0512,0.10471975511965978,0.0,0.0,-0.5323490096749518,0.0,-0.004470111642673968
-0.0522,0.10471975511965978,0.0,0.0,-0.5324535381382194,0.0,-0.0034755897473056976
-0.053200000000000004,0.10471975511965978,0.0,0.0,-0.5325580666014871,0.0,-0.00248106785193742
-0.054200000000000005,0.10471975511965978,0.0,0.0,-0.5326625950647548,0.0,-0.0014865459565691491
-0.055200000000000006,0.10471975511965978,0.0,0.0,-0.5327671235280224,0.0,-0.0004920240612008714
-0.060200000000000004,0.10471975511965978,0.0,0.0,-0.5332897658443607,0.0,0.0044805854156404895
-0.06520000000000001,0.10471975511965978,0.0,0.0,-0.533812408160699,0.0,0.009453194892481857
-0.0702,0.10471975511965978,0.0,0.0,-0.5343350504770372,0.0,0.014425804369323218
-0.0752,0.10471975511965978,0.0,0.0,-0.5348576927933755,0.0,0.019398413846164593
-0.08020000000000001,0.10471975511965978,0.0,0.0,-0.5353803351097137,0.0,0.024371023323005954
-0.0852,0.10471975511965978,0.0,0.0,-0.535902977426052,0.0,0.029343632799847315
-0.0902,0.10471975511965978,0.0,0.0,-0.5364256197423902,0.0,0.03431624227668869
-0.0952,0.10471975511965978,0.0,0.0,-0.5369482620587286,0.0,0.039288851753530064
-0.1002,0.10471975511965978,0.0,0.0,-0.5374709043750668,0.0,0.04426146123037141
-0.1052,0.10471975511965978,0.0,0.0,-0.5379935466914051,0.0,0.049234070707212786
-0.1102,0.10471975511965978,0.0,0.0,-0.5385161890077433,0.0,0.05420668018405416
-0.1152,0.10471975511965978,0.0,0.0,-0.5390388313240816,0.0,0.05917928966089552
-0.1202,0.10471975511965978,0.0,0.0,-0.5395614736404198,0.0,0.06415189913773689
-0.1252,0.10471975511965978,0.0,0.0,-0.5400841159567581,0.0,0.06912450861457825
-0.13019999999999998,0.10471975511965978,0.0,0.0,-0.5406067582730965,0.0,0.07409711809141958
-0.1352,0.10471975511965978,0.0,0.0,-0.5411294005894347,0.0,0.07906972756826097
-0.1402,0.10471975511965978,0.0,0.0,-0.541652042905773,0.0,0.08404233704510233
-0.1452,0.10471975511965978,0.0,0.0,-0.5421746852221112,0.0,0.0890149465219437
-0.1502,0.10471975511965978,0.0,0.0,-0.5426973275384495,0.0,0.09398755599878508
-0.15519999999999998,0.10471975511965978,0.0,0.0,-0.5432199698547877,0.0,0.09896016547562642
0.0248,0.12217304763960307,0.0,0.0,-0.5229278460382888,0.0,-0.08919370963109244
0.0238,0.12217304763960307,0.0,0.0,-0.523049715381694,0.0,-0.08820116347945112
0.0228,0.12217304763960307,0.0,0.0,-0.5231715847250992,0.0,-0.0872086173278098
0.0218,0.12217304763960307,0.0,0.0,-0.5232934540685042,0.0,-0.08621607117616847
0.0208,0.12217304763960307,0.0,0.0,-0.5234153234119094,0.0,-0.08522352502452715
0.0198,0.12217304763960307,0.0,0.0,-0.5235371927553146,0.0,-0.08423097887288583
0.0188,0.12217304763960307,0.0,0.0,-0.5236590620987197,0.0,-0.08323843272124451
0.0178,0.12217304763960307,0.0,0.0,-0.5237809314421249,0.0,-0.08224588656960317
0.016800000000000002,0.12217304763960307,0.0,0.0,-0.52390280078553,0.0,-0.08125334041796187
0.0158,0.12217304763960307,0.0,0.0,-0.5240246701289352,0.0,-0.08026079426632055
0.0148,0.12217304763960307,0.0,0.0,-0.5241465394723404,0.0,-0.07926824811467921
0.013800000000000002,0.12217304763960307,0.0,0.0,-0.5242684088157454,0.0,-0.07827570196303789
0.0128,0.12217304763960307,0.0,0.0,-0.5243902781591506,0.0,-0.07728315581139657
0.011800000000000001,0.12217304763960307,0.0,0.0,-0.5245121475025557,0.0,-0.07629060965975525
0.0108,0.12217304763960307,0.0,0.0,-0.5246340168459609,0.0,-0.07529806350811392
0.009800000000000001,0.12217304763960307,0.0,0.0,-0.5247558861893661,0.0,-0.0743055173564726
0.0088,0.12217304763960307,0.0,0.0,-0.5248777555327712,0.0,-0.07331297120483128
0.0078000000000000005,0.12217304763960307,0.0,0.0,-0.5249996248761764,0.0,-0.07232042505318996
0.0068000000000000005,0.12217304763960307,0.0,0.0,-0.5251214942195815,0.0,-0.07132787890154864
0.0058000000000000005,0.12217304763960307,0.0,0.0,-0.5252433635629866,0.0,-0.07033533274990732
0.0048000000000000004,0.12217304763960307,0.0,0.0,-0.5253652329063918,0.0,-0.069342786598266
0.003800000000000001,0.12217304763960307,0.0,0.0,-0.5254871022497969,0.0,-0.06835024044662467
0.002800000000000001,0.12217304763960307,0.0,0.0,-0.5256089715932021,0.0,-0.06735769429498335
0.0018000000000000008,0.12217304763960307,0.0,0.0,-0.5257308409366073,0.0,-0.06636514814334203
0.0008000000000000007,0.12217304763960307,0.0,0.0,-0.5258527102800123,0.0,-0.06537260199170071
-0.00019999999999999928,0.12217304763960307,0.0,0.0,-0.5259745796234175,0.0,-0.06438005584005939
-0.0011999999999999992,0.12217304763960307,0.0,0.0,-0.5260964489668227,0.0,-0.06338750968841807
-0.0021999999999999993,0.12217304763960307,0.0,0.0,-0.5262183183102278,0.0,-0.06239496353677674
-0.0031999999999999993,0.12217304763960307,0.0,0.0,-0.526340187653633,0.0,-0.06140241738513542
-0.004199999999999999,0.12217304763960307,0.0,0.0,-0.5264620569970381,0.0,-0.060409871233494096
-0.005199999999999999,0.12217304763960307,0.0,0.0,-0.5265839263404433,0.0,-0.059417325081852775
-0.006199999999999999,0.12217304763960307,0.0,0.0,-0.5267057956838485,0.0,-0.05842477893021145
-0.007199999999999999,0.12217304763960307,0.0,0.0,-0.5268276650272535,0.0,-0.05743223277857013
-0.008199999999999999,0.12217304763960307,0.0,0.0,-0.5269495343706587,0.0,-0.05643968662692881
-0.0092,0.12217304763960307,0.0,0.0,-0.5270714037140638,0.0,-0.05544714047528748
-0.010199999999999999,0.12217304763960307,0.0,0.0,-0.527193273057469,0.0,-0.05445459432364616
-0.0112,0.12217304763960307,0.0,0.0,-0.5273151424008742,0.0,-0.05346204817200484
-0.012199999999999999,0.12217304763960307,0.0,0.0,-0.5274370117442793,0.0,-0.05246950202036352
-0.0132,0.12217304763960307,0.0,0.0,-0.5275588810876845,0.0,-0.051476955868722196
-0.014199999999999999,0.12217304763960307,0.0,0.0,-0.5276807504310896,0.0,-0.050484409717080875
-0.0152,0.12217304763960307,0.0,0.0,-0.5278026197744947,0.0,-0.04949186356543955
-0.0162,0.12217304763960307,0.0,0.0,-0.5279244891178999,0.0,-0.04849931741379823
-0.0172,0.12217304763960307,0.0,0.0,-0.528046358461305,0.0,-0.04750677126215691
-0.0182,0.12217304763960307,0.0,0.0,-0.5281682278047102,0.0,-0.04651422511051559
-0.0192,0.12217304763960307,0.0,0.0,-0.5282900971481154,0.0,-0.04552167895887427
-0.0202,0.12217304763960307,0.0,0.0,-0.5284119664915204,0.0,-0.044529132807232946
-0.0212,0.12217304763960307,0.0,0.0,-0.5285338358349256,0.0,-0.043536586655591625
-0.0222,0.12217304763960307,0.0,0.0,-0.5286557051783308,0.0,-0.0425440405039503
-0.0232,0.12217304763960307,0.0,0.0,-0.5287775745217359,0.0,-0.04155149435230898
-0.0242,0.12217304763960307,0.0,0.0,-0.5288994438651411,0.0,-0.04055894820066766
-0.0252,0.12217304763960307,0.0,0.0,-0.5290213132085462,0.0,-0.03956640204902634
-0.026199999999999998,0.12217304763960307,0.0,0.0,-0.5291431825519514,0.0,-0.03857385589738502
-0.0272,0.12217304763960307,0.0,0.0,-0.5292650518953566,0.0,-0.037581309745743696
-0.0282,0.12217304763960307,0.0,0.0,-0.5293869212387616,0.0,-0.03658876359410237
-0.0292,0.12217304763960307,0.0,0.0,-0.5295087905821668,0.0,-0.035596217442461046
-0.030199999999999998,0.12217304763960307,0.0,0.0,-0.5296306599255719,0.0,-0.034603671290819725
-0.0312,0.12217304763960307,0.0,0.0,-0.5297525292689771,0.0,-0.033611125139178404
-0.0322,0.12217304763960307,0.0,0.0,-0.5298743986123823,0.0,-0.03261857898753708
-0.0332,0.12217304763960307,0.0,0.0,-0.5299962679557874,0.0,-0.03162603283589576
-0.0342,0.12217304763960307,0.0,0.0,-0.5301181372991925,0.0,-0.03063348668425444
-0.0352,0.12217304763960307,0.0,0.0,-0.5302400066425977,0.0,-0.029640940532613118
-0.0362,0.12217304763960307,0.0,0.0,-0.5303618759860028,0.0,-0.02864839438097179
-0.037200000000000004,0.12217304763960307,0.0,0.0,-0.530483745329408,0.0,-0.027655848229330468
-0.038200000000000005,0.12217304763960307,0.0,0.0,-0.5306056146728131,0.0,-0.026663302077689147
-0.039200000000000006,0.12217304763960307,0.0,0.0,-0.5307274840162183,0.0,-0.025670755926047825
-0.0402,0.12217304763960307,0.0,0.0,-0.5308493533596235,0.0,-0.02467820977440651
-0.0412,0.12217304763960307,0.0,0.0,-0.5309712227030285,0.0,-0.023685663622765182
-0.0422,0.12217304763960307,0.0,0.0,-0.5310930920464337,0.0,-0.02269311747112386
-0.0432,0.12217304763960307,0.0,0.0,-0.5312149613898389,0.0,-0.02170057131948254
-0.0442,0.12217304763960307,0.0,0.0,-0.531336830733244,0.0,-0.020708025167841218
-0.045200000000000004,0.12217304763960307,0.0,0.0,-0.5314587000766492,0.0,-0.019715479016199897
-0.046200000000000005,0.12217304763960307,0.0,0.0,-0.5315805694200543,0.0,-0.018722932864558568
-0.047200000000000006,0.12217304763960307,0.0,0.0,-0.5317024387634595,0.0,-0.017730386712917247
-0.0482,0.12217304763960307,0.0,0.0,-0.5318243081068647,0.0,-0.016737840561275932
-0.0492,0.12217304763960307,0.0,0.0,-0.5319461774502697,0.0,-0.01574529440963461
-0.0502,0.12217304763960307,0.0,0.0,-0.5320680467936749,0.0,-0.01475274825799329
-0.0512,0.12217304763960307,0.0,0.0,-0.53218991613708,0.0,-0.013760202106351961
-0.0522,0.12217304763960307,0.0,0.0,-0.5323117854804852,0.0,-0.01276765595471064
-0.053200000000000004,0.12217304763960307,0.0,0.0,-0.5324336548238904,0.0,-0.011775109803069318
-0.054200000000000005,0.12217304763960307,0.0,0.0,-0.5325555241672955,0.0,-0.010782563651427997
-0.055200000000000006,0.12217304763960307,0.0,0.0,-0.5326773935107006,0.0,-0.009790017499786675
-0.060200000000000004,0.12217304763960307,0.0,0.0,-0.5332867402277264,0.0,-0.004827286741580061
-0.06520000000000001,0.12217304763960307,0.0,0.0,-0.5338960869447521,0.0,0.00013544401662654582
-0.0702,0.12217304763960307,0.0,0.0,-0.5345054336617778,0.0,0.005098174774833139
-0.0752,0.12217304763960307,0.0,0.0,-0.5351147803788036,0.0,0.01006090553303976
-0.08020000000000001,0.12217304763960307,0.0,0.0,-0.5357241270958293,0.0,0.015023636291246367
-0.0852,0.12217304763960307,0.0,0.0,-0.536333473812855,0.0,0.019986367049452974
-0.0902,0.12217304763960307,0.0,0.0,-0.5369428205298808,0.0,0.02494909780765958
-0.0952,0.12217304763960307,0.0,0.0,-0.5375521672469066,0.0,0.029911828565866203
-0.1002,0.12217304763960307,0.0,0.0,-0.5381615139639323,0.0,0.034874559324072796
-0.1052,0.12217304763960307,0.0,0.0,-0.538770860680958,0.0,0.03983729008227942
-0.1102,0.12217304763960307,0.0,0.0,-0.5393802073979838,0.0,0.044800020840486024
-0.1152,0.12217304763960307,0.0,0.0,-0.5399895541150095,0.0,0.04976275159869263
-0.1202,0.12217304763960307,0.0,0.0,-0.5405989008320352,0.0,0.05472548235689925
-0.1252,0.12217304763960307,0.0,0.0,-0.5412082475490609,0.0,0.059688213115105845
-0.13019999999999998,0.12217304763960307,0.0,0.0,-0.5418175942660867,0.0,0.06465094387331247
-0.1352,0.12217304763960307,0.0,0.0,-0.5424269409831124,0.0,0.06961367463151907
-0.1402,0.12217304763960307,0.0,0.0,-0.5430362877001382,0.0,0.07457640538972568
-0.1452,0.12217304763960307,0.0,0.0,-0.543645634417164,0.0,0.07953913614793232
-0.1502,0.12217304763960307,0.0,0.0,-0.5442549811341897,0.0,0.08450186690613892
-0.15519999999999998,0.12217304763960307,0.0,0.0,-0.5448643278512154,0.0,0.0894645976643455
0.0248,0.13962634015954636,0.0,0.0,-0.5212915567223484,0.0,-0.09830647430352961
0.0238,0.13962634015954636,0.0,0.0,-0.5214307298233085,0.0,-0.09731620623478804
0.0228,0.13962634015954636,0.0,0.0,-0.5215699029242685,0.0,-0.09632593816604647
0.0218,0.13962634015954636,0.0,0.0,-0.5217090760252286,0.0,-0.0953356700973049
0.0208,0.13962634015954636,0.0,0.0,-0.5218482491261887,0.0,-0.09434540202856333
0.0198,0.13962634015954636,0.0,0.0,-0.5219874222271488,0.0,-0.09335513395982176
0.0188,0.13962634015954636,0.0,0.0,-0.5221265953281088,0.0,-0.09236486589108019
0.0178,0.13962634015954636,0.0,0.0,-0.5222657684290689,0.0,-0.09137459782233862
0.016800000000000002,0.13962634015954636,0.0,0.0,-0.5224049415300289,0.0,-0.09038432975359705
0.0158,0.13962634015954636,0.0,0.0,-0.522544114630989,0.0,-0.08939406168485547
0.0148,0.13962634015954636,0.0,0.0,-0.522683287731949,0.0,-0.0884037936161139
0.013800000000000002,0.13962634015954636,0.0,0.0,-0.5228224608329092,0.0,-0.08741352554737233
0.0128,0.13962634015954636,0.0,0.0,-0.5229616339338692,0.0,-0.08642325747863076
0.011800000000000001,0.13962634015954636,0.0,0.0,-0.5231008070348293,0.0,-0.08543298940988919
0.0108,0.13962634015954636,0.0,0.0,-0.5232399801357893,0.0,-0.08444272134114762
0.009800000000000001,0.13962634015954636,0.0,0.0,-0.5233791532367494,0.0,-0.08345245327240605
0.0088,0.13962634015954636,0.0,0.0,-0.5235183263377094,0.0,-0.08246218520366448
0.0078000000000000005,0.13962634015954636,0.0,0.0,-0.5236574994386696,0.0,-0.08147191713492291
0.0068000000000000005,0.13962634015954636,0.0,0.0,-0.5237966725396296,0.0,-0.08048164906618134
0.0058000000000000005,0.13962634015954636,0.0,0.0,-0.5239358456405897,0.0,-0.07949138099743977
0.0048000000000000004,0.13962634015954636,0.0,0.0,-0.5240750187415497,0.0,-0.0785011129286982
0.003800000000000001,0.13962634015954636,0.0,0.0,-0.5242141918425098,0.0,-0.07751084485995663
0.002800000000000001,0.13962634015954636,0.0,0.0,-0.5243533649434698,0.0,-0.07652057679121506
0.0018000000000000008,0.13962634015954636,0.0,0.0,-0.52449253804443,0.0,-0.07553030872247349
0.0008000000000000007,0.13962634015954636,0.0,0.0,-0.52463171114539,0.0,-0.07454004065373192
-0.00019999999999999928,0.13962634015954636,0.0,0.0,-0.5247708842463501,0.0,-0.07354977258499035
-0.0011999999999999992,0.13962634015954636,0.0,0.0,-0.5249100573473101,0.0,-0.07255950451624878
-0.0021999999999999993,0.13962634015954636,0.0,0.0,-0.5250492304482701,0.0,-0.0715692364475072
-0.0031999999999999993,0.13962634015954636,0.0,0.0,-0.5251884035492302,0.0,-0.07057896837876564
-0.004199999999999999,0.13962634015954636,0.0,0.0,-0.5253275766501903,0.0,-0.06958870031002407
-0.005199999999999999,0.13962634015954636,0.0,0.0,-0.5254667497511504,0.0,-0.0685984322412825
-0.006199999999999999,0.13962634015954636,0.0,0.0,-0.5256059228521104,0.0,-0.06760816417254092
-0.007199999999999999,0.13962634015954636,0.0,0.0,-0.5257450959530705,0.0,-0.06661789610379935
-0.008199999999999999,0.13962634015954636,0.0,0.0,-0.5258842690540305,0.0,-0.06562762803505778
-0.0092,0.13962634015954636,0.0,0.0,-0.5260234421549906,0.0,-0.06463735996631621
-0.010199999999999999,0.13962634015954636,0.0,0.0,-0.5261626152559506,0.0,-0.06364709189757464
-0.0112,0.13962634015954636,0.0,0.0,-0.5263017883569108,0.0,-0.06265682382883307
-0.012199999999999999,0.13962634015954636,0.0,0.0,-0.5264409614578708,0.0,-0.06166655576009151
-0.0132,0.13962634015954636,0.0,0.0,-0.5265801345588309,0.0,-0.06067628769134993
-0.014199999999999999,0.13962634015954636,0.0,0.0,-0.5267193076597909,0.0,-0.05968601962260837
-0.0152,0.13962634015954636,0.0,0.0,-0.526858480760751,0.0,-0.05869575155386679
-0.0162,0.13962634015954636,0.0,0.0,-0.526997653861711,0.0,-0.05770548348512522
-0.0172,0.13962634015954636,0.0,0.0,-0.5271368269626712,0.0,-0.05671521541638365
-0.0182,0.13962634015954636,0.0,0.0,-0.5272760000636312,0.0,-0.05572494734764208
-0.0192,0.13962634015954636,0.0,0.0,-0.5274151731645913,0.0,-0.054734679278900515
-0.0202,0.13962634015954636,0.0,0.0,-0.5275543462655513,0.0,-0.05374441121015894
-0.0212,0.13962634015954636,0.0,0.0,-0.5276935193665114,0.0,-0.05275414314141737
-0.0222,0.13962634015954636,0.0,0.0,-0.5278326924674714,0.0,-0.0517638750726758
-0.0232,0.13962634015954636,0.0,0.0,-0.5279718655684316,0.0,-0.05077360700393423
-0.0242,0.13962634015954636,0.0,0.0,-0.5281110386693916,0.0,-0.04978333893519266
-0.0252,0.13962634015954636,0.0,0.0,-0.5282502117703517,0.0,-0.048793070866451085
-0.026199999999999998,0.13962634015954636,0.0,0.0,-0.5283893848713117,0.0,-0.047802802797709515
-0.0272,0.13962634015954636,0.0,0.0,-0.5285285579722718,0.0,-0.04681253472896795
-0.0282,0.13962634015954636,0.0,0.0,-0.5286677310732318,0.0,-0.04582226666022638
-0.0292,0.13962634015954636,0.0,0.0,-0.528806904174192,0.0,-0.044831998591484803
-0.030199999999999998,0.13962634015954636,0.0,0.0,-0.528946077275152,0.0,-0.04384173052274324
-0.0312,0.13962634015954636,0.0,0.0,-0.5290852503761121,0.0,-0.04285146245400167
-0.0322,0.13962634015954636,0.0,0.0,-0.5292244234770721,0.0,-0.0418611943852601
-0.0332,0.13962634015954636,0.0,0.0,-0.5293635965780322,0.0,-0.04087092631651853
-0.0342,0.13962634015954636,0.0,0.0,-0.5295027696789922,0.0,-0.03988065824777696
-0.0352,0.13962634015954636,0.0,0.0,-0.5296419427799524,0.0,-0.03889039017903539
-0.0362,0.13962634015954636,0.0,0.0,-0.5297811158809124,0.0,-0.03790012211029382
-0.037200000000000004,0.13962634015954636,0.0,0.0,-0.5299202889818725,0.0,-0.03690985404155225
-0.038200000000000005,0.13962634015954636,0.0,0.0,-0.5300594620828325,0.0,-0.035919585972810676
-0.039200000000000006,0.13962634015954636,0.0,0.0,-0.5301986351837926,0.0,-0.034929317904069106
-0.0402,0.13962634015954636,0.0,0.0,-0.5303378082847526,0.0,-0.033939049835327535
-0.0412,0.13962634015954636,0.0,0.0,-0.5304769813857128,0.0,-0.032948781766585965
-0.0422,0.13962634015954636,0.0,0.0,-0.5306161544866728,0.0,-0.031958513697844394
-0.0432,0.13962634015954636,0.0,0.0,-0.5307553275876329,0.0,-0.030968245629102824
-0.0442,0.13962634015954636,0.0,0.0,-0.5308945006885929,0.0,-0.029977977560361253
-0.045200000000000004,0.13962634015954636,0.0,0.0,-0.531033673789553,0.0,-0.028987709491619683
-0.046200000000000005,0.13962634015954636,0.0,0.0,-0.531172846890513,0.0,-0.027997441422878112
-0.047200000000000006,0.13962634015954636,0.0,0.0,-0.5313120199914732,0.0,-0.027007173354136542
-0.0482,0.13962634015954636,0.0,0.0,-0.5314511930924332,0.0,-0.02601690528539498
-0.0492,0.13962634015954636,0.0,0.0,-0.5315903661933933,0.0,-0.0250266372166534
-0.0502,0.13962634015954636,0.0,0.0,-0.5317295392943533,0.0,-0.02403636914791183
-0.0512,0.13962634015954636,0.0,0.0,-0.5318687123953134,0.0,-0.02304610107917026
-0.0522,0.13962634015954636,0.0,0.0,-0.5320078854962734,0.0,-0.02205583301042869
-0.053200000000000004,0.13962634015954636,0.0,0.0,-0.5321470585972335,0.0,-0.02106556494168712
-0.054200000000000005,0.13962634015954636,0.0,0.0,-0.5322862316981936,0.0,-0.02007529687294555
-0.055200000000000006,0.13962634015954636,0.0,0.0,-0.5324254047991537,0.0,-0.019085028804203978
-0.060200000000000004,0.13962634015954636,0.0,0.0,-0.533121270303954,0.0,-0.014133688460496126
-0.06520000000000001,0.13962634015954636,0.0,0.0,-0.5338171358087543,0.0,-0.009182348116788266
-0.0702,0.13962634015954636,0.0,0.0,-0.5345130013135546,0.0,-0.004231007773080428
-0.0752,0.13962634015954636,0.0,0.0,-0.535208866818355,0.0,0.0007203325706274244
-0.08020000000000001,0.13962634015954636,0.0,0.0,-0.5359047323231553,0.0,0.005671672914335277
-0.0852,0.13962634015954636,0.0,0.0,-0.5366005978279555,0.0,0.010623013258043129
-0.0902,0.13962634015954636,0.0,0.0,-0.5372964633327559,0.0,0.015574353601750981
-0.0952,0.13962634015954636,0.0,0.0,-0.5379923288375562,0.0,0.020525693945458834
-0.1002,0.13962634015954636,0.0,0.0,-0.5386881943423566,0.0,0.025477034289166686
-0.1052,0.13962634015954636,0.0,0.0,-0.5393840598471569,0.0,0.03042837463287454
-0.1102,0.13962634015954636,0.0,0.0,-0.5400799253519573,0.0,0.03537971497658239
-0.1152,0.13962634015954636,0.0,0.0,-0.5407757908567575,0.0,0.04033105532029023
-0.1202,0.13962634015954636,0.0,0.0,-0.5414716563615579,0.0,0.045282395663998096
-0.1252,0.13962634015954636,0.0,0.0,-0.5421675218663582,0.0,0.05023373600770595
-0.13019999999999998,0.13962634015954636,0.0,0.0,-0.5428633873711586,0.0,0.05518507635141377
-0.1352,0.13962634015954636,0.0,0.0,-0.5435592528759589,0.0,0.06013641669512164
-0.1402,0.13962634015954636,0.0,0.0,-0.5442551183807592,0.0,0.06508775703882948
-0.1452,0.13962634015954636,0.0,0.0,-0.5449509838855595,0.0,0.07003909738253734
-0.1502,0.13962634015954636,0.0,0.0,-0.5456468493903599,0.0,0.07499043772624521
-0.15519999999999998,0.13962634015954636,0.0,0.0,-0.5463427148951602,0.0,0.07994177806995302
0.0248,0.15707963267948966,0.0,0.0,-0.5194964769483658,0.0,-0.10738929387157774
0.0238,0.15707963267948966,0.0,0.0,-0.519652911413406,0.0,-0.1064016055309826
0.0228,0.15707963267948966,0.0,0.0,-0.5198093458784462,0.0,-0.10541391719038747
0.0218,0.15707963267948966,0.0,0.0,-0.5199657803434864,0.0,-0.10442622884979233
0.0208,0.15707963267948966,0.0,0.0,-0.5201222148085267,0.0,-0.1034385405091972
0.0198,0.15707963267948966,0.0,0.0,-0.5202786492735669,0.0,-0.10245085216860206
0.0188,0.15707963267948966,0.0,0.0,-0.5204350837386071,0.0,-0.10146316382800691
0.0178,0.15707963267948966,0.0,0.0,-0.5205915182036474,0.0,-0.10047547548741177
0.016800000000000002,0.15707963267948966,0.0,0.0,-0.5207479526686876,0.0,-0.09948778714681664
0.0158,0.15707963267948966,0.0,0.0,-0.5209043871337278,0.0,-0.0985000988062215
0.0148,0.15707963267948966,0.0,0.0,-0.5210608215987681,0.0,-0.09751241046562636
0.013800000000000002,0.15707963267948966,0.0,0.0,-0.5212172560638083,0.0,-0.09652472212503123
0.0128,0.15707963267948966,0.0,0.0,-0.5213736905288485,0.0,-0.09553703378443609
0.011800000000000001,0.15707963267948966,0.0,0.0,-0.5215301249938887,0.0,-0.09454934544384096
0.0108,0.15707963267948966,0.0,0.0,-0.521686559458929,0.0,-0.09356165710324582
0.009800000000000001,0.15707963267948966,0.0,0.0,-0.5218429939239693,0.0,-0.09257396876265067
0.0088,0.15707963267948966,0.0,0.0,-0.5219994283890095,0.0,-0.09158628042205554
0.0078000000000000005,0.15707963267948966,0.0,0.0,-0.5221558628540497,0.0,-0.0905985920814604
0.0068000000000000005,0.15707963267948966,0.0,0.0,-0.5223122973190899,0.0,-0.08961090374086526
0.0058000000000000005,0.15707963267948966,0.0,0.0,-0.5224687317841301,0.0,-0.08862321540027013
0.0048000000000000004,0.15707963267948966,0.0,0.0,-0.5226251662491703,0.0,-0.08763552705967499
0.003800000000000001,0.15707963267948966,0.0,0.0,-0.5227816007142106,0.0,-0.08664783871907986
0.002800000000000001,0.15707963267948966,0.0,0.0,-0.5229380351792509,0.0,-0.0856601503784847
0.0018000000000000008,0.15707963267948966,0.0,0.0,-0.5230944696442911,0.0,-0.08467246203788957
0.0008000000000000007,0.15707963267948966,0.0,0.0,-0.5232509041093313,0.0,-0.08368477369729443
-0.00019999999999999928,0.15707963267948966,0.0,0.0,-0.5234073385743715,0.0,-0.0826970853566993
-0.0011999999999999992,0.15707963267948966,0.0,0.0,-0.5235637730394117,0.0,-0.08170939701610416
-0.0021999999999999993,0.15707963267948966,0.0,0.0,-0.523720207504452,0.0,-0.08072170867550903
-0.0031999999999999993,0.15707963267948966,0.0,0.0,-0.5238766419694922,0.0,-0.07973402033491389
-0.004199999999999999,0.15707963267948966,0.0,0.0,-0.5240330764345325,0.0,-0.07874633199431874
-0.005199999999999999,0.15707963267948966,0.0,0.0,-0.5241895108995727,0.0,-0.0777586436537236
-0.006199999999999999,0.15707963267948966,0.0,0.0,-0.5243459453646129,0.0,-0.07677095531312847
-0.007199999999999999,0.15707963267948966,0.0,0.0,-0.5245023798296531,0.0,-0.07578326697253333
-0.008199999999999999,0.15707963267948966,0.0,0.0,-0.5246588142946934,0.0,-0.0747955786319382
-0.0092,0.15707963267948966,0.0,0.0,-0.5248152487597336,0.0,-0.07380789029134306
-0.010199999999999999,0.15707963267948966,0.0,0.0,-0.5249716832247738,0.0,-0.07282020195074793
-0.0112,0.15707963267948966,0.0,0.0,-0.525128117689814,0.0,-0.07183251361015278
-0.012199999999999999,0.15707963267948966,0.0,0.0,-0.5252845521548543,0.0,-0.07084482526955764
-0.0132,0.15707963267948966,0.0,0.0,-0.5254409866198945,0.0,-0.0698571369289625
-0.014199999999999999,0.15707963267948966,0.0,0.0,-0.5255974210849348,0.0,-0.06886944858836737
-0.0152,0.15707963267948966,0.0,0.0,-0.525753855549975,0.0,-0.06788176024777223
-0.0162,0.15707963267948966,0.0,0.0,-0.5259102900150152,0.0,-0.0668940719071771
-0.0172,0.15707963267948966,0.0,0.0,-0.5260667244800554,0.0,-0.06590638356658196
-0.0182,0.15707963267948966,0.0,0.0,-0.5262231589450956,0.0,-0.06491869522598681
-0.0192,0.15707963267948966,0.0,0.0,-0.526379593410136,0.0,-0.06393100688539169
-0.0202,0.15707963267948966,0.0,0.0,-0.5265360278751762,0.0,-0.06294331854479654
-0.0212,0.15707963267948966,0.0,0.0,-0.5266924623402164,0.0,-0.0619556302042014
-0.0222,0.15707963267948966,0.0,0.0,-0.5268488968052566,0.0,-0.06096794186360627
-0.0232,0.15707963267948966,0.0,0.0,-0.5270053312702968,0.0,-0.05998025352301113
-0.0242,0.15707963267948966,0.0,0.0,-0.527161765735337,0.0,-0.058992565182415996
-0.0252,0.15707963267948966,0.0,0.0,-0.5273182002003773,0.0,-0.05800487684182085
-0.026199999999999998,0.15707963267948966,0.0,0.0,-0.5274746346654176,0.0,-0.05701718850122571
-0.0272,0.15707963267948966,0.0,0.0,-0.5276310691304578,0.0,-0.056029500160630574
-0.0282,0.15707963267948966,0.0,0.0,-0.527787503595498,0.0,-0.05504181182003544
-0.0292,0.15707963267948966,0.0,0.0,-0.5279439380605382,0.0,-0.0540541234794403
-0.030199999999999998,0.15707963267948966,0.0,0.0,-0.5281003725255784,0.0,-0.05306643513884517
-0.0312,0.15707963267948966,0.0,0.0,-0.5282568069906187,0.0,-0.05207874679825003
-0.0322,0.15707963267948966,0.0,0.0,-0.5284132414556589,0.0,-0.051091058457654895
-0.0332,0.15707963267948966,0.0,0.0,-0.5285696759206991,0.0,-0.05010337011705975
-0.0342,0.15707963267948966,0.0,0.0,-0.5287261103857394,0.0,-0.049115681776464616
-0.0352,0.15707963267948966,0.0,0.0,-0.5288825448507796,0.0,-0.04812799343586948
-0.0362,0.15707963267948966,0.0,0.0,-0.5290389793158198,0.0,-0.04714030509527434
-0.037200000000000004,0.15707963267948966,0.0,0.0,-0.5291954137808601,0.0,-0.0461526167546792
-0.038200000000000005,0.15707963267948966,0.0,0.0,-0.5293518482459003,0.0,-0.04516492841408406
-0.039200000000000006,0.15707963267948966,0.0,0.0,-0.5295082827109405,0.0,-0.04417724007348892
-0.0402,0.15707963267948966,0.0,0.0,-0.5296647171759807,0.0,-0.043189551732893794
-0.0412,0.15707963267948966,0.0,0.0,-0.529821151641021,0.0,-0.04220186339229865
-0.0422,0.15707963267948966,0.0,0.0,-0.5299775861060613,0.0,-0.041214175051703515
-0.0432,0.15707963267948966,0.0,0.0,-0.5301340205711015,0.0,-0.04022648671110837
-0.0442,0.15707963267948966,0.0,0.0,-0.5302904550361417,0.0,-0.039238798370513236
-0.045200000000000004,0.15707963267948966,0.0,0.0,-0.5304468895011819,0.0,-0.0382511100299181
-0.046200000000000005,0.15707963267948966,0.0,0.0,-0.5306033239662221,0.0,-0.03726342168932296
-0.047200000000000006,0.15707963267948966,0.0,0.0,-0.5307597584312623,0.0,-0.03627573334872782
-0.0482,0.15707963267948966,0.0,0.0,-0.5309161928963027,0.0,-0.035288045008132686
-0.0492,0.15707963267948966,0.0,0.0,-0.5310726273613429,0.0,-0.03430035666753755
-0.0502,0.15707963267948966,0.0,0.0,-0.5312290618263831,0.0,-0.033312668326942414
-0.0512,0.15707963267948966,0.0,0.0,-0.5313854962914233,0.0,-0.03232497998634727
-0.0522,0.15707963267948966,0.0,0.0,-0.5315419307564635,0.0,-0.031337291645752136
-0.053200000000000004,0.15707963267948966,0.0,0.0,-0.5316983652215037,0.0,-0.030349603305156993
-0.054200000000000005,0.15707963267948966,0.0,0.0,-0.531854799686544,0.0,-0.029361914964561857
-0.055200000000000006,0.15707963267948966,0.0,0.0,-0.5320112341515842,0.0,-0.02837422662396672
-0.060200000000000004,0.15707963267948966,0.0,0.0,-0.5327934064767854,0.0,-0.023435784920991035
-0.06520000000000001,0.15707963267948966,0.0,0.0,-0.5335755788019865,0.0,-0.01849734321801534
-0.0702,0.15707963267948966,0.0,0.0,-0.5343577511271876,0.0,-0.013558901515039662
-0.0752,0.15707963267948966,0.0,0.0,-0.5351399234523888,0.0,-0.008620459812063969
-0.08020000000000001,0.15707963267948966,0.0,0.0,-0.53592209577759,0.0,-0.0036820181090882753
-0.0852,0.15707963267948966,0.0,0.0,-0.5367042681027911,0.0,0.001256423593887404
-0.0902,0.15707963267948966,0.0,0.0,-0.5374864404279923,0.0,0.006194865296863097
-0.0952,0.15707963267948966,0.0,0.0,-0.5382686127531935,0.0,0.01113330699983879
-0.1002,0.15707963267948966,0.0,0.0,-0.5390507850783947,0.0,0.01607174870281447
-0.1052,0.15707963267948966,0.0,0.0,-0.5398329574035957,0.0,0.021010190405790163
-0.1102,0.15707963267948966,0.0,0.0,-0.5406151297287969,0.0,0.025948632108765857
-0.1152,0.15707963267948966,0.0,0.0,-0.541397302053998,0.0,0.030887073811741536
-0.1202,0.15707963267948966,0.0,0.0,-0.5421794743791992,0.0,0.03582551551471723
-0.1252,0.15707963267948966,0.0,0.0,-0.5429616467044004,0.0,0.04076395721769292
-0.13019999999999998,0.15707963267948966,0.0,0.0,-0.5437438190296016,0.0,0.04570239892066859
-0.1352,0.15707963267948966,0.0,0.0,-0.5445259913548027,0.0,0.05064084062364428
-0.1402,0.15707963267948966,0.0,0.0,-0.5453081636800038,0.0,0.055579282326619975
-0.1452,0.15707963267948966,0.0,0.0,-0.546090336005205,0.0,0.06051772402959567
-0.1502,0.15707963267948966,0.0,0.0,-0.5468725083304061,0.0,0.06545616573257136
-0.15519999999999998,0.15707963267948966,0.0,0.0,-0.5476546806556073,0.0,0.07039460743554703
0.0248,0.17453292519943295,0.0,0.0,-0.5175431535150291,0.0,-0.11643940162040912
0.0238,0.17453292519943295,0.0,0.0,-0.5177168016926961,0.0,-0.11545459386739693
0.0228,0.17453292519943295,0.0,0.0,-0.5178904498703629,0.0,-0.11446978611438471
0.0218,0.17453292519943295,0.0,0.0,-0.5180640980480299,0.0,-0.1134849783613725
0.0208,0.17453292519943295,0.0,0.0,-0.5182377462256968,0.0,-0.11250017060836029
0.0198,0.17453292519943295,0.0,0.0,-0.5184113944033638,0.0,-0.11151536285534809
0.0188,0.17453292519943295,0.0,0.0,-0.5185850425810307,0.0,-0.11053055510233588
0.0178,0.17453292519943295,0.0,0.0,-0.5187586907586976,0.0,-0.10954574734932368
0.016800000000000002,0.17453292519943295,0.0,0.0,-0.5189323389363646,0.0,-0.10856093959631147
0.0158,0.17453292519943295,0.0,0.0,-0.5191059871140314,0.0,-0.10757613184329926
0.0148,0.17453292519943295,0.0,0.0,-0.5192796352916984,0.0,-0.10659132409028706
0.013800000000000002,0.17453292519943295,0.0,0.0,-0.5194532834693654,0.0,-0.10560651633727484
0.0128,0.17453292519943295,0.0,0.0,-0.5196269316470323,0.0,-0.10462170858426263
0.011800000000000001,0.17453292519943295,0.0,0.0,-0.5198005798246992,0.0,-0.10363690083125043
0.0108,0.17453292519943295,0.0,0.0,-0.5199742280023661,0.0,-0.10265209307823822
0.009800000000000001,0.17453292519943295,0.0,0.0,-0.5201478761800331,0.0,-0.10166728532522601
0.0088,0.17453292519943295,0.0,0.0,-0.5203215243577,0.0,-0.1006824775722138
0.0078000000000000005,0.17453292519943295,0.0,0.0,-0.5204951725353669,0.0,-0.0996976698192016
0.0068000000000000005,0.17453292519943295,0.0,0.0,-0.5206688207130339,0.0,-0.09871286206618939
0.0058000000000000005,0.17453292519943295,0.0,0.0,-0.5208424688907008,0.0,-0.09772805431317717
0.0048000000000000004,0.17453292519943295,0.0,0.0,-0.5210161170683677,0.0,-0.09674324656016497
0.003800000000000001,0.17453292519943295,0.0,0.0,-0.5211897652460347,0.0,-0.09575843880715276
0.002800000000000001,0.17453292519943295,0.0,0.0,-0.5213634134237016,0.0,-0.09477363105414055
0.0018000000000000008,0.17453292519943295,0.0,0.0,-0.5215370616013685,0.0,-0.09378882330112835
0.0008000000000000007,0.17453292519943295,0.0,0.0,-0.5217107097790354,0.0,-0.09280401554811614
-0.00019999999999999928,0.17453292519943295,0.0,0.0,-0.5218843579567024,0.0,-0.09181920779510393
-0.0011999999999999992,0.17453292519943295,0.0,0.0,-0.5220580061343693,0.0,-0.09083440004209173
-0.0021999999999999993,0.17453292519943295,0.0,0.0,-0.5222316543120362,0.0,-0.08984959228907952
-0.0031999999999999993,0.17453292519943295,0.0,0.0,-0.5224053024897032,0.0,-0.0888647845360673
-0.004199999999999999,0.17453292519943295,0.0,0.0,-0.5225789506673701,0.0,-0.08787997678305509
-0.005199999999999999,0.17453292519943295,0.0,0.0,-0.522752598845037,0.0,-0.08689516903004289
-0.006199999999999999,0.17453292519943295,0.0,0.0,-0.522926247022704,0.0,-0.08591036127703068
-0.007199999999999999,0.17453292519943295,0.0,0.0,-0.5230998952003709,0.0,-0.08492555352401847
-0.008199999999999999,0.17453292519943295,0.0,0.0,-0.5232735433780378,0.0,-0.08394074577100627
-0.0092,0.17453292519943295,0.0,0.0,-0.5234471915557047,0.0,-0.08295593801799406
-0.010199999999999999,0.17453292519943295,0.0,0.0,-0.5236208397333717,0.0,-0.08197113026498185
-0.0112,0.17453292519943295,0.0,0.0,-0.5237944879110387,0.0,-0.08098632251196965
-0.012199999999999999,0.17453292519943295,0.0,0.0,-0.5239681360887055,0.0,-0.08000151475895743
-0.0132,0.17453292519943295,0.0,0.0,-0.5241417842663725,0.0,-0.07901670700594522
-0.014199999999999999,0.17453292519943295,0.0,0.0,-0.5243154324440394,0.0,-0.07803189925293302
-0.0152,0.17453292519943295,0.0,0.0,-0.5244890806217063,0.0,-0.07704709149992081
-0.0162,0.17453292519943295,0.0,0.0,-0.5246627287993733,0.0,-0.0760622837469086
-0.0172,0.17453292519943295,0.0,0.0,-0.5248363769770402,0.0,-0.07507747599389639
-0.0182,0.17453292519943295,0.0,0.0,-0.5250100251547071,0.0,-0.07409266824088419
-0.0192,0.17453292519943295,0.0,0.0,-0.525183673332374,0.0,-0.07310786048787198
-0.0202,0.17453292519943295,0.0,0.0,-0.525357321510041,0.0,-0.07212305273485978
-0.0212,0.17453292519943295,0.0,0.0,-0.525530969687708,0.0,-0.07113824498184756
-0.0222,0.17453292519943295,0.0,0.0,-0.5257046178653748,0.0,-0.07015343722883535
-0.0232,0.17453292519943295,0.0,0.0,-0.5258782660430418,0.0,-0.06916862947582314
-0.0242,0.17453292519943295,0.0,0.0,-0.5260519142207087,0.0,-0.06818382172281094
-0.0252,0.17453292519943295,0.0,0.0,-0.5262255623983756,0.0,-0.06719901396979873
-0.026199999999999998,0.17453292519943295,0.0,0.0,-0.5263992105760426,0.0,-0.06621420621678652
-0.0272,0.17453292519943295,0.0,0.0,-0.5265728587537095,0.0,-0.06522939846377432
-0.0282,0.17453292519943295,0.0,0.0,-0.5267465069313765,0.0,-0.0642445907107621
-0.0292,0.17453292519943295,0.0,0.0,-0.5269201551090433,0.0,-0.0632597829577499
-0.030199999999999998,0.17453292519943295,0.0,0.0,-0.5270938032867103,0.0,-0.062274975204737695
-0.0312,0.17453292519943295,0.0,0.0,-0.5272674514643773,0.0,-0.06129016745172548
-0.0322,0.17453292519943295,0.0,0.0,-0.5274410996420441,0.0,-0.06030535969871328
-0.0332,0.17453292519943295,0.0,0.0,-0.5276147478197111,0.0,-0.059320551945701065
-0.0342,0.17453292519943295,0.0,0.0,-0.527788395997378,0.0,-0.05833574419268886
-0.0352,0.17453292519943295,0.0,0.0,-0.5279620441750449,0.0,-0.05735093643967665
-0.0362,0.17453292519943295,0.0,0.0,-0.5281356923527118,0.0,-0.05636612868666444
-0.037200000000000004,0.17453292519943295,0.0,0.0,-0.5283093405303788,0.0,-0.05538132093365223
-0.038200000000000005,0.17453292519943295,0.0,0.0,-0.5284829887080458,0.0,-0.054396513180640024
-0.039200000000000006,0.17453292519943295,0.0,0.0,-0.5286566368857126,0.0,-0.05341170542762781
-0.0402,0.17453292519943295,0.0,0.0,-0.5288302850633796,0.0,-0.05242689767461561
-0.0412,0.17453292519943295,0.0,0.0,-0.5290039332410466,0.0,-0.0514420899216034
-0.0422,0.17453292519943295,0.0,0.0,-0.5291775814187134,0.0,-0.050457282168591196
-0.0432,0.17453292519943295,0.0,0.0,-0.5293512295963804,0.0,-0.04947247441557898
-0.0442,0.17453292519943295,0.0,0.0,-0.5295248777740473,0.0,-0.04848766666256678
-0.045200000000000004,0.17453292519943295,0.0,0.0,-0.5296985259517143,0.0,-0.047502858909554566
-0.046200000000000005,0.17453292519943295,0.0,0.0,-0.5298721741293811,0.0,-0.04651805115654236
-0.047200000000000006,0.17453292519943295,0.0,0.0,-0.5300458223070481,0.0,-0.04553324340353015
-0.0482,0.17453292519943295,0.0,0.0,-0.5302194704847151,0.0,-0.04454843565051795
-0.0492,0.17453292519943295,0.0,0.0,-0.5303931186623819,0.0,-0.04356362789750574
-0.0502,0.17453292519943295,0.0,0.0,-0.5305667668400489,0.0,-0.04257882014449353
-0.0512,0.17453292519943295,0.0,0.0,-0.5307404150177158,0.0,-0.04159401239148132
-0.0522,0.17453292519943295,0.0,0.0,-0.5309140631953827,0.0,-0.040609204638469114
-0.053200000000000004,0.17453292519943295,0.0,0.0,-0.5310877113730497,0.0,-0.0396243968854569
-0.054200000000000005,0.17453292519943295,0.0,0.0,-0.5312613595507166,0.0,-0.038639589132444696
-0.055200000000000006,0.17453292519943295,0.0,0.0,-0.5314350077283836,0.0,-0.037654781379432484
-0.060200000000000004,0.17453292519943295,0.0,0.0,-0.5323032486167182,0.0,-0.03273074261437145
-0.06520000000000001,0.17453292519943295,0.0,0.0,-0.5331714895050529,0.0,-0.027806703849310402
-0.0702,0.17453292519943295,0.0,0.0,-0.5340397303933875,0.0,-0.022882665084249368
-0.0752,0.17453292519943295,0.0,0.0,-0.5349079712817222,0.0,-0.017958626319188334
-0.08020000000000001,0.17453292519943295,0.0,0.0,-0.5357762121700568,0.0,-0.013034587554127286
-0.0852,0.17453292519943295,0.0,0.0,-0.5366444530583915,0.0,-0.008110548789066252
-0.0902,0.17453292519943295,0.0,0.0,-0.5375126939467261,0.0,-0.003186510024005204
-0.0952,0.17453292519943295,0.0,0.0,-0.5383809348350608,0.0,0.0017375287410558299
-0.1002,0.17453292519943295,0.0,0.0,-0.5392491757233954,0.0,0.006661567506116864
-0.1052,0.17453292519943295,0.0,0.0,-0.5401174166117301,0.0,0.011585606271177912
-0.1102,0.17453292519943295,0.0,0.0,-0.5409856575000647,0.0,0.01650964503623896
-0.1152,0.17453292519943295,0.0,0.0,-0.5418538983883994,0.0,0.02143368380129998
-0.1202,0.17453292519943295,0.0,0.0,-0.5427221392767341,0.0,0.026357722566361028
-0.1252,0.17453292519943295,0.0,0.0,-0.5435903801650687,0.0,0.031281761331422075
-0.13019999999999998,0.17453292519943295,0.0,0.0,-0.5444586210534034,0.0,0.036205800096483096
-0.1352,0.17453292519943295,0.0,0.0,-0.545326861941738,0.0,0.04112983886154413
-0.1402,0.17453292519943295,0.0,0.0,-0.5461951028300727,0.0,0.04605387762660519
-0.1452,0.17453292519943295,0.0,0.0,-0.5470633437184073,0.0,0.050977916391666225
-0.1502,0.17453292519943295,0.0,0.0,-0.547931584606742,0.0,0.05590195515672726
-0.15519999999999998,0.17453292519943295,0.0,0.0,-0.5487998254950766,0.0,0.06082599392178829
0.0248,0.19198621771937624,0.0,0.0,-0.5154321814235787,0.0,-0.12545404079953315
0.0238,0.19198621771937624,0.0,0.0,-0.5156229904189553,0.0,-0.12447241361608548
0.0228,0.19198621771937624,0.0,0.0,-0.5158137994143318,0.0,-0.1234907864326378
0.0218,0.19198621771937624,0.0,0.0,-0.5160046084097084,0.0,-0.12250915924919015
0.0208,0.19198621771937624,0.0,0.0,-0.5161954174050849,0.0,-0.12152753206574249
0.0198,0.19198621771937624,0.0,0.0,-0.5163862264004615,0.0,-0.12054590488229482
0.0188,0.19198621771937624,0.0,0.0,-0.516577035395838,0.0,-0.11956427769884716
0.0178,0.19198621771937624,0.0,0.0,-0.5167678443912146,0.0,-0.11858265051539948
0.016800000000000002,0.19198621771937624,0.0,0.0,-0.5169586533865911,0.0,-0.11760102333195183
0.0158,0.19198621771937624,0.0,0.0,-0.5171494623819677,0.0,-0.11661939614850417
0.0148,0.19198621771937624,0.0,0.0,-0.5173402713773442,0.0,-0.1156377689650565
0.013800000000000002,0.19198621771937624,0.0,0.0,-0.5175310803727208,0.0,-0.11465614178160884
0.0128,0.19198621771937624,0.0,0.0,-0.5177218893680973,0.0,-0.11367451459816116
0.011800000000000001,0.19198621771937624,0.0,0.0,-0.5179126983634739,0.0,-0.1126928874147135
0.0108,0.19198621771937624,0.0,0.0,-0.5181035073588504,0.0,-0.11171126023126585
0.009800000000000001,0.19198621771937624,0.0,0.0,-0.518294316354227,0.0,-0.11072963304781817
0.0088,0.19198621771937624,0.0,0.0,-0.5184851253496034,0.0,-0.10974800586437052
0.0078000000000000005,0.19198621771937624,0.0,0.0,-0.51867593434498,0.0,-0.10876637868092286
0.0068000000000000005,0.19198621771937624,0.0,0.0,-0.5188667433403565,0.0,-0.10778475149747518
0.0058000000000000005,0.19198621771937624,0.0,0.0,-0.5190575523357331,0.0,-0.10680312431402753
0.0048000000000000004,0.19198621771937624,0.0,0.0,-0.5192483613311096,0.0,-0.10582149713057985
0.003800000000000001,0.19198621771937624,0.0,0.0,-0.5194391703264862,0.0,-0.1048398699471322
0.002800000000000001,0.19198621771937624,0.0,0.0,-0.5196299793218627,0.0,-0.10385824276368454
0.0018000000000000008,0.19198621771937624,0.0,0.0,-0.5198207883172393,0.0,-0.10287661558023686
0.0008000000000000007,0.19198621771937624,0.0,0.0,-0.5200115973126158,0.0,-0.1018949883967892
-0.00019999999999999928,0.19198621771937624,0.0,0.0,-0.5202024063079924,0.0,-0.10091336121334155
-0.0011999999999999992,0.19198621771937624,0.0,0.0,-0.5203932153033689,0.0,-0.09993173402989387
-0.0021999999999999993,0.19198621771937624,0.0,0.0,-0.5205840242987455,0.0,-0.09895010684644621
-0.0031999999999999993,0.19198621771937624,0.0,0.0,-0.520774833294122,0.0,-0.09796847966299854
-0.004199999999999999,0.19198621771937624,0.0,0.0,-0.5209656422894986,0.0,-0.09698685247955088
-0.005199999999999999,0.19198621771937624,0.0,0.0,-0.5211564512848751,0.0,-0.09600522529610322
-0.006199999999999999,0.19198621771937624,0.0,0.0,-0.5213472602802517,0.0,-0.09502359811265555
-0.007199999999999999,0.19198621771937624,0.0,0.0,-0.5215380692756282,0.0,-0.0940419709292079
-0.008199999999999999,0.19198621771937624,0.0,0.0,-0.5217288782710048,0.0,-0.09306034374576022
-0.0092,0.19198621771937624,0.0,0.0,-0.5219196872663813,0.0,-0.09207871656231256
-0.010199999999999999,0.19198621771937624,0.0,0.0,-0.5221104962617579,0.0,-0.0910970893788649
-0.0112,0.19198621771937624,0.0,0.0,-0.5223013052571344,0.0,-0.09011546219541723
-0.012199999999999999,0.19198621771937624,0.0,0.0,-0.522492114252511,0.0,-0.08913383501196957
-0.0132,0.19198621771937624,0.0,0.0,-0.5226829232478875,0.0,-0.0881522078285219
-0.014199999999999999,0.19198621771937624,0.0,0.0,-0.5228737322432641,0.0,-0.08717058064507424
-0.0152,0.19198621771937624,0.0,0.0,-0.5230645412386405,0.0,-0.08618895346162658
-0.0162,0.19198621771937624,0.0,0.0,-0.5232553502340171,0.0,-0.08520732627817892
-0.0172,0.19198621771937624,0.0,0.0,-0.5234461592293936,0.0,-0.08422569909473125
-0.0182,0.19198621771937624,0.0,0.0,-0.5236369682247702,0.0,-0.08324407191128358
-0.0192,0.19198621771937624,0.0,0.0,-0.5238277772201467,0.0,-0.08226244472783592
-0.0202,0.19198621771937624,0.0,0.0,-0.5240185862155233,0.0,-0.08128081754438826
-0.0212,0.19198621771937624,0.0,0.0,-0.5242093952108998,0.0,-0.0802991903609406
-0.0222,0.19198621771937624,0.0,0.0,-0.5244002042062764,0.0,-0.07931756317749293
-0.0232,0.19198621771937624,0.0,0.0,-0.5245910132016529,0.0,-0.07833593599404527
-0.0242,0.19198621771937624,0.0,0.0,-0.5247818221970295,0.0,-0.0773543088105976
-0.0252,0.19198621771937624,0.0,0.0,-0.524972631192406,0.0,-0.07637268162714994
-0.026199999999999998,0.19198621771937624,0.0,0.0,-0.5251634401877825,0.0,-0.07539105444370228
-0.0272,0.19198621771937624,0.0,0.0,-0.5253542491831591,0.0,-0.07440942726025461
-0.0282,0.19198621771937624,0.0,0.0,-0.5255450581785356,0.0,-0.07342780007680695
-0.0292,0.19198621771937624,0.0,0.0,-0.5257358671739122,0.0,-0.07244617289335928
-0.030199999999999998,0.19198621771937624,0.0,0.0,-0.5259266761692887,0.0,-0.07146454570991162
-0.0312,0.19198621771937624,0.0,0.0,-0.5261174851646653,0.0,-0.07048291852646396
-0.0322,0.19198621771937624,0.0,0.0,-0.5263082941600418,0.0,-0.0695012913430163
-0.0332,0.19198621771937624,0.0,0.0,-0.5264991031554184,0.0,-0.06851966415956863
-0.0342,0.19198621771937624,0.0,0.0,-0.5266899121507949,0.0,-0.06753803697612096
-0.0352,0.19198621771937624,0.0,0.0,-0.5268807211461715,0.0,-0.0665564097926733
-0.0362,0.19198621771937624,0.0,0.0,-0.527071530141548,0.0,-0.06557478260922564
-0.037200000000000004,0.19198621771937624,0.0,0.0,-0.5272623391369246,0.0,-0.06459315542577797
-0.038200000000000005,0.19198621771937624,0.0,0.0,-0.527453148132301,0.0,-0.06361152824233031
-0.039200000000000006,0.19198621771937624,0.0,0.0,-0.5276439571276776,0.0,-0.06262990105888264
-0.0402,0.19198621771937624,0.0,0.0,-0.5278347661230541,0.0,-0.061648273875434985
-0.0412,0.19198621771937624,0.0,0.0,-0.5280255751184307,0.0,-0.06066664669198732
-0.0422,0.19198621771937624,0.0,0.0,-0.5282163841138072,0.0,-0.059685019508539654
-0.0432,0.19198621771937624,0.0,0.0,-0.5284071931091838,0.0,-0.05870339232509199
-0.0442,0.19198621771937624,0.0,0.0,-0.5285980021045603,0.0,-0.05772176514164432
-0.045200000000000004,0.19198621771937624,0.0,0.0,-0.5287888110999369,0.0,-0.05674013795819666
-0.046200000000000005,0.19198621771937624,0.0,0.0,-0.5289796200953134,0.0,-0.05575851077474899
-0.047200000000000006,0.19198621771937624,0.0,0.0,-0.52917042909069,0.0,-0.05477688359130133
-0.0482,0.19198621771937624,0.0,0.0,-0.5293612380860665,0.0,-0.053795256407853674
-0.0492,0.19198621771937624,0.0,0.0,-0.5295520470814431,0.0,-0.05281362922440601
-0.0502,0.19198621771937624,0.0,0.0,-0.5297428560768196,0.0,-0.05183200204095834
-0.0512,0.19198621771937624,0.0,0.0,-0.5299336650721962,0.0,-0.05085037485751068
-0.0522,0.19198621771937624,0.0,0.0,-0.5301244740675727,0.0,-0.04986874767406301
-0.053200000000000004,0.19198621771937624,0.0,0.0,-0.5303152830629493,0.0,-0.048887120490615346
-0.054200000000000005,0.19198621771937624,0.0,0.0,-0.5305060920583258,0.0,-0.04790549330716768
-0.055200000000000006,0.19198621771937624,0.0,0.0,-0.5306969010537024,0.0,-0.046923866123720015
-0.060200000000000004,0.19198621771937624,0.0,0.0,-0.531650946030585,0.0,-0.0420157302064817
-0.06520000000000001,0.19198621771937624,0.0,0.0,-0.5326049910074678,0.0,-0.03710759428924337
-0.0702,0.19198621771937624,0.0,0.0,-0.5335590359843505,0.0,-0.032199458372005066
-0.0752,0.19198621771937624,0.0,0.0,-0.5345130809612333,0.0,-0.027291322454766745
-0.08020000000000001,0.19198621771937624,0.0,0.0,-0.535467125938116,0.0,-0.02238318653752841
-0.0852,0.19198621771937624,0.0,0.0,-0.5364211709149986,0.0,-0.017475050620290103
-0.0902,0.19198621771937624,0.0,0.0,-0.5373752158918814,0.0,-0.012566914703051782
-0.0952,0.19198621771937624,0.0,0.0,-0.5383292608687641,0.0,-0.007658778785813461
-0.1002,0.19198621771937624,0.0,0.0,-0.5392833058456469,0.0,-0.002750642868575154
-0.1052,0.19198621771937624,0.0,0.0,-0.5402373508225295,0.0,0.002157493048663181
-0.1102,0.19198621771937624,0.0,0.0,-0.5411913957994123,0.0,0.007065628965901502
-0.1152,0.19198621771937624,0.0,0.0,-0.542145440776295,0.0,0.01197376488313981
-0.1202,0.19198621771937624,0.0,0.0,-0.5430994857531778,0.0,0.01688190080037813
-0.1252,0.19198621771937624,0.0,0.0,-0.5440535307300605,0.0,0.021790036717616465
-0.13019999999999998,0.19198621771937624,0.0,0.0,-0.5450075757069432,0.0,0.026698172634854758
-0.1352,0.19198621771937624,0.0,0.0,-0.5459616206838259,0.0,0.03160630855209308
-0.1402,0.19198621771937624,0.0,0.0,-0.5469156656607087,0.0,0.0365144444693314
-0.1452,0.19198621771937624,0.0,0.0,-0.5478697106375914,0.0,0.04142258038656972
-0.1502,0.19198621771937624,0.0,0.0,-0.548823755614474,0.0,0.04633071630380804
-0.15519999999999998,0.19198621771937624,0.0,0.0,-0.5497778005913568,0.0,0.05123885222104636
0.0248,0.20943951023931956,0.0,0.0,-0.5131642036965631,0.0,-0.13443046546252904
0.0238,0.20943951023931956,0.0,0.0,-0.5133721153873808,0.0,-0.13345231786179523
0.0228,0.20943951023931956,0.0,0.0,-0.5135800270781986,0.0,-0.13247417026106142
0.0218,0.20943951023931956,0.0,0.0,-0.5137879387690164,0.0,-0.13149602266032762
0.0208,0.20943951023931956,0.0,0.0,-0.5139958504598341,0.0,-0.1305178750595938
0.0198,0.20943951023931956,0.0,0.0,-0.5142037621506519,0.0,-0.12953972745886
0.0188,0.20943951023931956,0.0,0.0,-0.5144116738414697,0.0,-0.12856157985812622
0.0178,0.20943951023931956,0.0,0.0,-0.5146195855322874,0.0,-0.12758343225739238
0.016800000000000002,0.20943951023931956,0.0,0.0,-0.5148274972231052,0.0,-0.1266052846566586
0.0158,0.20943951023931956,0.0,0.0,-0.515035408913923,0.0,-0.1256271370559248
0.0148,0.20943951023931956,0.0,0.0,-0.5152433206047407,0.0,-0.12464898945519098
0.013800000000000002,0.20943951023931956,0.0,0.0,-0.5154512322955584,0.0,-0.12367084185445718
0.0128,0.20943951023931956,0.0,0.0,-0.5156591439863762,0.0,-0.12269269425372337
0.011800000000000001,0.20943951023931956,0.0,0.0,-0.5158670556771939,0.0,-0.12171454665298956
0.0108,0.20943951023931956,0.0,0.0,-0.5160749673680117,0.0,-0.12073639905225575
0.009800000000000001,0.20943951023931956,0.0,0.0,-0.5162828790588295,0.0,-0.11975825145152195
0.0088,0.20943951023931956,0.0,0.0,-0.5164907907496472,0.0,-0.11878010385078815
0.0078000000000000005,0.20943951023931956,0.0,0.0,-0.516698702440465,0.0,-0.11780195625005434
0.0068000000000000005,0.20943951023931956,0.0,0.0,-0.5169066141312828,0.0,-0.11682380864932053
0.0058000000000000005,0.20943951023931956,0.0,0.0,-0.5171145258221005,0.0,-0.11584566104858673
0.0048000000000000004,0.20943951023931956,0.0,0.0,-0.5173224375129183,0.0,-0.11486751344785293
0.003800000000000001,0.20943951023931956,0.0,0.0,-0.517530349203736,0.0,-0.11388936584711912
0.002800000000000001,0.20943951023931956,0.0,0.0,-0.5177382608945538,0.0,-0.11291121824638531
0.0018000000000000008,0.20943951023931956,0.0,0.0,-0.5179461725853716,0.0,-0.1119330706456515
0.0008000000000000007,0.20943951023931956,0.0,0.0,-0.5181540842761893,0.0,-0.1109549230449177
-0.00019999999999999928,0.20943951023931956,0.0,0.0,-0.518361995967007,0.0,-0.1099767754441839
-0.0011999999999999992,0.20943951023931956,0.0,0.0,-0.5185699076578248,0.0,-0.10899862784345009
-0.0021999999999999993,0.20943951023931956,0.0,0.0,-0.5187778193486425,0.0,-0.10802048024271628
-0.0031999999999999993,0.20943951023931956,0.0,0.0,-0.5189857310394603,0.0,-0.10704233264198247
-0.004199999999999999,0.20943951023931956,0.0,0.0,-0.5191936427302781,0.0,-0.10606418504124868
-0.005199999999999999,0.20943951023931956,0.0,0.0,-0.5194015544210958,0.0,-0.10508603744051487
-0.006199999999999999,0.20943951023931956,0.0,0.0,-0.5196094661119136,0.0,-0.10410788983978106
-0.007199999999999999,0.20943951023931956,0.0,0.0,-0.5198173778027314,0.0,-0.10312974223904725
-0.008199999999999999,0.20943951023931956,0.0,0.0,-0.5200252894935491,0.0,-0.10215159463831344
-0.0092,0.20943951023931956,0.0,0.0,-0.5202332011843669,0.0,-0.10117344703757965
-0.010199999999999999,0.20943951023931956,0.0,0.0,-0.5204411128751847,0.0,-0.10019529943684584
-0.0112,0.20943951023931956,0.0,0.0,-0.5206490245660024,0.0,-0.09921715183611203
-0.012199999999999999,0.20943951023931956,0.0,0.0,-0.5208569362568202,0.0,-0.09823900423537822
-0.0132,0.20943951023931956,0.0,0.0,-0.521064847947638,0.0,-0.09726085663464443
-0.014199999999999999,0.20943951023931956,0.0,0.0,-0.5212727596384557,0.0,-0.09628270903391062
-0.0152,0.20943951023931956,0.0,0.0,-0.5214806713292734,0.0,-0.09530456143317681
-0.0162,0.20943951023931956,0.0,0.0,-0.5216885830200912,0.0,-0.094326413832443
-0.0172,0.20943951023931956,0.0,0.0,-0.5218964947109089,0.0,-0.09334826623170919
-0.0182,0.20943951023931956,0.0,0.0,-0.5221044064017267,0.0,-0.09237011863097538
-0.0192,0.20943951023931956,0.0,0.0,-0.5223123180925445,0.0,-0.09139197103024159
-0.0202,0.20943951023931956,0.0,0.0,-0.5225202297833622,0.0,-0.09041382342950778
-0.0212,0.20943951023931956,0.0,0.0,-0.52272814147418,0.0,-0.08943567582877397
-0.0222,0.20943951023931956,0.0,0.0,-0.5229360531649978,0.0,-0.08845752822804016
-0.0232,0.20943951023931956,0.0,0.0,-0.5231439648558155,0.0,-0.08747938062730637
-0.0242,0.20943951023931956,0.0,0.0,-0.5233518765466333,0.0,-0.08650123302657256
-0.0252,0.20943951023931956,0.0,0.0,-0.5235597882374511,0.0,-0.08552308542583875
-0.026199999999999998,0.20943951023931956,0.0,0.0,-0.5237676999282688,0.0,-0.08454493782510494
-0.0272,0.20943951023931956,0.0,0.0,-0.5239756116190866,0.0,-0.08356679022437113
-0.0282,0.20943951023931956,0.0,0.0,-0.5241835233099044,0.0,-0.08258864262363734
-0.0292,0.20943951023931956,0.0,0.0,-0.524391435000722,0.0,-0.08161049502290353
-0.030199999999999998,0.20943951023931956,0.0,0.0,-0.5245993466915398,0.0,-0.08063234742216972
-0.0312,0.20943951023931956,0.0,0.0,-0.5248072583823576,0.0,-0.07965419982143591
-0.0322,0.20943951023931956,0.0,0.0,-0.5250151700731753,0.0,-0.07867605222070212
-0.0332,0.20943951023931956,0.0,0.0,-0.5252230817639931,0.0,-0.07769790461996831
-0.0342,0.20943951023931956,0.0,0.0,-0.5254309934548109,0.0,-0.0767197570192345
-0.0352,0.20943951023931956,0.0,0.0,-0.5256389051456286,0.0,-0.0757416094185007
-0.0362,0.20943951023931956,0.0,0.0,-0.5258468168364464,0.0,-0.07476346181776689
-0.037200000000000004,0.20943951023931956,0.0,0.0,-0.5260547285272642,0.0,-0.07378531421703308
-0.038200000000000005,0.20943951023931956,0.0,0.0,-0.5262626402180819,0.0,-0.07280716661629927
-0.039200000000000006,0.20943951023931956,0.0,0.0,-0.5264705519088997,0.0,-0.07182901901556547
-0.0402,0.20943951023931956,0.0,0.0,-0.5266784635997175,0.0,-0.07085087141483168
-0.0412,0.20943951023931956,0.0,0.0,-0.5268863752905352,0.0,-0.06987272381409787
-0.0422,0.20943951023931956,0.0,0.0,-0.527094286981353,0.0,-0.06889457621336406
-0.0432,0.20943951023931956,0.0,0.0,-0.5273021986721708,0.0,-0.06791642861263025
-0.0442,0.20943951023931956,0.0,0.0,-0.5275101103629884,0.0,-0.06693828101189644
-0.045200000000000004,0.20943951023931956,0.0,0.0,-0.5277180220538062,0.0,-0.06596013341116264
-0.046200000000000005,0.20943951023931956,0.0,0.0,-0.527925933744624,0.0,-0.06498198581042883
-0.047200000000000006,0.20943951023931956,0.0,0.0,-0.5281338454354417,0.0,-0.06400383820969502
-0.0482,0.20943951023931956,0.0,0.0,-0.5283417571262595,0.0,-0.06302569060896122
-0.0492,0.20943951023931956,0.0,0.0,-0.5285496688170773,0.0,-0.062047543008227415
-0.0502,0.20943951023931956,0.0,0.0,-0.528757580507895,0.0,-0.061069395407493614
-0.0512,0.20943951023931956,0.0,0.0,-0.5289654921987128,0.0,-0.060091247806759805
-0.0522,0.20943951023931956,0.0,0.0,-0.5291734038895306,0.0,-0.059113100206026
-0.053200000000000004,0.20943951023931956,0.0,0.0,-0.5293813155803483,0.0,-0.058134952605292195
-0.054200000000000005,0.20943951023931956,0.0,0.0,-0.5295892272711661,0.0,-0.057156805004558386
-0.055200000000000006,0.20943951023931956,0.0,0.0,-0.5297971389619839,0.0,-0.05617865740382458
-0.060200000000000004,0.20943951023931956,0.0,0.0,-0.5308366974160726,0.0,-0.051287919400155556
-0.06520000000000001,0.20943951023931956,0.0,0.0,-0.5318762558701614,0.0,-0.04639718139648652
-0.0702,0.20943951023931956,0.0,0.0,-0.5329158143242502,0.0,-0.041506443392817505
-0.0752,0.20943951023931956,0.0,0.0,-0.533955372778339,0.0,-0.03661570538914846
-0.08020000000000001,0.20943951023931956,0.0,0.0,-0.5349949312324278,0.0,-0.03172496738547943
-0.0852,0.20943951023931956,0.0,0.0,-0.5360344896865166,0.0,-0.026834229381810418
-0.0902,0.20943951023931956,0.0,0.0,-0.5370740481406054,0.0,-0.02194349137814139
-0.0952,0.20943951023931956,0.0,0.0,-0.5381136065946942,0.0,-0.017052753374472346
-0.1002,0.20943951023931956,0.0,0.0,-0.539153165048783,0.0,-0.01216201537080333
-0.1052,0.20943951023931956,0.0,0.0,-0.5401927235028718,0.0,-0.007271277367134302
-0.1102,0.20943951023931956,0.0,0.0,-0.5412322819569606,0.0,-0.002380539363465259
-0.1152,0.20943951023931956,0.0,0.0,-0.5422718404110494,0.0,0.0025101986402037563
-0.1202,0.20943951023931956,0.0,0.0,-0.5433113988651381,0.0,0.007400936643872785
-0.1252,0.20943951023931956,0.0,0.0,-0.544350957319227,0.0,0.012291674647541814
-0.13019999999999998,0.20943951023931956,0.0,0.0,-0.5453905157733158,0.0,0.01718241265121083
-0.1352,0.20943951023931956,0.0,0.0,-0.5464300742274045,0.0,0.022073150654879845
-0.1402,0.20943951023931956,0.0,0.0,-0.5474696326814934,0.0,0.026963888658548887
-0.1452,0.20943951023931956,0.0,0.0,-0.5485091911355822,0.0,0.03185462666221793
-0.1502,0.20943951023931956,0.0,0.0,-0.5495487495896709,0.0,0.036745364665886945
-0.15519999999999998,0.20943951023931956,0.0,0.0,-0.5505883080437598,0.0,0.04163610266955596
0.0248,0.22689280275926285,0.0,0.0,-0.5107399111819682,0.0,-0.14336594130348787
0.0238,0.22689280275926285,0.0,0.0,-0.5109648622363121,0.0,-0.14239157123870264
0.0228,0.22689280275926285,0.0,0.0,-0.5111898132906559,0.0,-0.1414172011739174
0.0218,0.22689280275926285,0.0,0.0,-0.5114147643449998,0.0,-0.14044283110913217
0.0208,0.22689280275926285,0.0,0.0,-0.5116397153993436,0.0,-0.13946846104434693
0.0198,0.22689280275926285,0.0,0.0,-0.5118646664536876,0.0,-0.1384940909795617
0.0188,0.22689280275926285,0.0,0.0,-0.5120896175080314,0.0,-0.13751972091477646
0.0178,0.22689280275926285,0.0,0.0,-0.5123145685623752,0.0,-0.13654535084999123
0.016800000000000002,0.22689280275926285,0.0,0.0,-0.5125395196167191,0.0,-0.135570980785206
0.0158,0.22689280275926285,0.0,0.0,-0.512764470671063,0.0,-0.13459661072042076
0.0148,0.22689280275926285,0.0,0.0,-0.5129894217254068,0.0,-0.13362224065563552
0.013800000000000002,0.22689280275926285,0.0,0.0,-0.5132143727797507,0.0,-0.1326478705908503
0.0128,0.22689280275926285,0.0,0.0,-0.5134393238340945,0.0,-0.13167350052606505
0.011800000000000001,0.22689280275926285,0.0,0.0,-0.5136642748884385,0.0,-0.13069913046127982
0.0108,0.22689280275926285,0.0,0.0,-0.5138892259427823,0.0,-0.12972476039649458
0.009800000000000001,0.22689280275926285,0.0,0.0,-0.5141141769971261,0.0,-0.12875039033170935
0.0088,0.22689280275926285,0.0,0.0,-0.5143391280514701,0.0,-0.1277760202669241
0.0078000000000000005,0.22689280275926285,0.0,0.0,-0.5145640791058139,0.0,-0.12680165020213888
0.0068000000000000005,0.22689280275926285,0.0,0.0,-0.5147890301601578,0.0,-0.12582728013735364
0.0058000000000000005,0.22689280275926285,0.0,0.0,-0.5150139812145016,0.0,-0.12485291007256841
0.0048000000000000004,0.22689280275926285,0.0,0.0,-0.5152389322688455,0.0,-0.12387854000778317
0.003800000000000001,0.22689280275926285,0.0,0.0,-0.5154638833231894,0.0,-0.12290416994299794
0.002800000000000001,0.22689280275926285,0.0,0.0,-0.5156888343775332,0.0,-0.1219297998782127
0.0018000000000000008,0.22689280275926285,0.0,0.0,-0.515913785431877,0.0,-0.12095542981342747
0.0008000000000000007,0.22689280275926285,0.0,0.0,-0.516138736486221,0.0,-0.11998105974864223
-0.00019999999999999928,0.22689280275926285,0.0,0.0,-0.5163636875405648,0.0,-0.119006689683857
-0.0011999999999999992,0.22689280275926285,0.0,0.0,-0.5165886385949087,0.0,-0.11803231961907176
-0.0021999999999999993,0.22689280275926285,0.0,0.0,-0.5168135896492525,0.0,-0.11705794955428653
-0.0031999999999999993,0.22689280275926285,0.0,0.0,-0.5170385407035964,0.0,-0.11608357948950129
-0.004199999999999999,0.22689280275926285,0.0,0.0,-0.5172634917579403,0.0,-0.11510920942471606
-0.005199999999999999,0.22689280275926285,0.0,0.0,-0.5174884428122841,0.0,-0.11413483935993082
-0.006199999999999999,0.22689280275926285,0.0,0.0,-0.517713393866628,0.0,-0.11316046929514559
-0.007199999999999999,0.22689280275926285,0.0,0.0,-0.5179383449209719,0.0,-0.11218609923036035
-0.008199999999999999,0.22689280275926285,0.0,0.0,-0.5181632959753157,0.0,-0.11121172916557512
-0.0092,0.22689280275926285,0.0,0.0,-0.5183882470296596,0.0,-0.11023735910078988
-0.010199999999999999,0.22689280275926285,0.0,0.0,-0.5186131980840034,0.0,-0.10926298903600465
-0.0112,0.22689280275926285,0.0,0.0,-0.5188381491383474,0.0,-0.10828861897121941
-0.012199999999999999,0.22689280275926285,0.0,0.0,-0.5190631001926912,0.0,-0.10731424890643418
-0.0132,0.22689280275926285,0.0,0.0,-0.519288051247035,0.0,-0.10633987884164894
-0.014199999999999999,0.22689280275926285,0.0,0.0,-0.519513002301379,0.0,-0.10536550877686371
-0.0152,0.22689280275926285,0.0,0.0,-0.5197379533557228,0.0,-0.10439113871207847
-0.0162,0.22689280275926285,0.0,0.0,-0.5199629044100667,0.0,-0.10341676864729324
-0.0172,0.22689280275926285,0.0,0.0,-0.5201878554644105,0.0,-0.102442398582508
-0.0182,0.22689280275926285,0.0,0.0,-0.5204128065187544,0.0,-0.10146802851772277
-0.0192,0.22689280275926285,0.0,0.0,-0.5206377575730983,0.0,-0.10049365845293753
-0.0202,0.22689280275926285,0.0,0.0,-0.5208627086274421,0.0,-0.0995192883881523
-0.0212,0.22689280275926285,0.0,0.0,-0.5210876596817859,0.0,-0.09854491832336706
-0.0222,0.22689280275926285,0.0,0.0,-0.5213126107361299,0.0,-0.09757054825858182
-0.0232,0.22689280275926285,0.0,0.0,-0.5215375617904737,0.0,-0.0965961781937966
-0.0242,0.22689280275926285,0.0,0.0,-0.5217625128448176,0.0,-0.09562180812901136
-0.0252,0.22689280275926285,0.0,0.0,-0.5219874638991614,0.0,-0.09464743806422611
-0.026199999999999998,0.22689280275926285,0.0,0.0,-0.5222124149535053,0.0,-0.09367306799944088
-0.0272,0.22689280275926285,0.0,0.0,-0.5224373660078492,0.0,-0.09269869793465565
-0.0282,0.22689280275926285,0.0,0.0,-0.522662317062193,0.0,-0.0917243278698704
-0.0292,0.22689280275926285,0.0,0.0,-0.5228872681165369,0.0,-0.09074995780508517
-0.030199999999999998,0.22689280275926285,0.0,0.0,-0.5231122191708808,0.0,-0.08977558774029995
-0.0312,0.22689280275926285,0.0,0.0,-0.5233371702252246,0.0,-0.0888012176755147
-0.0322,0.22689280275926285,0.0,0.0,-0.5235621212795685,0.0,-0.08782684761072948
-0.0332,0.22689280275926285,0.0,0.0,-0.5237870723339123,0.0,-0.08685247754594425
-0.0342,0.22689280275926285,0.0,0.0,-0.5240120233882563,0.0,-0.08587810748115901
-0.0352,0.22689280275926285,0.0,0.0,-0.5242369744426001,0.0,-0.08490373741637376
-0.0362,0.22689280275926285,0.0,0.0,-0.5244619254969439,0.0,-0.08392936735158853
-0.037200000000000004,0.22689280275926285,0.0,0.0,-0.5246868765512879,0.0,-0.08295499728680329
-0.038200000000000005,0.22689280275926285,0.0,0.0,-0.5249118276056317,0.0,-0.08198062722201806
-0.039200000000000006,0.22689280275926285,0.0,0.0,-0.5251367786599755,0.0,-0.08100625715723282
-0.0402,0.22689280275926285,0.0,0.0,-0.5253617297143194,0.0,-0.0800318870924476
-0.0412,0.22689280275926285,0.0,0.0,-0.5255866807686633,0.0,-0.07905751702766235
-0.0422,0.22689280275926285,0.0,0.0,-0.5258116318230072,0.0,-0.07808314696287712
-0.0432,0.22689280275926285,0.0,0.0,-0.526036582877351,0.0,-0.07710877689809188
-0.0442,0.22689280275926285,0.0,0.0,-0.5262615339316948,0.0,-0.07613440683330665
-0.045200000000000004,0.22689280275926285,0.0,0.0,-0.5264864849860388,0.0,-0.07516003676852141
-0.046200000000000005,0.22689280275926285,0.0,0.0,-0.5267114360403826,0.0,-0.07418566670373616
-0.047200000000000006,0.22689280275926285,0.0,0.0,-0.5269363870947265,0.0,-0.07321129663895093
-0.0482,0.22689280275926285,0.0,0.0,-0.5271613381490703,0.0,-0.07223692657416571
-0.0492,0.22689280275926285,0.0,0.0,-0.5273862892034142,0.0,-0.07126255650938047
-0.0502,0.22689280275926285,0.0,0.0,-0.5276112402577581,0.0,-0.07028818644459524
-0.0512,0.22689280275926285,0.0,0.0,-0.5278361913121019,0.0,-0.06931381637981
-0.0522,0.22689280275926285,0.0,0.0,-0.5280611423664457,0.0,-0.06833944631502475
-0.053200000000000004,0.22689280275926285,0.0,0.0,-0.5282860934207897,0.0,-0.06736507625023952
-0.054200000000000005,0.22689280275926285,0.0,0.0,-0.5285110444751335,0.0,-0.06639070618545428
-0.055200000000000006,0.22689280275926285,0.0,0.0,-0.5287359955294774,0.0,-0.06541633612066905
-0.060200000000000004,0.22689280275926285,0.0,0.0,-0.5298607508011968,0.0,-0.06054448579674288
-0.06520000000000001,0.22689280275926285,0.0,0.0,-0.5309855060729161,0.0,-0.0556726354728167
-0.0702,0.22689280275926285,0.0,0.0,-0.5321102613446353,0.0,-0.05080078514889054
-0.0752,0.22689280275926285,0.0,0.0,-0.5332350166163546,0.0,-0.04592893482496435
-0.08020000000000001,0.22689280275926285,0.0,0.0,-0.534359771888074,0.0,-0.04105708450103818
-0.0852,0.22689280275926285,0.0,0.0,-0.5354845271597933,0.0,-0.036185234177112
-0.0902,0.22689280275926285,0.0,0.0,-0.5366092824315126,0.0,-0.03131338385318583
-0.0952,0.22689280275926285,0.0,0.0,-0.537734037703232,0.0,-0.02644153352925964
-0.1002,0.22689280275926285,0.0,0.0,-0.5388587929749513,0.0,-0.02156968320533348
-0.1052,0.22689280275926285,0.0,0.0,-0.5399835482466706,0.0,-0.016697832881407304
-0.1102,0.22689280275926285,0.0,0.0,-0.54110830351839,0.0,-0.011825982557481116
-0.1152,0.22689280275926285,0.0,0.0,-0.5422330587901093,0.0,-0.006954132233554955
-0.1202,0.22689280275926285,0.0,0.0,-0.5433578140618286,0.0,-0.0020822819096287665
-0.1252,0.22689280275926285,0.0,0.0,-0.544482569333548,0.0,0.002789568414297408
-0.13019999999999998,0.22689280275926285,0.0,0.0,-0.5456073246052673,0.0,0.007661418738223555
-0.1352,0.22689280275926285,0.0,0.0,-0.5467320798769866,0.0,0.012533269062149757
-0.1402,0.22689280275926285,0.0,0.0,-0.5478568351487059,0.0,0.017405119386075932
-0.1452,0.22689280275926285,0.0,0.0,-0.5489815904204253,0.0,0.022276969710002106
-0.1502,0.22689280275926285,0.0,0.0,-0.5501063456921446,0.0,0.02714882003392828
-0.15519999999999998,0.22689280275926285,0.0,0.0,-0.5512311009638639,0.0,0.03202067035785443
0.0248,0.24434609527920614,0.0,0.0,-0.5081600423427787,0.0,-0.15225774648990864
0.0238,0.24434609527920614,0.0,0.0,-0.5084019642383784,0.0,-0.15128745076363265
0.0228,0.24434609527920614,0.0,0.0,-0.5086438861339779,0.0,-0.15031715503735665
0.0218,0.24434609527920614,0.0,0.0,-0.5088858080295776,0.0,-0.14934685931108063
0.0208,0.24434609527920614,0.0,0.0,-0.5091277299251773,0.0,-0.14837656358480464
0.0198,0.24434609527920614,0.0,0.0,-0.509369651820777,0.0,-0.14740626785852864
0.0188,0.24434609527920614,0.0,0.0,-0.5096115737163767,0.0,-0.14643597213225265
0.0178,0.24434609527920614,0.0,0.0,-0.5098534956119763,0.0,-0.14546567640597666
0.016800000000000002,0.24434609527920614,0.0,0.0,-0.510095417507576,0.0,-0.14449538067970066
0.0158,0.24434609527920614,0.0,0.0,-0.5103373394031756,0.0,-0.14352508495342467
0.0148,0.24434609527920614,0.0,0.0,-0.5105792612987753,0.0,-0.14255478922714868
0.013800000000000002,0.24434609527920614,0.0,0.0,-0.510821183194375,0.0,-0.14158449350087268
0.0128,0.24434609527920614,0.0,0.0,-0.5110631050899747,0.0,-0.14061419777459666
0.011800000000000001,0.24434609527920614,0.0,0.0,-0.5113050269855743,0.0,-0.13964390204832067
0.0108,0.24434609527920614,0.0,0.0,-0.511546948881174,0.0,-0.13867360632204467
0.009800000000000001,0.24434609527920614,0.0,0.0,-0.5117888707767737,0.0,-0.13770331059576868
0.0088,0.24434609527920614,0.0,0.0,-0.5120307926723733,0.0,-0.1367330148694927
0.0078000000000000005,0.24434609527920614,0.0,0.0,-0.512272714567973,0.0,-0.1357627191432167
0.0068000000000000005,0.24434609527920614,0.0,0.0,-0.5125146364635726,0.0,-0.1347924234169407
0.0058000000000000005,0.24434609527920614,0.0,0.0,-0.5127565583591723,0.0,-0.1338221276906647
0.0048000000000000004,0.24434609527920614,0.0,0.0,-0.512998480254772,0.0,-0.1328518319643887
0.003800000000000001,0.24434609527920614,0.0,0.0,-0.5132404021503717,0.0,-0.13188153623811272
0.002800000000000001,0.24434609527920614,0.0,0.0,-0.5134823240459714,0.0,-0.1309112405118367
0.0018000000000000008,0.24434609527920614,0.0,0.0,-0.513724245941571,0.0,-0.1299409447855607
0.0008000000000000007,0.24434609527920614,0.0,0.0,-0.5139661678371706,0.0,-0.1289706490592847
-0.00019999999999999928,0.24434609527920614,0.0,0.0,-0.5142080897327703,0.0,-0.12800035333300872
-0.0011999999999999992,0.24434609527920614,0.0,0.0,-0.51445001162837,0.0,-0.12703005760673272
-0.0021999999999999993,0.24434609527920614,0.0,0.0,-0.5146919335239697,0.0,-0.12605976188045673
-0.0031999999999999993,0.24434609527920614,0.0,0.0,-0.5149338554195694,0.0,-0.12508946615418073
-0.004199999999999999,0.24434609527920614,0.0,0.0,-0.5151757773151691,0.0,-0.12411917042790474
-0.005199999999999999,0.24434609527920614,0.0,0.0,-0.5154176992107686,0.0,-0.12314887470162873
-0.006199999999999999,0.24434609527920614,0.0,0.0,-0.5156596211063683,0.0,-0.12217857897535274
-0.007199999999999999,0.24434609527920614,0.0,0.0,-0.515901543001968,0.0,-0.12120828324907675
-0.008199999999999999,0.24434609527920614,0.0,0.0,-0.5161434648975677,0.0,-0.12023798752280075
-0.0092,0.24434609527920614,0.0,0.0,-0.5163853867931674,0.0,-0.11926769179652474
-0.010199999999999999,0.24434609527920614,0.0,0.0,-0.516627308688767,0.0,-0.11829739607024875
-0.0112,0.24434609527920614,0.0,0.0,-0.5168692305843667,0.0,-0.11732710034397276
-0.012199999999999999,0.24434609527920614,0.0,0.0,-0.5171111524799663,0.0,-0.11635680461769676
-0.0132,0.24434609527920614,0.0,0.0,-0.517353074375566,0.0,-0.11538650889142077
-0.014199999999999999,0.24434609527920614,0.0,0.0,-0.5175949962711657,0.0,-0.11441621316514478
-0.0152,0.24434609527920614,0.0,0.0,-0.5178369181667654,0.0,-0.11344591743886877
-0.0162,0.24434609527920614,0.0,0.0,-0.518078840062365,0.0,-0.11247562171259277
-0.0172,0.24434609527920614,0.0,0.0,-0.5183207619579647,0.0,-0.11150532598631678
-0.0182,0.24434609527920614,0.0,0.0,-0.5185626838535644,0.0,-0.11053503026004079
-0.0192,0.24434609527920614,0.0,0.0,-0.518804605749164,0.0,-0.10956473453376478
-0.0202,0.24434609527920614,0.0,0.0,-0.5190465276447637,0.0,-0.10859443880748879
-0.0212,0.24434609527920614,0.0,0.0,-0.5192884495403634,0.0,-0.10762414308121279
-0.0222,0.24434609527920614,0.0,0.0,-0.519530371435963,0.0,-0.1066538473549368
-0.0232,0.24434609527920614,0.0,0.0,-0.5197722933315627,0.0,-0.1056835516286608
-0.0242,0.24434609527920614,0.0,0.0,-0.5200142152271624,0.0,-0.10471325590238481
-0.0252,0.24434609527920614,0.0,0.0,-0.5202561371227621,0.0,-0.1037429601761088
-0.026199999999999998,0.24434609527920614,0.0,0.0,-0.5204980590183617,0.0,-0.10277266444983281
-0.0272,0.24434609527920614,0.0,0.0,-0.5207399809139613,0.0,-0.10180236872355682
-0.0282,0.24434609527920614,0.0,0.0,-0.520981902809561,0.0,-0.10083207299728082
-0.0292,0.24434609527920614,0.0,0.0,-0.5212238247051607,0.0,-0.09986177727100481
-0.030199999999999998,0.24434609527920614,0.0,0.0,-0.5214657466007604,0.0,-0.09889148154472882
-0.0312,0.24434609527920614,0.0,0.0,-0.5217076684963601,0.0,-0.09792118581845283
-0.0322,0.24434609527920614,0.0,0.0,-0.5219495903919598,0.0,-0.09695089009217683
-0.0332,0.24434609527920614,0.0,0.0,-0.5221915122875593,0.0,-0.09598059436590084
-0.0342,0.24434609527920614,0.0,0.0,-0.522433434183159,0.0,-0.09501029863962485
-0.0352,0.24434609527920614,0.0,0.0,-0.5226753560787587,0.0,-0.09404000291334885
-0.0362,0.24434609527920614,0.0,0.0,-0.5229172779743584,0.0,-0.09306970718707284
-0.037200000000000004,0.24434609527920614,0.0,0.0,-0.5231591998699581,0.0,-0.09209941146079685
-0.038200000000000005,0.24434609527920614,0.0,0.0,-0.5234011217655578,0.0,-0.09112911573452084
-0.039200000000000006,0.24434609527920614,0.0,0.0,-0.5236430436611574,0.0,-0.09015882000824485
-0.0402,0.24434609527920614,0.0,0.0,-0.523884965556757,0.0,-0.08918852428196886
-0.0412,0.24434609527920614,0.0,0.0,-0.5241268874523567,0.0,-0.08821822855569286
-0.0422,0.24434609527920614,0.0,0.0,-0.5243688093479564,0.0,-0.08724793282941687
-0.0432,0.24434609527920614,0.0,0.0,-0.5246107312435561,0.0,-0.08627763710314088
-0.0442,0.24434609527920614,0.0,0.0,-0.5248526531391557,0.0,-0.08530734137686488
-0.045200000000000004,0.24434609527920614,0.0,0.0,-0.5250945750347554,0.0,-0.08433704565058887
-0.046200000000000005,0.24434609527920614,0.0,0.0,-0.5253364969303551,0.0,-0.08336674992431288
-0.047200000000000006,0.24434609527920614,0.0,0.0,-0.5255784188259547,0.0,-0.08239645419803687
-0.0482,0.24434609527920614,0.0,0.0,-0.5258203407215544,0.0,-0.08142615847176089
-0.0492,0.24434609527920614,0.0,0.0,-0.526062262617154,0.0,-0.08045586274548489
-0.0502,0.24434609527920614,0.0,0.0,-0.5263041845127537,0.0,-0.07948556701920889
-0.0512,0.24434609527920614,0.0,0.0,-0.5265461064083534,0.0,-0.0785152712929329
-0.0522,0.24434609527920614,0.0,0.0,-0.5267880283039531,0.0,-0.0775449755666569
-0.053200000000000004,0.24434609527920614,0.0,0.0,-0.5270299501995527,0.0,-0.07657467984038091
-0.054200000000000005,0.24434609527920614,0.0,0.0,-0.5272718720951524,0.0,-0.07560438411410492
-0.055200000000000006,0.24434609527920614,0.0,0.0,-0.527513793990752,0.0,-0.07463408838782892
-0.060200000000000004,0.24434609527920614,0.0,0.0,-0.5287234034687504,0.0,-0.06978260975644893
-0.06520000000000001,0.24434609527920614,0.0,0.0,-0.5299330129467488,0.0,-0.06493113112506894
-0.0702,0.24434609527920614,0.0,0.0,-0.5311426224247471,0.0,-0.060079652493688976
-0.0752,0.24434609527920614,0.0,0.0,-0.5323522319027454,0.0,-0.05522817386230898
-0.08020000000000001,0.24434609527920614,0.0,0.0,-0.5335618413807438,0.0,-0.050376695230929
-0.0852,0.24434609527920614,0.0,0.0,-0.5347714508587421,0.0,-0.04552521659954903
-0.0902,0.24434609527920614,0.0,0.0,-0.5359810603367404,0.0,-0.04067373796816903
-0.0952,0.24434609527920614,0.0,0.0,-0.5371906698147387,0.0,-0.03582225933678905
-0.1002,0.24434609527920614,0.0,0.0,-0.5384002792927371,0.0,-0.03097078070540908
-0.1052,0.24434609527920614,0.0,0.0,-0.5396098887707355,0.0,-0.026119302074029085
-0.1102,0.24434609527920614,0.0,0.0,-0.5408194982487338,0.0,-0.021267823442649103
-0.1152,0.24434609527920614,0.0,0.0,-0.5420291077267321,0.0,-0.016416344811269135
-0.1202,0.24434609527920614,0.0,0.0,-0.5432387172047305,0.0,-0.011564866179889138
-0.1252,0.24434609527920614,0.0,0.0,-0.5444483266827288,0.0,-0.00671338754850917
-0.13019999999999998,0.24434609527920614,0.0,0.0,-0.5456579361607271,0.0,-0.0018619089171291736
-0.1352,0.24434609527920614,0.0,0.0,-0.5468675456387255,0.0,0.002989569714250795
-0.1402,0.24434609527920614,0.0,0.0,-0.5480771551167238,0.0,0.007841048345630791
-0.1452,0.24434609527920614,0.0,0.0,-0.5492867645947221,0.0,0.012692526977010787
-0.1502,0.24434609527920614,0.0,0.0,-0.5504963740727205,0.0,0.017544005608390756
-0.15519999999999998,0.24434609527920614,0.0,0.0,-0.5517059835507189,0.0,0.022395484239770724
0.0248,0.2617993877991494,0.0,0.0,-0.5054253830320347,0.0,-0.1611031724917946
0.0238,0.2617993877991494,0.0,0.0,-0.5056842020771372,0.0,-0.16013724666550555
0.0228,0.2617993877991494,0.0,0.0,-0.5059430211222397,0.0,-0.15917132083921648
0.0218,0.2617993877991494,0.0,0.0,-0.5062018401673423,0.0,-0.1582053950129274
0.0208,0.2617993877991494,0.0,0.0,-0.5064606592124448,0.0,-0.15723946918663834
0.0198,0.2617993877991494,0.0,0.0,-0.5067194782575473,0.0,-0.15627354336034927
0.0188,0.2617993877991494,0.0,0.0,-0.5069782973026498,0.0,-0.1553076175340602
0.0178,0.2617993877991494,0.0,0.0,-0.5072371163477523,0.0,-0.15434169170777112
0.016800000000000002,0.2617993877991494,0.0,0.0,-0.5074959353928549,0.0,-0.15337576588148205
0.0158,0.2617993877991494,0.0,0.0,-0.5077547544379574,0.0,-0.15240984005519298
0.0148,0.2617993877991494,0.0,0.0,-0.5080135734830599,0.0,-0.1514439142289039
0.013800000000000002,0.2617993877991494,0.0,0.0,-0.5082723925281624,0.0,-0.15047798840261487
0.0128,0.2617993877991494,0.0,0.0,-0.5085312115732649,0.0,-0.1495120625763258
0.011800000000000001,0.2617993877991494,0.0,0.0,-0.5087900306183675,0.0,-0.14854613675003672
0.0108,0.2617993877991494,0.0,0.0,-0.50904884966347,0.0,-0.14758021092374765
0.009800000000000001,0.2617993877991494,0.0,0.0,-0.5093076687085725,0.0,-0.14661428509745858
0.0088,0.2617993877991494,0.0,0.0,-0.509566487753675,0.0,-0.1456483592711695
0.0078000000000000005,0.2617993877991494,0.0,0.0,-0.5098253067987775,0.0,-0.14468243344488044
0.0068000000000000005,0.2617993877991494,0.0,0.0,-0.5100841258438801,0.0,-0.14371650761859137
0.0058000000000000005,0.2617993877991494,0.0,0.0,-0.5103429448889826,0.0,-0.1427505817923023
0.0048000000000000004,0.2617993877991494,0.0,0.0,-0.5106017639340851,0.0,-0.14178465596601325
0.003800000000000001,0.2617993877991494,0.0,0.0,-0.5108605829791876,0.0,-0.14081873013972418
0.002800000000000001,0.2617993877991494,0.0,0.0,-0.5111194020242901,0.0,-0.1398528043134351
0.0018000000000000008,0.2617993877991494,0.0,0.0,-0.5113782210693927,0.0,-0.13888687848714604
0.0008000000000000007,0.2617993877991494,0.0,0.0,-0.5116370401144952,0.0,-0.13792095266085697
-0.00019999999999999928,0.2617993877991494,0.0,0.0,-0.5118958591595977,0.0,-0.1369550268345679
-0.0011999999999999992,0.2617993877991494,0.0,0.0,-0.5121546782047002,0.0,-0.13598910100827882
-0.0021999999999999993,0.2617993877991494,0.0,0.0,-0.5124134972498027,0.0,-0.13502317518198975
-0.0031999999999999993,0.2617993877991494,0.0,0.0,-0.5126723162949053,0.0,-0.13405724935570068
-0.004199999999999999,0.2617993877991494,0.0,0.0,-0.5129311353400078,0.0,-0.13309132352941164
-0.005199999999999999,0.2617993877991494,0.0,0.0,-0.5131899543851103,0.0,-0.13212539770312257
-0.006199999999999999,0.2617993877991494,0.0,0.0,-0.5134487734302128,0.0,-0.1311594718768335
-0.007199999999999999,0.2617993877991494,0.0,0.0,-0.5137075924753153,0.0,-0.13019354605054442
-0.008199999999999999,0.2617993877991494,0.0,0.0,-0.5139664115204179,0.0,-0.12922762022425535
-0.0092,0.2617993877991494,0.0,0.0,-0.5142252305655204,0.0,-0.12826169439796628
-0.010199999999999999,0.2617993877991494,0.0,0.0,-0.5144840496106229,0.0,-0.1272957685716772
-0.0112,0.2617993877991494,0.0,0.0,-0.5147428686557254,0.0,-0.12632984274538814
-0.012199999999999999,0.2617993877991494,0.0,0.0,-0.5150016877008279,0.0,-0.12536391691909907
-0.0132,0.2617993877991494,0.0,0.0,-0.5152605067459305,0.0,-0.12439799109281001
-0.014199999999999999,0.2617993877991494,0.0,0.0,-0.515519325791033,0.0,-0.12343206526652094
-0.0152,0.2617993877991494,0.0,0.0,-0.5157781448361355,0.0,-0.12246613944023188
-0.0162,0.2617993877991494,0.0,0.0,-0.516036963881238,0.0,-0.12150021361394281
-0.0172,0.2617993877991494,0.0,0.0,-0.5162957829263405,0.0,-0.12053428778765374
-0.0182,0.2617993877991494,0.0,0.0,-0.5165546019714431,0.0,-0.11956836196136467
-0.0192,0.2617993877991494,0.0,0.0,-0.5168134210165456,0.0,-0.1186024361350756
-0.0202,0.2617993877991494,0.0,0.0,-0.5170722400616481,0.0,-0.11763651030878652
-0.0212,0.2617993877991494,0.0,0.0,-0.5173310591067506,0.0,-0.11667058448249747
-0.0222,0.2617993877991494,0.0,0.0,-0.5175898781518531,0.0,-0.1157046586562084
-0.0232,0.2617993877991494,0.0,0.0,-0.5178486971969557,0.0,-0.11473873282991932
-0.0242,0.2617993877991494,0.0,0.0,-0.5181075162420582,0.0,-0.11377280700363027
-0.0252,0.2617993877991494,0.0,0.0,-0.5183663352871607,0.0,-0.1128068811773412
-0.026199999999999998,0.2617993877991494,0.0,0.0,-0.5186251543322632,0.0,-0.11184095535105212
-0.0272,0.2617993877991494,0.0,0.0,-0.5188839733773657,0.0,-0.11087502952476305
-0.0282,0.2617993877991494,0.0,0.0,-0.5191427924224683,0.0,-0.10990910369847398
-0.0292,0.2617993877991494,0.0,0.0,-0.5194016114675708,0.0,-0.10894317787218491
-0.030199999999999998,0.2617993877991494,0.0,0.0,-0.5196604305126733,0.0,-0.10797725204589585
-0.0312,0.2617993877991494,0.0,0.0,-0.5199192495577758,0.0,-0.10701132621960678
-0.0322,0.2617993877991494,0.0,0.0,-0.5201780686028783,0.0,-0.10604540039331772
-0.0332,0.2617993877991494,0.0,0.0,-0.5204368876479809,0.0,-0.10507947456702865
-0.0342,0.2617993877991494,0.0,0.0,-0.5206957066930834,0.0,-0.10411354874073958
-0.0352,0.2617993877991494,0.0,0.0,-0.5209545257381859,0.0,-0.10314762291445051
-0.0362,0.2617993877991494,0.0,0.0,-0.5212133447832884,0.0,-0.10218169708816144
-0.037200000000000004,0.2617993877991494,0.0,0.0,-0.5214721638283909,0.0,-0.10121577126187237
-0.038200000000000005,0.2617993877991494,0.0,0.0,-0.5217309828734935,0.0,-0.1002498454355833
-0.039200000000000006,0.2617993877991494,0.0,0.0,-0.521989801918596,0.0,-0.09928391960929422
-0.0402,0.2617993877991494,0.0,0.0,-0.5222486209636985,0.0,-0.09831799378300517
-0.0412,0.2617993877991494,0.0,0.0,-0.522507440008801,0.0,-0.09735206795671611
-0.0422,0.2617993877991494,0.0,0.0,-0.5227662590539035,0.0,-0.09638614213042704
-0.0432,0.2617993877991494,0.0,0.0,-0.5230250780990061,0.0,-0.09542021630413797
-0.0442,0.2617993877991494,0.0,0.0,-0.5232838971441086,0.0,-0.0944542904778489
-0.045200000000000004,0.2617993877991494,0.0,0.0,-0.5235427161892111,0.0,-0.09348836465155982
-0.046200000000000005,0.2617993877991494,0.0,0.0,-0.5238015352343136,0.0,-0.09252243882527075
-0.047200000000000006,0.2617993877991494,0.0,0.0,-0.5240603542794161,0.0,-0.09155651299898168
-0.0482,0.2617993877991494,0.0,0.0,-0.5243191733245187,0.0,-0.09059058717269262
-0.0492,0.2617993877991494,0.0,0.0,-0.5245779923696212,0.0,-0.08962466134640355
-0.0502,0.2617993877991494,0.0,0.0,-0.5248368114147237,0.0,-0.08865873552011448
-0.0512,0.2617993877991494,0.0,0.0,-0.5250956304598262,0.0,-0.08769280969382542
-0.0522,0.2617993877991494,0.0,0.0,-0.5253544495049287,0.0,-0.08672688386753635
-0.053200000000000004,0.2617993877991494,0.0,0.0,-0.5256132685500313,0.0,-0.08576095804124728
-0.054200000000000005,0.2617993877991494,0.0,0.0,-0.5258720875951338,0.0,-0.08479503221495821
-0.055200000000000006,0.2617993877991494,0.0,0.0,-0.5261309066402363,0.0,-0.08382910638866914
-0.060200000000000004,0.2617993877991494,0.0,0.0,-0.5274250018657489,0.0,-0.0789994772572238
-0.06520000000000001,0.2617993877991494,0.0,0.0,-0.5287190970912615,0.0,-0.07416984812577845
-0.0702,0.2617993877991494,0.0,0.0,-0.5300131923167741,0.0,-0.06934021899433312
-0.0752,0.2617993877991494,0.0,0.0,-0.5313072875422867,0.0,-0.06451058986288777
-0.08020000000000001,0.2617993877991494,0.0,0.0,-0.5326013827677993,0.0,-0.059680960731442426
-0.0852,0.2617993877991494,0.0,0.0,-0.5338954779933119,0.0,-0.0548513315999971
-0.0902,0.2617993877991494,0.0,0.0,-0.5351895732188245,0.0,-0.050021702468551754
-0.0952,0.2617993877991494,0.0,0.0,-0.5364836684443371,0.0,-0.0451920733371064
-0.1002,0.2617993877991494,0.0,0.0,-0.5377777636698498,0.0,-0.04036244420566107
-0.1052,0.2617993877991494,0.0,0.0,-0.5390718588953624,0.0,-0.035532815074215726
-0.1102,0.2617993877991494,0.0,0.0,-0.540365954120875,0.0,-0.030703185942770383
-0.1152,0.2617993877991494,0.0,0.0,-0.5416600493463876,0.0,-0.025873556811325055
-0.1202,0.2617993877991494,0.0,0.0,-0.5429541445719002,0.0,-0.021043927679879698
-0.1252,0.2617993877991494,0.0,0.0,-0.5442482397974128,0.0,-0.016214298548434355
-0.13019999999999998,0.2617993877991494,0.0,0.0,-0.5455423350229254,0.0,-0.01138466941698904
-0.1352,0.2617993877991494,0.0,0.0,-0.546836430248438,0.0,-0.006555040285543684
-0.1402,0.2617993877991494,0.0,0.0,-0.5481305254739506,0.0,-0.0017254111540983552
-0.1452,0.2617993877991494,0.0,0.0,-0.5494246206994632,0.0,0.0031042179773470013
-0.1502,0.2617993877991494,0.0,0.0,-0.5507187159249758,0.0,0.007933847108792358
-0.15519999999999998,0.2617993877991494,0.0,0.0,-0.5520128111504884,0.0,0.012763476240237659
0.0248,0.2792526803190927,0.0,0.0,-0.5025367662534534,0.0,-0.16989952490669813
0.0238,0.2792526803190927,0.0,0.0,-0.5028124036092705,0.0,-0.16893826321075983
0.0228,0.2792526803190927,0.0,0.0,-0.5030880409650875,0.0,-0.1679770015148215
0.0218,0.2792526803190927,0.0,0.0,-0.5033636783209045,0.0,-0.16701573981888318
0.0208,0.2792526803190927,0.0,0.0,-0.5036393156767215,0.0,-0.16605447812294485
0.0198,0.2792526803190927,0.0,0.0,-0.5039149530325385,0.0,-0.16509321642700656
0.0188,0.2792526803190927,0.0,0.0,-0.5041905903883555,0.0,-0.16413195473106823
0.0178,0.2792526803190927,0.0,0.0,-0.5044662277441725,0.0,-0.1631706930351299
0.016800000000000002,0.2792526803190927,0.0,0.0,-0.5047418650999895,0.0,-0.16220943133919158
0.0158,0.2792526803190927,0.0,0.0,-0.5050175024558065,0.0,-0.16124816964325328
0.0148,0.2792526803190927,0.0,0.0,-0.5052931398116235,0.0,-0.16028690794731495
0.013800000000000002,0.2792526803190927,0.0,0.0,-0.5055687771674405,0.0,-0.15932564625137663
0.0128,0.2792526803190927,0.0,0.0,-0.5058444145232575,0.0,-0.1583643845554383
0.011800000000000001,0.2792526803190927,0.0,0.0,-0.5061200518790745,0.0,-0.1574031228595
0.0108,0.2792526803190927,0.0,0.0,-0.5063956892348915,0.0,-0.15644186116356168
0.009800000000000001,0.2792526803190927,0.0,0.0,-0.5066713265907085,0.0,-0.15548059946762335
0.0088,0.2792526803190927,0.0,0.0,-0.5069469639465255,0.0,-0.15451933777168503
0.0078000000000000005,0.2792526803190927,0.0,0.0,-0.5072226013023425,0.0,-0.15355807607574673
0.0068000000000000005,0.2792526803190927,0.0,0.0,-0.5074982386581595,0.0,-0.1525968143798084
0.0058000000000000005,0.2792526803190927,0.0,0.0,-0.5077738760139765,0.0,-0.15163555268387008
0.0048000000000000004,0.2792526803190927,0.0,0.0,-0.5080495133697934,0.0,-0.15067429098793175
0.003800000000000001,0.2792526803190927,0.0,0.0,-0.5083251507256105,0.0,-0.14971302929199345
0.002800000000000001,0.2792526803190927,0.0,0.0,-0.5086007880814275,0.0,-0.14875176759605513
0.0018000000000000008,0.2792526803190927,0.0,0.0,-0.5088764254372444,0.0,-0.1477905059001168
0.0008000000000000007,0.2792526803190927,0.0,0.0,-0.5091520627930615,0.0,-0.14682924420417848
-0.00019999999999999928,0.2792526803190927,0.0,0.0,-0.5094277001488785,0.0,-0.14586798250824018
-0.0011999999999999992,0.2792526803190927,0.0,0.0,-0.5097033375046954,0.0,-0.14490672081230185
-0.0021999999999999993,0.2792526803190927,0.0,0.0,-0.5099789748605125,0.0,-0.14394545911636353
-0.0031999999999999993,0.2792526803190927,0.0,0.0,-0.5102546122163295,0.0,-0.1429841974204252
-0.004199999999999999,0.2792526803190927,0.0,0.0,-0.5105302495721464,0.0,-0.1420229357244869
-0.005199999999999999,0.2792526803190927,0.0,0.0,-0.5108058869279635,0.0,-0.14106167402854858
-0.006199999999999999,0.2792526803190927,0.0,0.0,-0.5110815242837805,0.0,-0.14010041233261025
-0.007199999999999999,0.2792526803190927,0.0,0.0,-0.5113571616395974,0.0,-0.13913915063667193
-0.008199999999999999,0.2792526803190927,0.0,0.0,-0.5116327989954145,0.0,-0.13817788894073363
-0.0092,0.2792526803190927,0.0,0.0,-0.5119084363512315,0.0,-0.1372166272447953
-0.010199999999999999,0.2792526803190927,0.0,0.0,-0.5121840737070484,0.0,-0.13625536554885698
-0.0112,0.2792526803190927,0.0,0.0,-0.5124597110628655,0.0,-0.13529410385291865
-0.012199999999999999,0.2792526803190927,0.0,0.0,-0.5127353484186825,0.0,-0.13433284215698035
-0.0132,0.2792526803190927,0.0,0.0,-0.5130109857744994,0.0,-0.13337158046104203
-0.014199999999999999,0.2792526803190927,0.0,0.0,-0.5132866231303165,0.0,-0.1324103187651037
-0.0152,0.2792526803190927,0.0,0.0,-0.5135622604861335,0.0,-0.13144905706916538
-0.0162,0.2792526803190927,0.0,0.0,-0.5138378978419504,0.0,-0.13048779537322708
-0.0172,0.2792526803190927,0.0,0.0,-0.5141135351977675,0.0,-0.12952653367728875
-0.0182,0.2792526803190927,0.0,0.0,-0.5143891725535844,0.0,-0.12856527198135043
-0.0192,0.2792526803190927,0.0,0.0,-0.5146648099094014,0.0,-0.1276040102854121
-0.0202,0.2792526803190927,0.0,0.0,-0.5149404472652185,0.0,-0.12664274858947377
-0.0212,0.2792526803190927,0.0,0.0,-0.5152160846210354,0.0,-0.12568148689353548
-0.0222,0.2792526803190927,0.0,0.0,-0.5154917219768524,0.0,-0.12472022519759715
-0.0232,0.2792526803190927,0.0,0.0,-0.5157673593326695,0.0,-0.12375896350165883
-0.0242,0.2792526803190927,0.0,0.0,-0.5160429966884864,0.0,-0.12279770180572051
-0.0252,0.2792526803190927,0.0,0.0,-0.5163186340443034,0.0,-0.1218364401097822
-0.026199999999999998,0.2792526803190927,0.0,0.0,-0.5165942714001205,0.0,-0.12087517841384388
-0.0272,0.2792526803190927,0.0,0.0,-0.5168699087559374,0.0,-0.11991391671790555
-0.0282,0.2792526803190927,0.0,0.0,-0.5171455461117545,0.0,-0.11895265502196724
-0.0292,0.2792526803190927,0.0,0.0,-0.5174211834675715,0.0,-0.11799139332602893
-0.030199999999999998,0.2792526803190927,0.0,0.0,-0.5176968208233884,0.0,-0.1170301316300906
-0.0312,0.2792526803190927,0.0,0.0,-0.5179724581792055,0.0,-0.11606886993415227
-0.0322,0.2792526803190927,0.0,0.0,-0.5182480955350225,0.0,-0.11510760823821396
-0.0332,0.2792526803190927,0.0,0.0,-0.5185237328908394,0.0,-0.11414634654227565
-0.0342,0.2792526803190927,0.0,0.0,-0.5187993702466565,0.0,-0.11318508484633732
-0.0352,0.2792526803190927,0.0,0.0,-0.5190750076024735,0.0,-0.112223823150399
-0.0362,0.2792526803190927,0.0,0.0,-0.5193506449582904,0.0,-0.11126256145446069
-0.037200000000000004,0.2792526803190927,0.0,0.0,-0.5196262823141075,0.0,-0.11030129975852238
-0.038200000000000005,0.2792526803190927,0.0,0.0,-0.5199019196699245,0.0,-0.10934003806258405
-0.039200000000000006,0.2792526803190927,0.0,0.0,-0.5201775570257414,0.0,-0.10837877636664572
-0.0402,0.2792526803190927,0.0,0.0,-0.5204531943815585,0.0,-0.10741751467070741
-0.0412,0.2792526803190927,0.0,0.0,-0.5207288317373754,0.0,-0.1064562529747691
-0.0422,0.2792526803190927,0.0,0.0,-0.5210044690931924,0.0,-0.10549499127883077
-0.0432,0.2792526803190927,0.0,0.0,-0.5212801064490095,0.0,-0.10453372958289245
-0.0442,0.2792526803190927,0.0,0.0,-0.5215557438048264,0.0,-0.10357246788695414
-0.045200000000000004,0.2792526803190927,0.0,0.0,-0.5218313811606434,0.0,-0.10261120619101582
-0.046200000000000005,0.2792526803190927,0.0,0.0,-0.5221070185164605,0.0,-0.1016499444950775
-0.047200000000000006,0.2792526803190927,0.0,0.0,-0.5223826558722774,0.0,-0.10068868279913917
-0.0482,0.2792526803190927,0.0,0.0,-0.5226582932280944,0.0,-0.09972742110320086
-0.0492,0.2792526803190927,0.0,0.0,-0.5229339305839115,0.0,-0.09876615940726255
-0.0502,0.2792526803190927,0.0,0.0,-0.5232095679397284,0.0,-0.09780489771132422
-0.0512,0.2792526803190927,0.0,0.0,-0.5234852052955454,0.0,-0.0968436360153859
-0.0522,0.2792526803190927,0.0,0.0,-0.5237608426513625,0.0,-0.09588237431944759
-0.053200000000000004,0.2792526803190927,0.0,0.0,-0.5240364800071794,0.0,-0.09492111262350927
-0.054200000000000005,0.2792526803190927,0.0,0.0,-0.5243121173629964,0.0,-0.09395985092757095
-0.055200000000000006,0.2792526803190927,0.0,0.0,-0.5245877547188135,0.0,-0.09299858923163262
-0.060200000000000004,0.2792526803190927,0.0,0.0,-0.5259659414978984,0.0,-0.08819228075194104
-0.06520000000000001,0.2792526803190927,0.0,0.0,-0.5273441282769834,0.0,-0.08338597227224943
-0.0702,0.2792526803190927,0.0,0.0,-0.5287223150560684,0.0,-0.07857966379255785
-0.0752,0.2792526803190927,0.0,0.0,-0.5301005018351534,0.0,-0.07377335531286625
-0.08020000000000001,0.2792526803190927,0.0,0.0,-0.5314786886142384,0.0,-0.06896704683317464
-0.0852,0.2792526803190927,0.0,0.0,-0.5328568753933234,0.0,-0.06416073835348307
-0.0902,0.2792526803190927,0.0,0.0,-0.5342350621724083,0.0,-0.05935442987379147
-0.0952,0.2792526803190927,0.0,0.0,-0.5356132489514934,0.0,-0.05454812139409987
-0.1002,0.2792526803190927,0.0,0.0,-0.5369914357305784,0.0,-0.04974181291440828
-0.1052,0.2792526803190927,0.0,0.0,-0.5383696225096634,0.0,-0.04493550443471668
-0.1102,0.2792526803190927,0.0,0.0,-0.5397478092887484,0.0,-0.04012919595502508
-0.1152,0.2792526803190927,0.0,0.0,-0.5411259960678334,0.0,-0.035322887475333506
-0.1202,0.2792526803190927,0.0,0.0,-0.5425041828469184,0.0,-0.030516578995641905
-0.1252,0.2792526803190927,0.0,0.0,-0.5438823696260033,0.0,-0.025710270515950304
-0.13019999999999998,0.2792526803190927,0.0,0.0,-0.5452605564050883,0.0,-0.020903962036258716
-0.1352,0.2792526803190927,0.0,0.0,-0.5466387431841734,0.0,-0.016097653556567143
-0.1402,0.2792526803190927,0.0,0.0,-0.5480169299632583,0.0,-0.011291345076875542
-0.1452,0.2792526803190927,0.0,0.0,-0.5493951167423433,0.0,-0.006485036597183941
-0.1502,0.2792526803190927,0.0,0.0,-0.5507733035214284,0.0,-0.0016787281174923396
-0.15519999999999998,0.2792526803190927,0.0,0.0,-0.5521514903005134,0.0,0.0031275803621992337
0.0248,0.29670597283903605,0.0,0.0,-0.49949507190768855,0.0,-0.17864412428046147
0.0238,0.29670597283903605,0.0,0.0,-0.4997874436124113,0.0,-0.17768781952449844
0.0228,0.29670597283903605,0.0,0.0,-0.500079815317134,0.0,-0.1767315147685354
0.0218,0.29670597283903605,0.0,0.0,-0.5003721870218567,0.0,-0.17577521001257237
0.0208,0.29670597283903605,0.0,0.0,-0.5006645587265794,0.0,-0.17481890525660934
0.0198,0.29670597283903605,0.0,0.0,-0.5009569304313022,0.0,-0.17386260050064628
0.0188,0.29670597283903605,0.0,0.0,-0.5012493021360249,0.0,-0.17290629574468325
0.0178,0.29670597283903605,0.0,0.0,-0.5015416738407477,0.0,-0.1719499909887202
0.016800000000000002,0.29670597283903605,0.0,0.0,-0.5018340455454704,0.0,-0.17099368623275718
0.0158,0.29670597283903605,0.0,0.0,-0.5021264172501931,0.0,-0.17003738147679415
0.0148,0.29670597283903605,0.0,0.0,-0.5024187889549159,0.0,-0.1690810767208311
0.013800000000000002,0.29670597283903605,0.0,0.0,-0.5027111606596386,0.0,-0.16812477196486808
0.0128,0.29670597283903605,0.0,0.0,-0.5030035323643613,0.0,-0.16716846720890505
0.011800000000000001,0.29670597283903605,0.0,0.0,-0.5032959040690841,0.0,-0.166212162452942
0.0108,0.29670597283903605,0.0,0.0,-0.5035882757738068,0.0,-0.16525585769697898
0.009800000000000001,0.29670597283903605,0.0,0.0,-0.5038806474785296,0.0,-0.16429955294101595
0.0088,0.29670597283903605,0.0,0.0,-0.5041730191832523,0.0,-0.16334324818505291
0.0078000000000000005,0.29670597283903605,0.0,0.0,-0.504465390887975,0.0,-0.16238694342908988
0.0068000000000000005,0.29670597283903605,0.0,0.0,-0.5047577625926978,0.0,-0.16143063867312685
0.0058000000000000005,0.29670597283903605,0.0,0.0,-0.5050501342974205,0.0,-0.1604743339171638
0.0048000000000000004,0.29670597283903605,0.0,0.0,-0.5053425060021433,0.0,-0.15951802916120075
0.003800000000000001,0.29670597283903605,0.0,0.0,-0.505634877706866,0.0,-0.15856172440523772
0.002800000000000001,0.29670597283903605,0.0,0.0,-0.5059272494115887,0.0,-0.1576054196492747
0.0018000000000000008,0.29670597283903605,0.0,0.0,-0.5062196211163115,0.0,-0.15664911489331165
0.0008000000000000007,0.29670597283903605,0.0,0.0,-0.5065119928210342,0.0,-0.15569281013734862
-0.00019999999999999928,0.29670597283903605,0.0,0.0,-0.506804364525757,0.0,-0.1547365053813856
-0.0011999999999999992,0.29670597283903605,0.0,0.0,-0.5070967362304797,0.0,-0.15378020062542255
-0.0021999999999999993,0.29670597283903605,0.0,0.0,-0.5073891079352024,0.0,-0.15282389586945952
-0.0031999999999999993,0.29670597283903605,0.0,0.0,-0.5076814796399252,0.0,-0.1518675911134965
-0.004199999999999999,0.29670597283903605,0.0,0.0,-0.5079738513446479,0.0,-0.15091128635753345
-0.005199999999999999,0.29670597283903605,0.0,0.0,-0.5082662230493706,0.0,-0.14995498160157042
-0.006199999999999999,0.29670597283903605,0.0,0.0,-0.5085585947540934,0.0,-0.1489986768456074
-0.007199999999999999,0.29670597283903605,0.0,0.0,-0.5088509664588161,0.0,-0.14804237208964433
-0.008199999999999999,0.29670597283903605,0.0,0.0,-0.5091433381635388,0.0,-0.1470860673336813
-0.0092,0.29670597283903605,0.0,0.0,-0.5094357098682616,0.0,-0.14612976257771826
-0.010199999999999999,0.29670597283903605,0.0,0.0,-0.5097280815729843,0.0,-0.14517345782175523
-0.0112,0.29670597283903605,0.0,0.0,-0.5100204532777071,0.0,-0.1442171530657922
-0.012199999999999999,0.29670597283903605,0.0,0.0,-0.5103128249824298,0.0,-0.14326084830982916
-0.0132,0.29670597283903605,0.0,0.0,-0.5106051966871525,0.0,-0.14230454355386613
-0.014199999999999999,0.29670597283903605,0.0,0.0,-0.5108975683918753,0.0,-0.1413482387979031
-0.0152,0.29670597283903605,0.0,0.0,-0.511189940096598,0.0,-0.14039193404194006
-0.0162,0.29670597283903605,0.0,0.0,-0.5114823118013208,0.0,-0.13943562928597703
-0.0172,0.29670597283903605,0.0,0.0,-0.5117746835060435,0.0,-0.138479324530014
-0.0182,0.29670597283903605,0.0,0.0,-0.5120670552107662,0.0,-0.13752301977405096
-0.0192,0.29670597283903605,0.0,0.0,-0.512359426915489,0.0,-0.13656671501808793
-0.0202,0.29670597283903605,0.0,0.0,-0.5126517986202117,0.0,-0.1356104102621249
-0.0212,0.29670597283903605,0.0,0.0,-0.5129441703249344,0.0,-0.13465410550616183
-0.0222,0.29670597283903605,0.0,0.0,-0.5132365420296572,0.0,-0.1336978007501988
-0.0232,0.29670597283903605,0.0,0.0,-0.5135289137343799,0.0,-0.13274149599423576
-0.0242,0.29670597283903605,0.0,0.0,-0.5138212854391027,0.0,-0.13178519123827273
-0.0252,0.29670597283903605,0.0,0.0,-0.5141136571438254,0.0,-0.1308288864823097
-0.026199999999999998,0.29670597283903605,0.0,0.0,-0.5144060288485481,0.0,-0.12987258172634666
-0.0272,0.29670597283903605,0.0,0.0,-0.5146984005532709,0.0,-0.12891627697038363
-0.0282,0.29670597283903605,0.0,0.0,-0.5149907722579936,0.0,-0.1279599722144206
-0.0292,0.29670597283903605,0.0,0.0,-0.5152831439627164,0.0,-0.12700366745845756
-0.030199999999999998,0.29670597283903605,0.0,0.0,-0.5155755156674391,0.0,-0.12604736270249453
-0.0312,0.29670597283903605,0.0,0.0,-0.5158678873721618,0.0,-0.1250910579465315
-0.0322,0.29670597283903605,0.0,0.0,-0.5161602590768846,0.0,-0.12413475319056845
-0.0332,0.29670597283903605,0.0,0.0,-0.5164526307816073,0.0,-0.12317844843460542
-0.0342,0.29670597283903605,0.0,0.0,-0.51674500248633,0.0,-0.12222214367864238
-0.0352,0.29670597283903605,0.0,0.0,-0.5170373741910528,0.0,-0.12126583892267934
-0.0362,0.29670597283903605,0.0,0.0,-0.5173297458957755,0.0,-0.1203095341667163
-0.037200000000000004,0.29670597283903605,0.0,0.0,-0.5176221176004983,0.0,-0.11935322941075327
-0.038200000000000005,0.29670597283903605,0.0,0.0,-0.517914489305221,0.0,-0.11839692465479024
-0.039200000000000006,0.29670597283903605,0.0,0.0,-0.5182068610099437,0.0,-0.1174406198988272
-0.0402,0.29670597283903605,0.0,0.0,-0.5184992327146665,0.0,-0.11648431514286417
-0.0412,0.29670597283903605,0.0,0.0,-0.5187916044193892,0.0,-0.11552801038690114
-0.0422,0.29670597283903605,0.0,0.0,-0.519083976124112,0.0,-0.1145717056309381
-0.0432,0.29670597283903605,0.0,0.0,-0.5193763478288347,0.0,-0.11361540087497507
-0.0442,0.29670597283903605,0.0,0.0,-0.5196687195335574,0.0,-0.11265909611901202
-0.045200000000000004,0.29670597283903605,0.0,0.0,-0.5199610912382802,0.0,-0.11170279136304899
-0.046200000000000005,0.29670597283903605,0.0,0.0,-0.5202534629430029,0.0,-0.11074648660708596
-0.047200000000000006,0.29670597283903605,0.0,0.0,-0.5205458346477256,0.0,-0.10979018185112291
-0.0482,0.29670597283903605,0.0,0.0,-0.5208382063524484,0.0,-0.10883387709515989
-0.0492,0.29670597283903605,0.0,0.0,-0.5211305780571711,0.0,-0.10787757233919684
-0.0502,0.29670597283903605,0.0,0.0,-0.5214229497618939,0.0,-0.10692126758323381
-0.0512,0.29670597283903605,0.0,0.0,-0.5217153214666166,0.0,-0.10596496282727078
-0.0522,0.29670597283903605,0.0,0.0,-0.5220076931713393,0.0,-0.10500865807130774
-0.053200000000000004,0.29670597283903605,0.0,0.0,-0.5223000648760621,0.0,-0.10405235331534471
-0.054200000000000005,0.29670597283903605,0.0,0.0,-0.5225924365807848,0.0,-0.10309604855938168
-0.055200000000000006,0.29670597283903605,0.0,0.0,-0.5228848082855075,0.0,-0.10213974380341864
-0.060200000000000004,0.29670597283903605,0.0,0.0,-0.5243466668091211,0.0,-0.09735822002360346
-0.06520000000000001,0.29670597283903605,0.0,0.0,-0.5258085253327348,0.0,-0.09257669624378828
-0.0702,0.29670597283903605,0.0,0.0,-0.5272703838563485,0.0,-0.08779517246397311
-0.0752,0.29670597283903605,0.0,0.0,-0.5287322423799622,0.0,-0.08301364868415793
-0.08020000000000001,0.29670597283903605,0.0,0.0,-0.5301941009035759,0.0,-0.07823212490434274
-0.0852,0.29670597283903605,0.0,0.0,-0.5316559594271896,0.0,-0.07345060112452757
-0.0902,0.29670597283903605,0.0,0.0,-0.5331178179508033,0.0,-0.06866907734471239
-0.0952,0.29670597283903605,0.0,0.0,-0.534579676474417,0.0,-0.06388755356489721
-0.1002,0.29670597283903605,0.0,0.0,-0.5360415349980306,0.0,-0.059106029785082045
-0.1052,0.29670597283903605,0.0,0.0,-0.5375033935216443,0.0,-0.054324506005266865
-0.1102,0.29670597283903605,0.0,0.0,-0.538965252045258,0.0,-0.049542982225451684
-0.1152,0.29670597283903605,0.0,0.0,-0.5404271105688717,0.0,-0.04476145844563652
-0.1202,0.29670597283903605,0.0,0.0,-0.5418889690924854,0.0,-0.03997993466582134
-0.1252,0.29670597283903605,0.0,0.0,-0.5433508276160991,0.0,-0.03519841088600617
-0.13019999999999998,0.29670597283903605,0.0,0.0,-0.5448126861397128,0.0,-0.03041688710619099
-0.1352,0.29670597283903605,0.0,0.0,-0.5462745446633265,0.0,-0.02563536332637581
-0.1402,0.29670597283903605,0.0,0.0,-0.5477364031869401,0.0,-0.020853839546560615
-0.1452,0.29670597283903605,0.0,0.0,-0.5491982617105537,0.0,-0.01607231576674545
-0.1502,0.29670597283903605,0.0,0.0,-0.5506601202341674,0.0,-0.011290791986930254
-0.15519999999999998,0.29670597283903605,0.0,0.0,-0.5521219787577811,0.0,-0.006509268207115115
0.0248,0.3141592653589793,0.0,0.0,-0.4963012265243031,0.0,-0.18733430692340441
0.0238,0.3141592653589793,0.0,0.0,-0.49661024351867805,0.0,-0.18638325040710926
0.0228,0.3141592653589793,0.0,0.0,-0.49691926051305296,0.0,-0.1854321938908141
0.0218,0.3141592653589793,0.0,0.0,-0.49722827750742793,0.0,-0.18448113737451896
0.0208,0.3141592653589793,0.0,0.0,-0.4975372945018029,0.0,-0.1835300808582238
0.0198,0.3141592653589793,0.0,0.0,-0.4978463114961778,0.0,-0.18257902434192866
0.0188,0.3141592653589793,0.0,0.0,-0.4981553284905528,0.0,-0.1816279678256335
0.0178,0.3141592653589793,0.0,0.0,-0.49846434548492774,0.0,-0.18067691130933836
0.016800000000000002,0.3141592653589793,0.0,0.0,-0.49877336247930265,0.0,-0.1797258547930432
0.0158,0.3141592653589793,0.0,0.0,-0.4990823794736776,0.0,-0.17877479827674805
0.0148,0.3141592653589793,0.0,0.0,-0.4993913964680526,0.0,-0.17782374176045287
0.013800000000000002,0.3141592653589793,0.0,0.0,-0.4997004134624275,0.0,-0.17687268524415772
0.0128,0.3141592653589793,0.0,0.0,-0.5000094304568025,0.0,-0.17592162872786257
0.011800000000000001,0.3141592653589793,0.0,0.0,-0.5003184474511774,0.0,-0.17497057221156742
0.0108,0.3141592653589793,0.0,0.0,-0.5006274644455524,0.0,-0.17401951569527227
0.009800000000000001,0.3141592653589793,0.0,0.0,-0.5009364814399273,0.0,-0.17306845917897712
0.0088,0.3141592653589793,0.0,0.0,-0.5012454984343022,0.0,-0.17211740266268197
0.0078000000000000005,0.3141592653589793,0.0,0.0,-0.5015545154286772,0.0,-0.17116634614638682
0.0068000000000000005,0.3141592653589793,0.0,0.0,-0.5018635324230521,0.0,-0.17021528963009167
0.0058000000000000005,0.3141592653589793,0.0,0.0,-0.5021725494174271,0.0,-0.16926423311379651
0.0048000000000000004,0.3141592653589793,0.0,0.0,-0.5024815664118021,0.0,-0.16831317659750136
0.003800000000000001,0.3141592653589793,0.0,0.0,-0.502790583406177,0.0,-0.1673621200812062
0.002800000000000001,0.3141592653589793,0.0,0.0,-0.5030996004005519,0.0,-0.16641106356491103
0.0018000000000000008,0.3141592653589793,0.0,0.0,-0.5034086173949269,0.0,-0.16546000704861588
0.0008000000000000007,0.3141592653589793,0.0,0.0,-0.5037176343893018,0.0,-0.16450895053232073
-0.00019999999999999928,0.3141592653589793,0.0,0.0,-0.5040266513836767,0.0,-0.16355789401602558
-0.0011999999999999992,0.3141592653589793,0.0,0.0,-0.5043356683780518,0.0,-0.16260683749973043
-0.0021999999999999993,0.3141592653589793,0.0,0.0,-0.5046446853724267,0.0,-0.16165578098343528
-0.0031999999999999993,0.3141592653589793,0.0,0.0,-0.5049537023668016,0.0,-0.16070472446714013
-0.004199999999999999,0.3141592653589793,0.0,0.0,-0.5052627193611766,0.0,-0.15975366795084497
-0.005199999999999999,0.3141592653589793,0.0,0.0,-0.5055717363555515,0.0,-0.15880261143454982
-0.006199999999999999,0.3141592653589793,0.0,0.0,-0.5058807533499264,0.0,-0.15785155491825467
-0.007199999999999999,0.3141592653589793,0.0,0.0,-0.5061897703443015,0.0,-0.15690049840195952
-0.008199999999999999,0.3141592653589793,0.0,0.0,-0.5064987873386764,0.0,-0.15594944188566434
-0.0092,0.3141592653589793,0.0,0.0,-0.5068078043330513,0.0,-0.1549983853693692
-0.010199999999999999,0.3141592653589793,0.0,0.0,-0.5071168213274263,0.0,-0.15404732885307404
-0.0112,0.3141592653589793,0.0,0.0,-0.5074258383218012,0.0,-0.1530962723367789
-0.012199999999999999,0.3141592653589793,0.0,0.0,-0.5077348553161761,0.0,-0.15214521582048374
-0.0132,0.3141592653589793,0.0,0.0,-0.508043872310551,0.0,-0.15119415930418859
-0.014199999999999999,0.3141592653589793,0.0,0.0,-0.5083528893049261,0.0,-0.15024310278789343
-0.0152,0.3141592653589793,0.0,0.0,-0.508661906299301,0.0,-0.14929204627159828
-0.0162,0.3141592653589793,0.0,0.0,-0.5089709232936759,0.0,-0.14834098975530313
-0.0172,0.3141592653589793,0.0,0.0,-0.5092799402880509,0.0,-0.14738993323900798
-0.0182,0.3141592653589793,0.0,0.0,-0.5095889572824258,0.0,-0.14643887672271283
-0.0192,0.3141592653589793,0.0,0.0,-0.5098979742768007,0.0,-0.14548782020641768
-0.0202,0.3141592653589793,0.0,0.0,-0.5102069912711757,0.0,-0.14453676369012253
-0.0212,0.3141592653589793,0.0,0.0,-0.5105160082655507,0.0,-0.14358570717382735
-0.0222,0.3141592653589793,0.0,0.0,-0.5108250252599256,0.0,-0.1426346506575322
-0.0232,0.3141592653589793,0.0,0.0,-0.5111340422543006,0.0,-0.14168359414123705
-0.0242,0.3141592653589793,0.0,0.0,-0.5114430592486755,0.0,-0.1407325376249419
-0.0252,0.3141592653589793,0.0,0.0,-0.5117520762430504,0.0,-0.13978148110864674
-0.026199999999999998,0.3141592653589793,0.0,0.0,-0.5120610932374254,0.0,-0.1388304245923516
-0.0272,0.3141592653589793,0.0,0.0,-0.5123701102318003,0.0,-0.13787936807605644
-0.0282,0.3141592653589793,0.0,0.0,-0.5126791272261753,0.0,-0.1369283115597613
-0.0292,0.3141592653589793,0.0,0.0,-0.5129881442205503,0.0,-0.13597725504346614
-0.030199999999999998,0.3141592653589793,0.0,0.0,-0.5132971612149252,0.0,-0.135026198527171
-0.0312,0.3141592653589793,0.0,0.0,-0.5136061782093001,0.0,-0.13407514201087584
-0.0322,0.3141592653589793,0.0,0.0,-0.5139151952036751,0.0,-0.13312408549458069
-0.0332,0.3141592653589793,0.0,0.0,-0.51422421219805,0.0,-0.13217302897828553
-0.0342,0.3141592653589793,0.0,0.0,-0.514533229192425,0.0,-0.13122197246199035
-0.0352,0.3141592653589793,0.0,0.0,-0.5148422461868,0.0,-0.1302709159456952
-0.0362,0.3141592653589793,0.0,0.0,-0.5151512631811749,0.0,-0.12931985942940005
-0.037200000000000004,0.3141592653589793,0.0,0.0,-0.5154602801755498,0.0,-0.1283688029131049
-0.038200000000000005,0.3141592653589793,0.0,0.0,-0.5157692971699248,0.0,-0.12741774639680975
-0.039200000000000006,0.3141592653589793,0.0,0.0,-0.5160783141642997,0.0,-0.1264666898805146
-0.0402,0.3141592653589793,0.0,0.0,-0.5163873311586746,0.0,-0.12551563336421945
-0.0412,0.3141592653589793,0.0,0.0,-0.5166963481530497,0.0,-0.1245645768479243
-0.0422,0.3141592653589793,0.0,0.0,-0.5170053651474246,0.0,-0.12361352033162915
-0.0432,0.3141592653589793,0.0,0.0,-0.5173143821417995,0.0,-0.12266246381533398
-0.0442,0.3141592653589793,0.0,0.0,-0.5176233991361745,0.0,-0.12171140729903883
-0.045200000000000004,0.3141592653589793,0.0,0.0,-0.5179324161305494,0.0,-0.12076035078274366
-0.046200000000000005,0.3141592653589793,0.0,0.0,-0.5182414331249243,0.0,-0.11980929426644851
-0.047200000000000006,0.3141592653589793,0.0,0.0,-0.5185504501192993,0.0,-0.11885823775015336
-0.0482,0.3141592653589793,0.0,0.0,-0.5188594671136743,0.0,-0.11790718123385821
-0.0492,0.3141592653589793,0.0,0.0,-0.5191684841080492,0.0,-0.11695612471756306
-0.0502,0.3141592653589793,0.0,0.0,-0.5194775011024242,0.0,-0.11600506820126791
-0.0512,0.3141592653589793,0.0,0.0,-0.5197865180967991,0.0,-0.11505401168497276
-0.0522,0.3141592653589793,0.0,0.0,-0.520095535091174,0.0,-0.1141029551686776
-0.053200000000000004,0.3141592653589793,0.0,0.0,-0.520404552085549,0.0,-0.11315189865238245
-0.054200000000000005,0.3141592653589793,0.0,0.0,-0.5207135690799239,0.0,-0.11220084213608729
-0.055200000000000006,0.3141592653589793,0.0,0.0,-0.5210225860742989,0.0,-0.11124978561979215
-0.060200000000000004,0.3141592653589793,0.0,0.0,-0.5225676710461736,0.0,-0.10649450303831637
-0.06520000000000001,0.3141592653589793,0.0,0.0,-0.5241127560180484,0.0,-0.1017392204568406
-0.0702,0.3141592653589793,0.0,0.0,-0.5256578409899231,0.0,-0.09698393787536484
-0.0752,0.3141592653589793,0.0,0.0,-0.5272029259617979,0.0,-0.09222865529388907
-0.08020000000000001,0.3141592653589793,0.0,0.0,-0.5287480109336725,0.0,-0.0874733727124133
-0.0852,0.3141592653589793,0.0,0.0,-0.5302930959055473,0.0,-0.08271809013093753
-0.0902,0.3141592653589793,0.0,0.0,-0.5318381808774221,0.0,-0.07796280754946176
-0.0952,0.3141592653589793,0.0,0.0,-0.5333832658492967,0.0,-0.07320752496798599
-0.1002,0.3141592653589793,0.0,0.0,-0.5349283508211715,0.0,-0.06845224238651024
-0.1052,0.3141592653589793,0.0,0.0,-0.5364734357930463,0.0,-0.06369695980503447
-0.1102,0.3141592653589793,0.0,0.0,-0.538018520764921,0.0,-0.0589416772235587
-0.1152,0.3141592653589793,0.0,0.0,-0.5395636057367957,0.0,-0.05418639464208293
-0.1202,0.3141592653589793,0.0,0.0,-0.5411086907086704,0.0,-0.04943111206060716
-0.1252,0.3141592653589793,0.0,0.0,-0.5426537756805452,0.0,-0.0446758294791314
-0.13019999999999998,0.3141592653589793,0.0,0.0,-0.54419886065242,0.0,-0.03992054689765563
-0.1352,0.3141592653589793,0.0,0.0,-0.5457439456242946,0.0,-0.03516526431617986
-0.1402,0.3141592653589793,0.0,0.0,-0.5472890305961694,0.0,-0.030409981734704078
-0.1452,0.3141592653589793,0.0,0.0,-0.5488341155680442,0.0,-0.025654699153228322
-0.1502,0.3141592653589793,0.0,0.0,-0.5503792005399188,0.0,-0.020899416571752538
-0.15519999999999998,0.3141592653589793,0.0,0.0,-0.5519242855117936,0.0,-0.01614413399027681
0.0248,0.33161255787892263,0.0,0.0,-0.49295620297954046,0.0,-0.1959674257217104
0.0238,0.33161255787892263,0.0,0.0,-0.4932817711339976,0.0,-0.19502190714611106
0.0228,0.33161255787892263,0.0,0.0,-0.4936073392884548,0.0,-0.19407638857051174
0.0218,0.33161255787892263,0.0,0.0,-0.49393290744291196,0.0,-0.19313086999491244
0.0208,0.33161255787892263,0.0,0.0,-0.49425847559736913,0.0,-0.19218535141931312
0.0198,0.33161255787892263,0.0,0.0,-0.49458404375182624,0.0,-0.1912398328437138
0.0188,0.33161255787892263,0.0,0.0,-0.4949096119062834,0.0,-0.1902943142681145
0.0178,0.33161255787892263,0.0,0.0,-0.4952351800607406,0.0,-0.18934879569251517
0.016800000000000002,0.33161255787892263,0.0,0.0,-0.49556074821519774,0.0,-0.18840327711691585
0.0158,0.33161255787892263,0.0,0.0,-0.4958863163696549,0.0,-0.18745775854131652
0.0148,0.33161255787892263,0.0,0.0,-0.496211884524112,0.0,-0.18651223996571722
0.013800000000000002,0.33161255787892263,0.0,0.0,-0.4965374526785692,0.0,-0.1855667213901179
0.0128,0.33161255787892263,0.0,0.0,-0.49686302083302636,0.0,-0.18462120281451858
0.011800000000000001,0.33161255787892263,0.0,0.0,-0.4971885889874835,0.0,-0.18367568423891928
0.0108,0.33161255787892263,0.0,0.0,-0.4975141571419407,0.0,-0.18273016566331995
0.009800000000000001,0.33161255787892263,0.0,0.0,-0.4978397252963978,0.0,-0.18178464708772063
0.0088,0.33161255787892263,0.0,0.0,-0.498165293450855,0.0,-0.1808391285121213
0.0078000000000000005,0.33161255787892263,0.0,0.0,-0.49849086160531214,0.0,-0.179893609936522
0.0068000000000000005,0.33161255787892263,0.0,0.0,-0.4988164297597693,0.0,-0.17894809136092268
0.0058000000000000005,0.33161255787892263,0.0,0.0,-0.4991419979142265,0.0,-0.17800257278532336
0.0048000000000000004,0.33161255787892263,0.0,0.0,-0.4994675660686836,0.0,-0.17705705420972404
0.003800000000000001,0.33161255787892263,0.0,0.0,-0.49979313422314076,0.0,-0.17611153563412474
0.002800000000000001,0.33161255787892263,0.0,0.0,-0.5001187023775979,0.0,-0.17516601705852541
0.0018000000000000008,0.33161255787892263,0.0,0.0,-0.5004442705320551,0.0,-0.1742204984829261
0.0008000000000000007,0.33161255787892263,0.0,0.0,-0.5007698386865123,0.0,-0.1732749799073268
-0.00019999999999999928,0.33161255787892263,0.0,0.0,-0.5010954068409694,0.0,-0.17232946133172747
-0.0011999999999999992,0.33161255787892263,0.0,0.0,-0.5014209749954266,0.0,-0.17138394275612814
-0.0021999999999999993,0.33161255787892263,0.0,0.0,-0.5017465431498838,0.0,-0.17043842418052882
-0.0031999999999999993,0.33161255787892263,0.0,0.0,-0.5020721113043408,0.0,-0.16949290560492952
-0.004199999999999999,0.33161255787892263,0.0,0.0,-0.502397679458798,0.0,-0.1685473870293302
-0.005199999999999999,0.33161255787892263,0.0,0.0,-0.5027232476132552,0.0,-0.16760186845373087
-0.006199999999999999,0.33161255787892263,0.0,0.0,-0.5030488157677123,0.0,-0.16665634987813155
-0.007199999999999999,0.33161255787892263,0.0,0.0,-0.5033743839221695,0.0,-0.16571083130253225
-0.008199999999999999,0.33161255787892263,0.0,0.0,-0.5036999520766267,0.0,-0.16476531272693293
-0.0092,0.33161255787892263,0.0,0.0,-0.5040255202310838,0.0,-0.1638197941513336
-0.010199999999999999,0.33161255787892263,0.0,0.0,-0.504351088385541,0.0,-0.1628742755757343
-0.0112,0.33161255787892263,0.0,0.0,-0.5046766565399982,0.0,-0.16192875700013498
-0.012199999999999999,0.33161255787892263,0.0,0.0,-0.5050022246944553,0.0,-0.16098323842453566
-0.0132,0.33161255787892263,0.0,0.0,-0.5053277928489124,0.0,-0.16003771984893633
-0.014199999999999999,0.33161255787892263,0.0,0.0,-0.5056533610033696,0.0,-0.15909220127333704
-0.0152,0.33161255787892263,0.0,0.0,-0.5059789291578267,0.0,-0.1581466826977377
-0.0162,0.33161255787892263,0.0,0.0,-0.5063044973122839,0.0,-0.1572011641221384
-0.0172,0.33161255787892263,0.0,0.0,-0.506630065466741,0.0,-0.1562556455465391
-0.0182,0.33161255787892263,0.0,0.0,-0.5069556336211982,0.0,-0.15531012697093977
-0.0192,0.33161255787892263,0.0,0.0,-0.5072812017756554,0.0,-0.15436460839534044
-0.0202,0.33161255787892263,0.0,0.0,-0.5076067699301126,0.0,-0.15341908981974112
-0.0212,0.33161255787892263,0.0,0.0,-0.5079323380845697,0.0,-0.15247357124414182
-0.0222,0.33161255787892263,0.0,0.0,-0.5082579062390269,0.0,-0.1515280526685425
-0.0232,0.33161255787892263,0.0,0.0,-0.508583474393484,0.0,-0.15058253409294317
-0.0242,0.33161255787892263,0.0,0.0,-0.5089090425479411,0.0,-0.14963701551734387
-0.0252,0.33161255787892263,0.0,0.0,-0.5092346107023983,0.0,-0.14869149694174455
-0.026199999999999998,0.33161255787892263,0.0,0.0,-0.5095601788568555,0.0,-0.14774597836614523
-0.0272,0.33161255787892263,0.0,0.0,-0.5098857470113126,0.0,-0.1468004597905459
-0.0282,0.33161255787892263,0.0,0.0,-0.5102113151657698,0.0,-0.14585494121494658
-0.0292,0.33161255787892263,0.0,0.0,-0.510536883320227,0.0,-0.14490942263934728
-0.030199999999999998,0.33161255787892263,0.0,0.0,-0.5108624514746841,0.0,-0.14396390406374796
-0.0312,0.33161255787892263,0.0,0.0,-0.5111880196291413,0.0,-0.14301838548814863
-0.0322,0.33161255787892263,0.0,0.0,-0.5115135877835985,0.0,-0.14207286691254933
-0.0332,0.33161255787892263,0.0,0.0,-0.5118391559380555,0.0,-0.14112734833695
-0.0342,0.33161255787892263,0.0,0.0,-0.5121647240925127,0.0,-0.14018182976135068
-0.0352,0.33161255787892263,0.0,0.0,-0.5124902922469698,0.0,-0.13923631118575136
-0.0362,0.33161255787892263,0.0,0.0,-0.512815860401427,0.0,-0.13829079261015206
-0.037200000000000004,0.33161255787892263,0.0,0.0,-0.5131414285558842,0.0,-0.13734527403455274
-0.038200000000000005,0.33161255787892263,0.0,0.0,-0.5134669967103414,0.0,-0.13639975545895341
-0.039200000000000006,0.33161255787892263,0.0,0.0,-0.5137925648647985,0.0,-0.13545423688335412
-0.0402,0.33161255787892263,0.0,0.0,-0.5141181330192557,0.0,-0.1345087183077548
-0.0412,0.33161255787892263,0.0,0.0,-0.5144437011737129,0.0,-0.13356319973215547
-0.0422,0.33161255787892263,0.0,0.0,-0.51476926932817,0.0,-0.13261768115655614
-0.0432,0.33161255787892263,0.0,0.0,-0.5150948374826272,0.0,-0.13167216258095685
-0.0442,0.33161255787892263,0.0,0.0,-0.5154204056370842,0.0,-0.13072664400535752
-0.045200000000000004,0.33161255787892263,0.0,0.0,-0.5157459737915414,0.0,-0.1297811254297582
-0.046200000000000005,0.33161255787892263,0.0,0.0,-0.5160715419459986,0.0,-0.1288356068541589
-0.047200000000000006,0.33161255787892263,0.0,0.0,-0.5163971101004557,0.0,-0.12789008827855958
-0.0482,0.33161255787892263,0.0,0.0,-0.5167226782549129,0.0,-0.12694456970296025
-0.0492,0.33161255787892263,0.0,0.0,-0.5170482464093701,0.0,-0.12599905112736093
-0.0502,0.33161255787892263,0.0,0.0,-0.5173738145638273,0.0,-0.12505353255176163
-0.0512,0.33161255787892263,0.0,0.0,-0.5176993827182844,0.0,-0.1241080139761623
-0.0522,0.33161255787892263,0.0,0.0,-0.5180249508727416,0.0,-0.12316249540056298
-0.053200000000000004,0.33161255787892263,0.0,0.0,-0.5183505190271988,0.0,-0.12221697682496367
-0.054200000000000005,0.33161255787892263,0.0,0.0,-0.5186760871816558,0.0,-0.12127145824936436
-0.055200000000000006,0.33161255787892263,0.0,0.0,-0.519001655336113,0.0,-0.12032593967376504
-0.060200000000000004,0.33161255787892263,0.0,0.0,-0.5206294961083988,0.0,-0.11559834679576844
-0.06520000000000001,0.33161255787892263,0.0,0.0,-0.5222573368806845,0.0,-0.11087075391777186
-0.0702,0.33161255787892263,0.0,0.0,-0.5238851776529704,0.0,-0.1061431610397753
-0.0752,0.33161255787892263,0.0,0.0,-0.5255130184252561,0.0,-0.1014155681617787
-0.08020000000000001,0.33161255787892263,0.0,0.0,-0.5271408591975419,0.0,-0.09668797528378212
-0.0852,0.33161255787892263,0.0,0.0,-0.5287686999698277,0.0,-0.09196038240578554
-0.0902,0.33161255787892263,0.0,0.0,-0.5303965407421135,0.0,-0.08723278952778894
-0.0952,0.33161255787892263,0.0,0.0,-0.5320243815143992,0.0,-0.08250519664979236
-0.1002,0.33161255787892263,0.0,0.0,-0.5336522222866851,0.0,-0.07777760377179578
-0.1052,0.33161255787892263,0.0,0.0,-0.5352800630589708,0.0,-0.0730500108937992
-0.1102,0.33161255787892263,0.0,0.0,-0.5369079038312566,0.0,-0.0683224180158026
-0.1152,0.33161255787892263,0.0,0.0,-0.5385357446035424,0.0,-0.06359482513780604
-0.1202,0.33161255787892263,0.0,0.0,-0.5401635853758282,0.0,-0.05886723225980944
-0.1252,0.33161255787892263,0.0,0.0,-0.5417914261481139,0.0,-0.05413963938181286
-0.13019999999999998,0.33161255787892263,0.0,0.0,-0.5434192669203998,0.0,-0.04941204650381628
-0.1352,0.33161255787892263,0.0,0.0,-0.5450471076926855,0.0,-0.04468445362581969
-0.1402,0.33161255787892263,0.0,0.0,-0.5466749484649713,0.0,-0.03995686074782309
-0.1452,0.33161255787892263,0.0,0.0,-0.5483027892372572,0.0,-0.035229267869826525
-0.1502,0.33161255787892263,0.0,0.0,-0.5499306300095429,0.0,-0.03050167499182993
-0.15519999999999998,0.33161255787892263,0.0,0.0,-0.5515584707818286,0.0,-0.025774082113833363
0.0248,0.3490658503988659,0.0,0.0,-0.4894610201999762,0.0,-0.20454085094376237
0.0238,0.3490658503988659,0.0,0.0,-0.4898030403433019,0.0,-0.20360115832297646
0.0228,0.3490658503988659,0.0,0.0,-0.4901450604866276,0.0,-0.20266146570219057
0.0218,0.3490658503988659,0.0,0.0,-0.4904870806299532,0.0,-0.20172177308140465
0.0208,0.3490658503988659,0.0,0.0,-0.4908291007732789,0.0,-0.20078208046061874
0.0198,0.3490658503988659,0.0,0.0,-0.4911711209166046,0.0,-0.19984238783983282
0.0188,0.3490658503988659,0.0,0.0,-0.49151314105993027,0.0,-0.1989026952190469
0.0178,0.3490658503988659,0.0,0.0,-0.4918551612032559,0.0,-0.197963002598261
0.016800000000000002,0.3490658503988659,0.0,0.0,-0.4921971813465816,0.0,-0.1970233099774751
0.0158,0.3490658503988659,0.0,0.0,-0.49253920148990726,0.0,-0.1960836173566892
0.0148,0.3490658503988659,0.0,0.0,-0.49288122163323295,0.0,-0.19514392473590328
0.013800000000000002,0.3490658503988659,0.0,0.0,-0.4932232417765586,0.0,-0.1942042321151174
0.0128,0.3490658503988659,0.0,0.0,-0.49356526191988426,0.0,-0.19326453949433148
0.011800000000000001,0.3490658503988659,0.0,0.0,-0.49390728206320994,0.0,-0.19232484687354556
0.0108,0.3490658503988659,0.0,0.0,-0.4942493022065356,0.0,-0.19138515425275965
0.009800000000000001,0.3490658503988659,0.0,0.0,-0.49459132234986125,0.0,-0.19044546163197373
0.0088,0.3490658503988659,0.0,0.0,-0.49493334249318693,0.0,-0.18950576901118785
0.0078000000000000005,0.3490658503988659,0.0,0.0,-0.4952753626365126,0.0,-0.18856607639040193
0.0068000000000000005,0.3490658503988659,0.0,0.0,-0.49561738277983824,0.0,-0.18762638376961602
0.0058000000000000005,0.3490658503988659,0.0,0.0,-0.49595940292316393,0.0,-0.1866866911488301
0.0048000000000000004,0.3490658503988659,0.0,0.0,-0.4963014230664896,0.0,-0.18574699852804422
0.003800000000000001,0.3490658503988659,0.0,0.0,-0.4966434432098153,0.0,-0.1848073059072583
0.002800000000000001,0.3490658503988659,0.0,0.0,-0.4969854633531409,0.0,-0.1838676132864724
0.0018000000000000008,0.3490658503988659,0.0,0.0,-0.4973274834964666,0.0,-0.18292792066568647
0.0008000000000000007,0.3490658503988659,0.0,0.0,-0.4976695036397923,0.0,-0.18198822804490056
-0.00019999999999999928,0.3490658503988659,0.0,0.0,-0.49801152378311797,0.0,-0.18104853542411467
-0.0011999999999999992,0.3490658503988659,0.0,0.0,-0.4983535439264436,0.0,-0.18010884280332876
-0.0021999999999999993,0.3490658503988659,0.0,0.0,-0.4986955640697693,0.0,-0.17916915018254284
-0.0031999999999999993,0.3490658503988659,0.0,0.0,-0.49903758421309496,0.0,-0.17822945756175693
-0.004199999999999999,0.3490658503988659,0.0,0.0,-0.49937960435642065,0.0,-0.17728976494097104
-0.005199999999999999,0.3490658503988659,0.0,0.0,-0.4997216244997463,0.0,-0.17635007232018513
-0.006199999999999999,0.3490658503988659,0.0,0.0,-0.500063644643072,0.0,-0.1754103796993992
-0.007199999999999999,0.3490658503988659,0.0,0.0,-0.5004056647863976,0.0,-0.1744706870786133
-0.008199999999999999,0.3490658503988659,0.0,0.0,-0.5007476849297233,0.0,-0.17353099445782738
-0.0092,0.3490658503988659,0.0,0.0,-0.501089705073049,0.0,-0.1725913018370415
-0.010199999999999999,0.3490658503988659,0.0,0.0,-0.5014317252163747,0.0,-0.17165160921625558
-0.0112,0.3490658503988659,0.0,0.0,-0.5017737453597003,0.0,-0.17071191659546966
-0.012199999999999999,0.3490658503988659,0.0,0.0,-0.502115765503026,0.0,-0.16977222397468375
-0.0132,0.3490658503988659,0.0,0.0,-0.5024577856463517,0.0,-0.16883253135389786
-0.014199999999999999,0.3490658503988659,0.0,0.0,-0.5027998057896773,0.0,-0.16789283873311195
-0.0152,0.3490658503988659,0.0,0.0,-0.5031418259330029,0.0,-0.16695314611232603
-0.0162,0.3490658503988659,0.0,0.0,-0.5034838460763287,0.0,-0.16601345349154012
-0.0172,0.3490658503988659,0.0,0.0,-0.5038258662196543,0.0,-0.1650737608707542
-0.0182,0.3490658503988659,0.0,0.0,-0.5041678863629799,0.0,-0.16413406824996832
-0.0192,0.3490658503988659,0.0,0.0,-0.5045099065063057,0.0,-0.1631943756291824
-0.0202,0.3490658503988659,0.0,0.0,-0.5048519266496313,0.0,-0.1622546830083965
-0.0212,0.3490658503988659,0.0,0.0,-0.505193946792957,0.0,-0.16131499038761057
-0.0222,0.3490658503988659,0.0,0.0,-0.5055359669362827,0.0,-0.1603752977668247
-0.0232,0.3490658503988659,0.0,0.0,-0.5058779870796083,0.0,-0.15943560514603877
-0.0242,0.3490658503988659,0.0,0.0,-0.506220007222934,0.0,-0.15849591252525286
-0.0252,0.3490658503988659,0.0,0.0,-0.5065620273662597,0.0,-0.15755621990446694
-0.026199999999999998,0.3490658503988659,0.0,0.0,-0.5069040475095853,0.0,-0.15661652728368103
-0.0272,0.3490658503988659,0.0,0.0,-0.507246067652911,0.0,-0.15567683466289514
-0.0282,0.3490658503988659,0.0,0.0,-0.5075880877962367,0.0,-0.15473714204210923
-0.0292,0.3490658503988659,0.0,0.0,-0.5079301079395624,0.0,-0.1537974494213233
-0.030199999999999998,0.3490658503988659,0.0,0.0,-0.508272128082888,0.0,-0.1528577568005374
-0.0312,0.3490658503988659,0.0,0.0,-0.5086141482262136,0.0,-0.1519180641797515
-0.0322,0.3490658503988659,0.0,0.0,-0.5089561683695394,0.0,-0.1509783715589656
-0.0332,0.3490658503988659,0.0,0.0,-0.509298188512865,0.0,-0.15003867893817968
-0.0342,0.3490658503988659,0.0,0.0,-0.5096402086561906,0.0,-0.14909898631739377
-0.0352,0.3490658503988659,0.0,0.0,-0.5099822287995164,0.0,-0.14815929369660785
-0.0362,0.3490658503988659,0.0,0.0,-0.510324248942842,0.0,-0.14721960107582197
-0.037200000000000004,0.3490658503988659,0.0,0.0,-0.5106662690861677,0.0,-0.14627990845503605
-0.038200000000000005,0.3490658503988659,0.0,0.0,-0.5110082892294934,0.0,-0.14534021583425014
-0.039200000000000006,0.3490658503988659,0.0,0.0,-0.511350309372819,0.0,-0.14440052321346422
-0.0402,0.3490658503988659,0.0,0.0,-0.5116923295161447,0.0,-0.14346083059267833
-0.0412,0.3490658503988659,0.0,0.0,-0.5120343496594704,0.0,-0.14252113797189242
-0.0422,0.3490658503988659,0.0,0.0,-0.512376369802796,0.0,-0.1415814453511065
-0.0432,0.3490658503988659,0.0,0.0,-0.5127183899461217,0.0,-0.1406417527303206
-0.0442,0.3490658503988659,0.0,0.0,-0.5130604100894474,0.0,-0.13970206010953468
-0.045200000000000004,0.3490658503988659,0.0,0.0,-0.5134024302327731,0.0,-0.1387623674887488
-0.046200000000000005,0.3490658503988659,0.0,0.0,-0.5137444503760987,0.0,-0.13782267486796287
-0.047200000000000006,0.3490658503988659,0.0,0.0,-0.5140864705194244,0.0,-0.13688298224717696
-0.0482,0.3490658503988659,0.0,0.0,-0.5144284906627501,0.0,-0.13594328962639107
-0.0492,0.3490658503988659,0.0,0.0,-0.5147705108060757,0.0,-0.13500359700560516
-0.0502,0.3490658503988659,0.0,0.0,-0.5151125309494013,0.0,-0.13406390438481924
-0.0512,0.3490658503988659,0.0,0.0,-0.5154545510927271,0.0,-0.13312421176403333
-0.0522,0.3490658503988659,0.0,0.0,-0.5157965712360527,0.0,-0.13218451914324741
-0.053200000000000004,0.3490658503988659,0.0,0.0,-0.5161385913793783,0.0,-0.1312448265224615
-0.054200000000000005,0.3490658503988659,0.0,0.0,-0.5164806115227041,0.0,-0.1303051339016756
-0.055200000000000006,0.3490658503988659,0.0,0.0,-0.5168226316660297,0.0,-0.1293654412808897
-0.060200000000000004,0.3490658503988659,0.0,0.0,-0.5185327323826581,0.0,-0.12466697817696015
-0.06520000000000001,0.3490658503988659,0.0,0.0,-0.5202428330992864,0.0,-0.11996851507303061
-0.0702,0.3490658503988659,0.0,0.0,-0.5219529338159148,0.0,-0.11527005196910108
-0.0752,0.3490658503988659,0.0,0.0,-0.5236630345325431,0.0,-0.11057158886517153
-0.08020000000000001,0.3490658503988659,0.0,0.0,-0.5253731352491715,0.0,-0.10587312576124198
-0.0852,0.3490658503988659,0.0,0.0,-0.5270832359657998,0.0,-0.10117466265731245
-0.0902,0.3490658503988659,0.0,0.0,-0.5287933366824281,0.0,-0.09647619955338291
-0.0952,0.3490658503988659,0.0,0.0,-0.5305034373990565,0.0,-0.09177773644945336
-0.1002,0.3490658503988659,0.0,0.0,-0.5322135381156848,0.0,-0.08707927334552382
-0.1052,0.3490658503988659,0.0,0.0,-0.5339236388323132,0.0,-0.08238081024159427
-0.1102,0.3490658503988659,0.0,0.0,-0.5356337395489416,0.0,-0.07768234713766473
-0.1152,0.3490658503988659,0.0,0.0,-0.5373438402655698,0.0,-0.0729838840337352
-0.1202,0.3490658503988659,0.0,0.0,-0.5390539409821982,0.0,-0.06828542092980565
-0.1252,0.3490658503988659,0.0,0.0,-0.5407640416988265,0.0,-0.06358695782587612
-0.13019999999999998,0.3490658503988659,0.0,0.0,-0.5424741424154549,0.0,-0.05888849472194657
-0.1352,0.3490658503988659,0.0,0.0,-0.5441842431320832,0.0,-0.054190031618017026
-0.1402,0.3490658503988659,0.0,0.0,-0.5458943438487116,0.0,-0.04949156851408748
-0.1452,0.3490658503988659,0.0,0.0,-0.54760444456534,0.0,-0.044793105410157935
-0.1502,0.3490658503988659,0.0,0.0,-0.5493145452819682,0.0,-0.04009464230622839
-0.15519999999999998,0.3490658503988659,0.0,0.0,-0.5510246459985966,0.0,-0.03539617920229887
